manual_capture_2026-01-07T04:41:48.281Z.jpg,2026-01-07 10:11:51,2,690
manual_capture_2026-01-07T04:41:50.313Z.jpg,2026-01-07 10:11:52,2,679
manual_capture_2026-01-07T04:41:53.382Z.jpg,2026-01-07 10:11:56,3,708
manual_capture_2026-01-07T04:41:55.211Z.jpg,2026-01-07 10:11:56,2,639
manual_capture_2026-01-07T04:41:57.708Z.jpg,2026-01-07 10:12:00,0,638
manual_capture_2026-01-07T04:41:59.055Z.jpg,2026-01-07 10:12:01,8,813
manual_capture_2026-01-07T04:42:05.499Z.jpg,2026-01-07 10:12:07,0,657
manual_capture_2026-01-07T04:42:06.237Z.jpg,2026-01-07 10:12:08,2,668
manual_capture_2026-01-07T04:42:19.504Z.jpg,2026-01-07 10:12:21,2,656
manual_capture_2026-01-07T04:42:34.442Z.jpg,2026-01-07 10:12:37,1,701
manual_capture_2026-01-07T04:42:34.690Z.jpg,2026-01-07 10:12:37,2,709
manual_capture_2026-01-07T04:42:35.853Z.jpg,2026-01-07 10:12:38,4,639
manual_capture_2026-01-07T04:42:39.280Z.jpg,2026-01-07 10:12:42,6,680
manual_capture_2026-01-07T04:42:39.974Z.jpg,2026-01-07 10:12:42,2,654
manual_capture_2026-01-07T04:42:48.112Z.jpg,2026-01-07 10:12:49,3,660
manual_capture_2026-01-07T04:42:48.113Z.jpg,2026-01-07 10:12:50,4,663
manual_capture_2026-01-07T04:42:51.264Z.jpg,2026-01-07 10:12:53,1,631
manual_capture_2026-01-07T04:42:51.872Z.jpg,2026-01-07 10:12:54,2,670
manual_capture_2026-01-07T04:42:51.919Z.jpg,2026-01-07 10:12:55,2,688
manual_capture_2026-01-07T04:42:53.022Z.jpg,2026-01-07 10:12:55,3,634
manual_capture_2026-01-07T04:42:55.147Z.jpg,2026-01-07 10:12:59,7,764
manual_capture_2026-01-07T04:42:55.280Z.jpg,2026-01-07 10:13:00,5,618
manual_capture_2026-01-07T04:42:56.250Z.jpg,2026-01-07 10:13:00,5,671
manual_capture_2026-01-07T04:42:56.914Z.jpg,2026-01-07 10:13:01,1,653
manual_capture_2026-01-07T04:42:59.045Z.jpg,2026-01-07 10:13:05,5,671
manual_capture_2026-01-07T04:42:59.691Z.jpg,2026-01-07 10:13:05,2,660
manual_capture_2026-01-07T04:43:03.479Z.jpg,2026-01-07 10:13:06,2,667
manual_capture_2026-01-07T04:43:09.208Z.jpg,2026-01-07 10:13:10,4,693
manual_capture_2026-01-07T04:43:10.302Z.jpg,2026-01-07 10:13:13,4,726
manual_capture_2026-01-07T04:43:20.063Z.jpg,2026-01-07 10:13:23,1,663
manual_capture_2026-01-07T04:43:23.075Z.jpg,2026-01-07 10:13:27,3,641
manual_capture_2026-01-07T04:43:24.698Z.jpg,2026-01-07 10:13:27,1,595
manual_capture_2026-01-07T04:44:27.280Z.jpg,2026-01-07 10:14:28,5,699
manual_capture_2026-01-07T04:44:44.691Z.jpg,2026-01-07 10:14:47,2,670
manual_capture_2026-01-07T04:44:57.802Z.jpg,2026-01-07 10:14:59,3,666
manual_capture_2026-01-07T04:45:23.659Z.jpg,2026-01-07 10:15:24,8,835
manual_capture_2026-01-07T04:45:30.676Z.jpg,2026-01-07 10:15:31,8,717
manual_capture_2026-01-07T04:45:33.354Z.jpg,2026-01-07 10:15:35,10,681
manual_capture_2026-01-07T04:45:45.786Z.jpg,2026-01-07 10:15:47,8,688
manual_capture_2026-01-07T04:45:59.975Z.jpg,2026-01-07 10:16:03,8,668
manual_capture_2026-01-07T04:46:04.893Z.jpg,2026-01-07 10:16:07,6,673
manual_capture_2026-01-07T04:46:06.811Z.jpg,2026-01-07 10:16:10,6,681
manual_capture_2026-01-07T04:46:25.500Z.jpg,2026-01-07 10:16:26,4,671
manual_capture_2026-01-07T04:46:29.387Z.jpg,2026-01-07 10:16:30,6,678
manual_capture_2026-01-07T04:46:31.799Z.jpg,2026-01-07 10:16:34,7,705
manual_capture_2026-01-07T04:46:31.801Z.jpg,2026-01-07 10:16:34,9,693
manual_capture_2026-01-07T04:47:09.074Z.jpg,2026-01-07 10:17:11,3,684
manual_capture_2026-01-07T04:47:09.524Z.jpg,2026-01-07 10:17:12,3,638
manual_capture_2026-01-07T04:47:10.162Z.jpg,2026-01-07 10:17:12,1,628
manual_capture_2026-01-07T04:47:14.098Z.jpg,2026-01-07 10:17:16,3,670
manual_capture_2026-01-07T04:47:17.104Z.jpg,2026-01-07 10:17:20,4,704
manual_capture_2026-01-07T04:47:20.018Z.jpg,2026-01-07 10:17:23,6,649
manual_capture_2026-01-07T04:47:28.541Z.jpg,2026-01-07 10:17:30,4,649
manual_capture_2026-01-07T04:47:31.093Z.jpg,2026-01-07 10:17:34,7,692
manual_capture_2026-01-07T04:47:31.717Z.jpg,2026-01-07 10:17:34,6,663
manual_capture_2026-01-07T04:47:44.346Z.jpg,2026-01-07 10:17:47,5,658
manual_capture_2026-01-07T04:47:44.371Z.jpg,2026-01-07 10:17:48,4,607
manual_capture_2026-01-07T04:47:46.479Z.jpg,2026-01-07 10:17:48,4,628
manual_capture_2026-01-07T04:47:52.515Z.jpg,2026-01-07 10:17:55,2,657
manual_capture_2026-01-07T04:47:54.374Z.jpg,2026-01-07 10:17:56,3,631
manual_capture_2026-01-07T04:47:58.831Z.jpg,2026-01-07 10:17:59,3,658
manual_capture_2026-01-07T04:48:00.681Z.jpg,2026-01-07 10:18:03,5,682
manual_capture_2026-01-07T04:48:01.140Z.jpg,2026-01-07 10:18:04,4,617
manual_capture_2026-01-07T04:48:01.556Z.jpg,2026-01-07 10:18:04,5,646
manual_capture_2026-01-07T04:48:02.367Z.jpg,2026-01-07 10:18:05,3,636
manual_capture_2026-01-07T04:48:02.955Z.jpg,2026-01-07 10:18:08,4,671
manual_capture_2026-01-07T04:48:03.387Z.jpg,2026-01-07 10:18:09,7,630
manual_capture_2026-01-07T04:48:03.472Z.jpg,2026-01-07 10:18:10,6,648
manual_capture_2026-01-07T04:48:04.021Z.jpg,2026-01-07 10:18:10,5,624
manual_capture_2026-01-07T04:48:05.113Z.jpg,2026-01-07 10:18:11,4,687
manual_capture_2026-01-07T04:48:05.604Z.jpg,2026-01-07 10:18:12,6,633
manual_capture_2026-01-07T04:48:05.641Z.jpg,2026-01-07 10:18:12,4,602
manual_capture_2026-01-07T04:48:05.932Z.jpg,2026-01-07 10:18:13,6,700
manual_capture_2026-01-07T04:48:06.728Z.jpg,2026-01-07 10:18:14,6,634
manual_capture_2026-01-07T04:48:07.483Z.jpg,2026-01-07 10:18:14,5,652
manual_capture_2026-01-07T04:48:07.780Z.jpg,2026-01-07 10:18:15,5,623
manual_capture_2026-01-07T04:48:07.938Z.jpg,2026-01-07 10:18:16,5,632
manual_capture_2026-01-07T04:48:11.523Z.jpg,2026-01-07 10:18:19,4,682
manual_capture_2026-01-07T04:48:16.897Z.jpg,2026-01-07 10:18:20,8,614
manual_capture_2026-01-07T04:48:16.947Z.jpg,2026-01-07 10:18:21,5,640
manual_capture_2026-01-07T04:48:22.315Z.jpg,2026-01-07 10:18:24,5,666
manual_capture_2026-01-07T04:48:22.374Z.jpg,2026-01-07 10:18:25,5,646
manual_capture_2026-01-07T04:48:22.931Z.jpg,2026-01-07 10:18:25,6,648
manual_capture_2026-01-07T04:48:24.306Z.jpg,2026-01-07 10:18:29,6,668
manual_capture_2026-01-07T04:48:25.390Z.jpg,2026-01-07 10:18:30,5,607
manual_capture_2026-01-07T04:48:30.982Z.jpg,2026-01-07 10:18:33,5,665
manual_capture_2026-01-07T04:48:32.929Z.jpg,2026-01-07 10:18:34,5,673
manual_capture_2026-01-07T04:48:33.870Z.jpg,2026-01-07 10:18:38,6,711
manual_capture_2026-01-07T04:48:34.427Z.jpg,2026-01-07 10:18:38,6,623
manual_capture_2026-01-07T04:48:35.409Z.jpg,2026-01-07 10:18:39,4,606
manual_capture_2026-01-07T04:48:35.790Z.jpg,2026-01-07 10:18:40,3,616
manual_capture_2026-01-07T04:48:37.279Z.jpg,2026-01-07 10:18:40,5,672
manual_capture_2026-01-07T04:48:37.504Z.jpg,2026-01-07 10:18:41,5,621
manual_capture_2026-01-07T04:48:38.206Z.jpg,2026-01-07 10:18:45,3,727
manual_capture_2026-01-07T04:48:38.618Z.jpg,2026-01-07 10:18:45,3,672
manual_capture_2026-01-07T04:48:39.057Z.jpg,2026-01-07 10:18:46,4,654
manual_capture_2026-01-07T04:48:39.538Z.jpg,2026-01-07 10:18:47,4,641
manual_capture_2026-01-07T04:48:39.614Z.jpg,2026-01-07 10:18:47,3,668
manual_capture_2026-01-07T04:48:39.658Z.jpg,2026-01-07 10:18:48,2,630
manual_capture_2026-01-07T04:48:40.260Z.jpg,2026-01-07 10:18:49,6,652
manual_capture_2026-01-07T04:48:41.080Z.jpg,2026-01-07 10:18:49,5,627
manual_capture_2026-01-07T04:48:41.723Z.jpg,2026-01-07 10:18:50,4,657
manual_capture_2026-01-07T04:48:45.230Z.jpg,2026-01-07 10:18:54,4,669
manual_capture_2026-01-07T04:48:49.038Z.jpg,2026-01-07 10:18:54,8,676
manual_capture_2026-01-07T04:48:52.051Z.jpg,2026-01-07 10:18:55,6,665
manual_capture_2026-01-07T04:48:52.116Z.jpg,2026-01-07 10:18:56,6,685
manual_capture_2026-01-07T04:49:00.159Z.jpg,2026-01-07 10:19:02,5,648
manual_capture_2026-01-07T04:49:00.663Z.jpg,2026-01-07 10:19:03,5,641
manual_capture_2026-01-07T04:49:04.716Z.jpg,2026-01-07 10:19:07,6,707
manual_capture_2026-01-07T04:49:05.132Z.jpg,2026-01-07 10:19:07,5,650
manual_capture_2026-01-07T04:49:08.635Z.jpg,2026-01-07 10:19:11,7,664
manual_capture_2026-01-07T04:49:10.343Z.jpg,2026-01-07 10:19:12,6,664
manual_capture_2026-01-07T04:49:12.935Z.jpg,2026-01-07 10:19:15,10,793
manual_capture_2026-01-07T04:49:12.936Z.jpg,2026-01-07 10:19:16,7,725
manual_capture_2026-01-07T04:49:13.273Z.jpg,2026-01-07 10:19:17,5,626
manual_capture_2026-01-07T04:49:16.017Z.jpg,2026-01-07 10:19:21,7,709
manual_capture_2026-01-07T04:49:16.193Z.jpg,2026-01-07 10:19:21,8,670
manual_capture_2026-01-07T04:49:16.518Z.jpg,2026-01-07 10:19:22,10,708
manual_capture_2026-01-07T04:49:16.659Z.jpg,2026-01-07 10:19:23,5,637
manual_capture_2026-01-07T04:49:17.399Z.jpg,2026-01-07 10:19:23,5,697
manual_capture_2026-01-07T04:49:19.818Z.jpg,2026-01-07 10:19:24,7,665
manual_capture_2026-01-07T04:49:20.374Z.jpg,2026-01-07 10:19:28,5,651
manual_capture_2026-01-07T04:49:22.784Z.jpg,2026-01-07 10:19:28,7,623
manual_capture_2026-01-07T04:49:22.956Z.jpg,2026-01-07 10:19:29,4,656
manual_capture_2026-01-07T04:49:28.443Z.jpg,2026-01-07 10:19:33,6,682
manual_capture_2026-01-07T04:49:29.406Z.jpg,2026-01-07 10:19:33,4,622
manual_capture_2026-01-07T04:49:38.911Z.jpg,2026-01-07 10:19:40,7,672
manual_capture_2026-01-07T04:50:05.789Z.jpg,2026-01-07 10:20:08,2,676
manual_capture_2026-01-07T04:50:08.693Z.jpg,2026-01-07 10:20:11,3,708
manual_capture_2026-01-07T04:50:55.623Z.jpg,2026-01-07 10:20:57,6,662
manual_capture_2026-01-07T04:50:56.551Z.jpg,2026-01-07 10:20:58,4,617
manual_capture_2026-01-07T04:51:12.949Z.jpg,2026-01-07 10:21:13,4,684
manual_capture_2026-01-07T04:51:15.558Z.jpg,2026-01-07 10:21:17,8,749
manual_capture_2026-01-07T04:51:20.914Z.jpg,2026-01-07 10:21:24,2,639
manual_capture_2026-01-07T04:51:22.371Z.jpg,2026-01-07 10:21:24,6,632
manual_capture_2026-01-07T04:51:35.239Z.jpg,2026-01-07 10:21:37,4,659
manual_capture_2026-01-07T04:51:36.259Z.jpg,2026-01-07 10:21:38,3,657
manual_capture_2026-01-07T04:51:38.985Z.jpg,2026-01-07 10:21:41,3,693
manual_capture_2026-01-07T04:51:39.888Z.jpg,2026-01-07 10:21:42,2,696
manual_capture_2026-01-07T04:51:39.944Z.jpg,2026-01-07 10:21:43,5,727
manual_capture_2026-01-07T04:51:40.073Z.jpg,2026-01-07 10:21:44,5,717
manual_capture_2026-01-07T04:51:40.255Z.jpg,2026-01-07 10:21:44,6,632
manual_capture_2026-01-07T04:51:41.085Z.jpg,2026-01-07 10:21:45,4,641
manual_capture_2026-01-07T04:51:41.419Z.jpg,2026-01-07 10:21:49,5,666
manual_capture_2026-01-07T04:51:43.638Z.jpg,2026-01-07 10:21:49,5,644
manual_capture_2026-01-07T04:51:44.821Z.jpg,2026-01-07 10:21:50,4,628
manual_capture_2026-01-07T04:51:45.586Z.jpg,2026-01-07 10:21:50,1,604
manual_capture_2026-01-07T04:51:46.696Z.jpg,2026-01-07 10:21:51,7,703
manual_capture_2026-01-07T04:51:47.405Z.jpg,2026-01-07 10:21:52,5,625
manual_capture_2026-01-07T04:51:47.520Z.jpg,2026-01-07 10:21:52,7,621
manual_capture_2026-01-07T04:51:49.581Z.jpg,2026-01-07 10:21:56,6,645
manual_capture_2026-01-07T04:51:49.698Z.jpg,2026-01-07 10:21:57,8,643
manual_capture_2026-01-07T04:51:51.113Z.jpg,2026-01-07 10:21:57,3,604
manual_capture_2026-01-07T04:51:53.160Z.jpg,2026-01-07 10:21:58,7,631
manual_capture_2026-01-07T04:51:53.304Z.jpg,2026-01-07 10:21:59,6,638
manual_capture_2026-01-07T04:51:58.623Z.jpg,2026-01-07 10:22:02,4,640
manual_capture_2026-01-07T04:52:00.183Z.jpg,2026-01-07 10:22:03,5,608
manual_capture_2026-01-07T04:52:03.496Z.jpg,2026-01-07 10:22:07,5,666
manual_capture_2026-01-07T04:52:03.738Z.jpg,2026-01-07 10:22:07,6,636
manual_capture_2026-01-07T04:52:05.041Z.jpg,2026-01-07 10:22:08,5,632
manual_capture_2026-01-07T04:52:06.778Z.jpg,2026-01-07 10:22:11,6,652
manual_capture_2026-01-07T04:52:10.263Z.jpg,2026-01-07 10:22:12,7,628
manual_capture_2026-01-07T04:52:10.378Z.jpg,2026-01-07 10:22:13,6,632
manual_capture_2026-01-07T04:52:10.920Z.jpg,2026-01-07 10:22:13,7,629
manual_capture_2026-01-07T04:52:12.696Z.jpg,2026-01-07 10:22:17,7,676
manual_capture_2026-01-07T04:52:13.254Z.jpg,2026-01-07 10:22:18,5,628
manual_capture_2026-01-07T04:52:13.331Z.jpg,2026-01-07 10:22:18,8,609
manual_capture_2026-01-07T04:52:16.416Z.jpg,2026-01-07 10:22:19,5,665
manual_capture_2026-01-07T04:52:16.995Z.jpg,2026-01-07 10:22:23,7,656
manual_capture_2026-01-07T04:52:17.034Z.jpg,2026-01-07 10:22:23,8,652
manual_capture_2026-01-07T04:52:17.275Z.jpg,2026-01-07 10:22:24,6,619
manual_capture_2026-01-07T04:52:18.771Z.jpg,2026-01-07 10:22:25,7,633
manual_capture_2026-01-07T04:52:20.116Z.jpg,2026-01-07 10:22:25,7,622
manual_capture_2026-01-07T04:52:20.459Z.jpg,2026-01-07 10:22:26,7,658
manual_capture_2026-01-07T04:52:20.583Z.jpg,2026-01-07 10:22:26,5,630
manual_capture_2026-01-07T04:52:21.230Z.jpg,2026-01-07 10:22:27,7,623
manual_capture_2026-01-07T04:52:22.450Z.jpg,2026-01-07 10:22:31,6,670
manual_capture_2026-01-07T04:52:22.692Z.jpg,2026-01-07 10:22:31,7,624
manual_capture_2026-01-07T04:52:25.006Z.jpg,2026-01-07 10:22:32,3,627
manual_capture_2026-01-07T04:52:26.810Z.jpg,2026-01-07 10:22:33,5,635
manual_capture_2026-01-07T04:52:28.495Z.jpg,2026-01-07 10:22:33,6,635
manual_capture_2026-01-07T04:52:29.930Z.jpg,2026-01-07 10:22:34,7,636
manual_capture_2026-01-07T04:52:30.647Z.jpg,2026-01-07 10:22:38,8,667
manual_capture_2026-01-07T04:52:30.999Z.jpg,2026-01-07 10:22:38,5,635
manual_capture_2026-01-07T04:52:32.942Z.jpg,2026-01-07 10:22:39,8,667
manual_capture_2026-01-07T04:52:33.039Z.jpg,2026-01-07 10:22:40,11,686
manual_capture_2026-01-07T04:52:35.557Z.jpg,2026-01-07 10:22:40,6,624
manual_capture_2026-01-07T04:52:37.087Z.jpg,2026-01-07 10:22:41,9,664
manual_capture_2026-01-07T04:52:37.088Z.jpg,2026-01-07 10:22:41,6,620
manual_capture_2026-01-07T04:52:37.279Z.jpg,2026-01-07 10:22:42,4,623
manual_capture_2026-01-07T04:52:37.889Z.jpg,2026-01-07 10:22:46,5,847
manual_capture_2026-01-07T04:52:38.214Z.jpg,2026-01-07 10:22:47,6,769
manual_capture_2026-01-07T04:52:38.647Z.jpg,2026-01-07 10:22:47,7,756
manual_capture_2026-01-07T04:52:39.051Z.jpg,2026-01-07 10:22:48,7,706
manual_capture_2026-01-07T04:52:41.112Z.jpg,2026-01-07 10:22:49,4,638
manual_capture_2026-01-07T04:52:41.921Z.jpg,2026-01-07 10:22:49,2,618
manual_capture_2026-01-07T04:52:41.962Z.jpg,2026-01-07 10:22:50,4,608
manual_capture_2026-01-07T04:52:43.884Z.jpg,2026-01-07 10:22:51,6,633
manual_capture_2026-01-07T04:52:43.890Z.jpg,2026-01-07 10:22:51,7,674
manual_capture_2026-01-07T04:52:45.501Z.jpg,2026-01-07 10:22:52,3,639
manual_capture_2026-01-07T04:52:45.563Z.jpg,2026-01-07 10:22:53,7,624
manual_capture_2026-01-07T04:52:46.202Z.jpg,2026-01-07 10:22:56,6,668
manual_capture_2026-01-07T04:52:46.310Z.jpg,2026-01-07 10:22:57,8,642
manual_capture_2026-01-07T04:52:48.159Z.jpg,2026-01-07 10:22:58,5,625
manual_capture_2026-01-07T04:52:48.567Z.jpg,2026-01-07 10:22:58,8,614
manual_capture_2026-01-07T04:52:49.301Z.jpg,2026-01-07 10:22:59,4,625
manual_capture_2026-01-07T04:52:55.862Z.jpg,2026-01-07 10:22:59,2,630
manual_capture_2026-01-07T04:52:59.286Z.jpg,2026-01-07 10:23:03,5,671
manual_capture_2026-01-07T04:53:00.029Z.jpg,2026-01-07 10:23:04,6,638
manual_capture_2026-01-07T04:53:14.466Z.jpg,2026-01-07 10:23:16,6,658
manual_capture_2026-01-07T04:53:15.533Z.jpg,2026-01-07 10:23:17,2,621
manual_capture_2026-01-07T04:53:16.157Z.jpg,2026-01-07 10:23:18,1,622
manual_capture_2026-01-07T04:53:16.409Z.jpg,2026-01-07 10:23:21,4,659
manual_capture_2026-01-07T04:53:16.719Z.jpg,2026-01-07 10:23:22,5,627
manual_capture_2026-01-07T04:53:16.722Z.jpg,2026-01-07 10:23:23,1,631
manual_capture_2026-01-07T04:53:17.007Z.jpg,2026-01-07 10:23:23,1,626
manual_capture_2026-01-07T04:53:17.176Z.jpg,2026-01-07 10:23:24,1,613
manual_capture_2026-01-07T04:53:19.321Z.jpg,2026-01-07 10:23:25,2,604
manual_capture_2026-01-07T04:53:20.654Z.jpg,2026-01-07 10:23:25,1,599
manual_capture_2026-01-07T04:53:21.974Z.jpg,2026-01-07 10:23:29,8,657
manual_capture_2026-01-07T04:53:22.659Z.jpg,2026-01-07 10:23:29,3,625
manual_capture_2026-01-07T04:53:26.677Z.jpg,2026-01-07 10:23:30,2,625
manual_capture_2026-01-07T04:53:27.262Z.jpg,2026-01-07 10:23:31,3,622
manual_capture_2026-01-07T04:53:27.463Z.jpg,2026-01-07 10:23:31,3,629
manual_capture_2026-01-07T04:53:32.953Z.jpg,2026-01-07 10:23:35,3,667
manual_capture_2026-01-07T04:53:33.012Z.jpg,2026-01-07 10:23:36,3,627
manual_capture_2026-01-07T04:53:33.345Z.jpg,2026-01-07 10:23:36,3,612
manual_capture_2026-01-07T04:53:34.772Z.jpg,2026-01-07 10:23:37,3,620
manual_capture_2026-01-07T04:53:34.956Z.jpg,2026-01-07 10:23:40,3,662
manual_capture_2026-01-07T04:53:35.217Z.jpg,2026-01-07 10:23:41,2,632
manual_capture_2026-01-07T04:53:39.075Z.jpg,2026-01-07 10:23:42,3,630
manual_capture_2026-01-07T04:53:39.076Z.jpg,2026-01-07 10:23:42,4,629
manual_capture_2026-01-07T04:53:39.233Z.jpg,2026-01-07 10:23:43,7,672
manual_capture_2026-01-07T04:53:45.524Z.jpg,2026-01-07 10:23:47,7,664
manual_capture_2026-01-07T04:53:45.553Z.jpg,2026-01-07 10:23:47,5,646
manual_capture_2026-01-07T04:53:49.422Z.jpg,2026-01-07 10:23:51,0,631
manual_capture_2026-01-07T04:53:52.580Z.jpg,2026-01-07 10:23:55,4,641
manual_capture_2026-01-07T04:53:55.626Z.jpg,2026-01-07 10:23:58,5,641
manual_capture_2026-01-07T04:54:10.737Z.jpg,2026-01-07 10:24:11,2,665
manual_capture_2026-01-07T04:54:16.728Z.jpg,2026-01-07 10:24:18,3,691
manual_capture_2026-01-07T04:54:18.710Z.jpg,2026-01-07 10:24:21,4,657
manual_capture_2026-01-07T04:54:19.876Z.jpg,2026-01-07 10:24:22,1,595
manual_capture_2026-01-07T04:54:20.048Z.jpg,2026-01-07 10:24:23,1,599
manual_capture_2026-01-07T04:54:20.582Z.jpg,2026-01-07 10:24:23,2,629
manual_capture_2026-01-07T04:54:26.330Z.jpg,2026-01-07 10:24:27,4,700
manual_capture_2026-01-07T04:54:26.380Z.jpg,2026-01-07 10:24:28,4,631
manual_capture_2026-01-07T04:54:26.510Z.jpg,2026-01-07 10:24:28,5,630
manual_capture_2026-01-07T04:54:27.680Z.jpg,2026-01-07 10:24:32,5,666
manual_capture_2026-01-07T04:54:27.685Z.jpg,2026-01-07 10:24:32,4,615
manual_capture_2026-01-07T04:54:27.874Z.jpg,2026-01-07 10:24:33,5,614
manual_capture_2026-01-07T04:54:28.016Z.jpg,2026-01-07 10:24:34,6,641
manual_capture_2026-01-07T04:54:28.413Z.jpg,2026-01-07 10:24:34,5,655
manual_capture_2026-01-07T04:54:28.581Z.jpg,2026-01-07 10:24:35,3,622
manual_capture_2026-01-07T04:54:29.144Z.jpg,2026-01-07 10:24:36,4,628
manual_capture_2026-01-07T04:54:29.184Z.jpg,2026-01-07 10:24:36,3,614
manual_capture_2026-01-07T04:54:29.284Z.jpg,2026-01-07 10:24:37,4,674
manual_capture_2026-01-07T04:54:29.737Z.jpg,2026-01-07 10:24:38,3,639
manual_capture_2026-01-07T04:54:29.949Z.jpg,2026-01-07 10:24:38,5,615
manual_capture_2026-01-07T04:54:30.619Z.jpg,2026-01-07 10:24:39,6,611
manual_capture_2026-01-07T04:54:30.677Z.jpg,2026-01-07 10:24:39,3,615
manual_capture_2026-01-07T04:54:30.899Z.jpg,2026-01-07 10:24:40,2,637
manual_capture_2026-01-07T04:54:31.364Z.jpg,2026-01-07 10:24:41,1,641
manual_capture_2026-01-07T04:54:31.566Z.jpg,2026-01-07 10:24:41,3,630
manual_capture_2026-01-07T04:54:31.818Z.jpg,2026-01-07 10:24:45,2,676
manual_capture_2026-01-07T04:54:32.053Z.jpg,2026-01-07 10:24:46,2,617
manual_capture_2026-01-07T04:54:32.409Z.jpg,2026-01-07 10:24:46,4,622
manual_capture_2026-01-07T04:54:33.659Z.jpg,2026-01-07 10:24:47,3,622
manual_capture_2026-01-07T04:54:34.316Z.jpg,2026-01-07 10:24:48,3,639
manual_capture_2026-01-07T04:54:34.355Z.jpg,2026-01-07 10:24:48,3,649
manual_capture_2026-01-07T04:54:34.521Z.jpg,2026-01-07 10:24:49,5,642
manual_capture_2026-01-07T04:54:34.615Z.jpg,2026-01-07 10:24:49,2,619
manual_capture_2026-01-07T04:54:35.112Z.jpg,2026-01-07 10:24:50,4,615
manual_capture_2026-01-07T04:54:35.243Z.jpg,2026-01-07 10:24:51,4,637
manual_capture_2026-01-07T04:54:36.080Z.jpg,2026-01-07 10:24:51,5,638
manual_capture_2026-01-07T04:54:36.648Z.jpg,2026-01-07 10:24:52,5,633
manual_capture_2026-01-07T04:54:37.022Z.jpg,2026-01-07 10:24:53,6,630
manual_capture_2026-01-07T04:54:38.221Z.jpg,2026-01-07 10:24:53,4,629
manual_capture_2026-01-07T04:54:38.312Z.jpg,2026-01-07 10:24:54,3,616
manual_capture_2026-01-07T04:54:38.750Z.jpg,2026-01-07 10:24:54,3,618
manual_capture_2026-01-07T04:54:38.888Z.jpg,2026-01-07 10:24:55,2,628
manual_capture_2026-01-07T04:54:39.691Z.jpg,2026-01-07 10:24:56,4,628
manual_capture_2026-01-07T04:54:40.165Z.jpg,2026-01-07 10:24:56,4,625
manual_capture_2026-01-07T04:54:40.185Z.jpg,2026-01-07 10:24:57,3,646
manual_capture_2026-01-07T04:54:40.461Z.jpg,2026-01-07 10:24:58,4,640
manual_capture_2026-01-07T04:54:41.992Z.jpg,2026-01-07 10:24:58,4,613
manual_capture_2026-01-07T04:54:43.530Z.jpg,2026-01-07 10:24:59,3,670
manual_capture_2026-01-07T04:54:43.730Z.jpg,2026-01-07 10:25:00,4,650
manual_capture_2026-01-07T04:54:44.872Z.jpg,2026-01-07 10:25:03,5,664
manual_capture_2026-01-07T04:54:45.172Z.jpg,2026-01-07 10:25:04,4,632
manual_capture_2026-01-07T04:54:45.207Z.jpg,2026-01-07 10:25:05,4,624
manual_capture_2026-01-07T04:54:46.610Z.jpg,2026-01-07 10:25:05,4,623
manual_capture_2026-01-07T04:54:46.911Z.jpg,2026-01-07 10:25:06,3,630
manual_capture_2026-01-07T04:54:47.789Z.jpg,2026-01-07 10:25:06,2,604
manual_capture_2026-01-07T04:54:48.771Z.jpg,2026-01-07 10:25:07,5,638
manual_capture_2026-01-07T04:54:48.939Z.jpg,2026-01-07 10:25:08,2,625
manual_capture_2026-01-07T04:54:50.835Z.jpg,2026-01-07 10:25:08,2,630
manual_capture_2026-01-07T04:54:53.298Z.jpg,2026-01-07 10:25:09,4,618
manual_capture_2026-01-07T04:54:53.320Z.jpg,2026-01-07 10:25:10,3,638
manual_capture_2026-01-07T04:54:53.352Z.jpg,2026-01-07 10:25:10,3,606
manual_capture_2026-01-07T04:54:55.548Z.jpg,2026-01-07 10:25:11,3,621
manual_capture_2026-01-07T04:54:55.767Z.jpg,2026-01-07 10:25:11,3,626
manual_capture_2026-01-07T04:54:56.429Z.jpg,2026-01-07 10:25:12,5,671
manual_capture_2026-01-07T04:54:56.918Z.jpg,2026-01-07 10:25:13,3,626
manual_capture_2026-01-07T04:54:57.093Z.jpg,2026-01-07 10:25:13,4,673
manual_capture_2026-01-07T04:54:57.140Z.jpg,2026-01-07 10:25:14,6,661
manual_capture_2026-01-07T04:54:58.002Z.jpg,2026-01-07 10:25:15,7,650
manual_capture_2026-01-07T04:54:58.889Z.jpg,2026-01-07 10:25:15,6,653
manual_capture_2026-01-07T04:54:59.486Z.jpg,2026-01-07 10:25:16,4,642
manual_capture_2026-01-07T04:54:59.649Z.jpg,2026-01-07 10:25:17,7,651
manual_capture_2026-01-07T04:54:59.757Z.jpg,2026-01-07 10:25:17,5,658
manual_capture_2026-01-07T04:55:00.285Z.jpg,2026-01-07 10:25:18,3,776
manual_capture_2026-01-07T04:55:00.826Z.jpg,2026-01-07 10:25:19,6,633
manual_capture_2026-01-07T04:55:00.949Z.jpg,2026-01-07 10:25:19,0,0
manual_capture_2026-01-07T04:55:02.266Z.jpg,2026-01-07 10:25:19,0,0
manual_capture_2026-01-07T04:55:03.039Z.jpg,2026-01-07 10:25:19,0,0
manual_capture_2026-01-07T04:55:16.504Z.jpg,2026-01-07 10:25:22,4,712
manual_capture_2026-01-07T04:55:31.731Z.jpg,2026-01-07 10:25:32,1,626
manual_capture_2026-01-07T04:55:37.431Z.jpg,2026-01-07 10:25:39,5,657
manual_capture_2026-01-07T04:55:37.881Z.jpg,2026-01-07 10:25:39,3,637
manual_capture_2026-01-07T04:55:44.805Z.jpg,2026-01-07 10:25:46,4,671
manual_capture_2026-01-07T04:55:46.078Z.jpg,2026-01-07 10:25:50,4,663
manual_capture_2026-01-07T04:55:48.933Z.jpg,2026-01-07 10:25:50,6,657
manual_capture_2026-01-07T04:55:52.339Z.jpg,2026-01-07 10:25:54,5,632
manual_capture_2026-01-07T04:55:54.515Z.jpg,2026-01-07 10:25:58,7,661
manual_capture_2026-01-07T04:55:55.356Z.jpg,2026-01-07 10:25:58,7,617
manual_capture_2026-01-07T04:55:56.326Z.jpg,2026-01-07 10:25:59,9,648
manual_capture_2026-01-07T04:55:57.772Z.jpg,2026-01-07 10:26:03,8,642
manual_capture_2026-01-07T04:55:59.213Z.jpg,2026-01-07 10:26:03,6,614
manual_capture_2026-01-07T04:56:05.433Z.jpg,2026-01-07 10:26:07,2,646
manual_capture_2026-01-07T04:56:12.100Z.jpg,2026-01-07 10:26:14,5,673
manual_capture_2026-01-07T04:56:16.663Z.jpg,2026-01-07 10:26:17,2,658
manual_capture_2026-01-07T04:56:25.016Z.jpg,2026-01-07 10:26:27,7,658
manual_capture_2026-01-07T04:56:32.153Z.jpg,2026-01-07 10:26:34,6,657
manual_capture_2026-01-07T04:56:32.206Z.jpg,2026-01-07 10:26:34,5,631
manual_capture_2026-01-07T04:56:38.521Z.jpg,2026-01-07 10:26:41,4,656
manual_capture_2026-01-07T04:56:41.428Z.jpg,2026-01-07 10:26:45,7,643
manual_capture_2026-01-07T04:56:48.806Z.jpg,2026-01-07 10:26:51,11,719
manual_capture_2026-01-07T04:56:50.576Z.jpg,2026-01-07 10:26:52,5,632
manual_capture_2026-01-07T04:56:53.447Z.jpg,2026-01-07 10:26:56,1,652
manual_capture_2026-01-07T04:56:54.886Z.jpg,2026-01-07 10:26:56,5,665
manual_capture_2026-01-07T04:56:55.158Z.jpg,2026-01-07 10:26:57,3,622
manual_capture_2026-01-07T04:56:57.356Z.jpg,2026-01-07 10:27:01,6,648
manual_capture_2026-01-07T04:56:58.887Z.jpg,2026-01-07 10:27:01,8,660
manual_capture_2026-01-07T04:57:00.436Z.jpg,2026-01-07 10:27:05,10,690
manual_capture_2026-01-07T04:57:02.398Z.jpg,2026-01-07 10:27:06,6,623
manual_capture_2026-01-07T04:57:03.112Z.jpg,2026-01-07 10:27:06,6,633
manual_capture_2026-01-07T04:57:05.416Z.jpg,2026-01-07 10:27:10,4,667
manual_capture_2026-01-07T04:57:07.060Z.jpg,2026-01-07 10:27:10,7,638
manual_capture_2026-01-07T04:57:08.733Z.jpg,2026-01-07 10:27:11,9,719
manual_capture_2026-01-07T04:57:12.360Z.jpg,2026-01-07 10:27:15,6,650
manual_capture_2026-01-07T04:57:17.824Z.jpg,2026-01-07 10:27:19,8,650
manual_capture_2026-01-07T04:57:17.903Z.jpg,2026-01-07 10:27:19,5,614
manual_capture_2026-01-07T04:57:18.602Z.jpg,2026-01-07 10:27:23,10,674
manual_capture_2026-01-07T04:57:23.995Z.jpg,2026-01-07 10:27:27,10,693
manual_capture_2026-01-07T04:57:25.082Z.jpg,2026-01-07 10:27:27,8,642
manual_capture_2026-01-07T04:57:25.692Z.jpg,2026-01-07 10:27:28,7,625
manual_capture_2026-01-07T04:57:26.804Z.jpg,2026-01-07 10:27:31,8,689
manual_capture_2026-01-07T04:57:29.273Z.jpg,2026-01-07 10:27:32,13,633
manual_capture_2026-01-07T04:57:31.732Z.jpg,2026-01-07 10:27:36,11,666
manual_capture_2026-01-07T04:57:34.381Z.jpg,2026-01-07 10:27:36,11,665
manual_capture_2026-01-07T04:57:35.004Z.jpg,2026-01-07 10:27:37,13,691
manual_capture_2026-01-07T04:57:35.212Z.jpg,2026-01-07 10:27:38,14,680
manual_capture_2026-01-07T04:57:37.720Z.jpg,2026-01-07 10:27:41,7,650
manual_capture_2026-01-07T04:57:39.643Z.jpg,2026-01-07 10:27:42,9,622
manual_capture_2026-01-07T04:57:40.139Z.jpg,2026-01-07 10:27:43,9,632
manual_capture_2026-01-07T04:57:41.469Z.jpg,2026-01-07 10:27:46,10,649
manual_capture_2026-01-07T04:57:43.747Z.jpg,2026-01-07 10:27:47,9,631
manual_capture_2026-01-07T04:57:46.946Z.jpg,2026-01-07 10:27:51,11,684
manual_capture_2026-01-07T04:57:47.130Z.jpg,2026-01-07 10:27:51,8,657
manual_capture_2026-01-07T04:57:48.725Z.jpg,2026-01-07 10:27:52,9,656
manual_capture_2026-01-07T04:57:51.374Z.jpg,2026-01-07 10:27:56,14,673
manual_capture_2026-01-07T04:57:54.112Z.jpg,2026-01-07 10:27:56,13,629
manual_capture_2026-01-07T04:57:55.090Z.jpg,2026-01-07 10:27:57,9,627
manual_capture_2026-01-07T04:57:57.098Z.jpg,2026-01-07 10:28:01,7,664
manual_capture_2026-01-07T04:57:57.989Z.jpg,2026-01-07 10:28:01,13,649
manual_capture_2026-01-07T04:57:59.707Z.jpg,2026-01-07 10:28:02,8,624
manual_capture_2026-01-07T04:57:59.713Z.jpg,2026-01-07 10:28:03,9,649
manual_capture_2026-01-07T04:58:03.208Z.jpg,2026-01-07 10:28:06,7,701
manual_capture_2026-01-07T05:04:48.678Z.jpg,2026-01-07 10:35:20,9,1713
manual_capture_2026-01-07T05:04:50.432Z.jpg,2026-01-07 10:35:21,9,664
manual_capture_2026-01-07T05:04:59.366Z.jpg,2026-01-07 10:35:22,5,650
manual_capture_2026-01-07T05:05:02.668Z.jpg,2026-01-07 10:35:22,8,679
manual_capture_2026-01-07T05:05:06.962Z.jpg,2026-01-07 10:35:23,10,662
manual_capture_2026-01-07T05:05:10.233Z.jpg,2026-01-07 10:35:24,5,613
manual_capture_2026-01-07T05:05:11.684Z.jpg,2026-01-07 10:35:24,6,676
manual_capture_2026-01-07T05:05:12.597Z.jpg,2026-01-07 10:35:25,7,682
manual_capture_2026-01-07T05:05:15.555Z.jpg,2026-01-07 10:35:26,6,662
manual_capture_2026-01-07T05:05:16.630Z.jpg,2026-01-07 10:35:26,11,686
manual_capture_2026-01-07T05:05:20.289Z.jpg,2026-01-07 10:35:30,9,682
manual_capture_2026-01-07T05:05:57.114Z.jpg,2026-01-07 10:35:58,7,675
manual_capture_2026-01-07T05:05:58.385Z.jpg,2026-01-07 10:36:01,9,670
manual_capture_2026-01-07T05:06:05.458Z.jpg,2026-01-07 10:36:08,11,676
manual_capture_2026-01-07T05:06:10.187Z.jpg,2026-01-07 10:36:12,11,650
manual_capture_2026-01-07T05:06:13.039Z.jpg,2026-01-07 10:36:15,12,667
manual_capture_2026-01-07T05:06:14.959Z.jpg,2026-01-07 10:36:16,8,611
manual_capture_2026-01-07T05:06:15.425Z.jpg,2026-01-07 10:36:20,14,692
manual_capture_2026-01-07T05:06:22.273Z.jpg,2026-01-07 10:36:23,8,655
manual_capture_2026-01-07T05:06:22.399Z.jpg,2026-01-07 10:36:24,9,619
manual_capture_2026-01-07T05:06:22.916Z.jpg,2026-01-07 10:36:25,11,744
manual_capture_2026-01-07T05:06:23.647Z.jpg,2026-01-07 10:36:28,3,660
manual_capture_2026-01-07T05:06:30.522Z.jpg,2026-01-07 10:36:32,5,639
manual_capture_2026-01-07T05:06:46.948Z.jpg,2026-01-07 10:36:48,8,686
manual_capture_2026-01-07T05:06:48.647Z.jpg,2026-01-07 10:36:51,9,642
manual_capture_2026-01-07T05:06:48.705Z.jpg,2026-01-07 10:36:52,8,654
manual_capture_2026-01-07T05:06:54.264Z.jpg,2026-01-07 10:36:56,11,679
manual_capture_2026-01-07T05:06:56.228Z.jpg,2026-01-07 10:36:59,16,690
manual_capture_2026-01-07T05:06:58.023Z.jpg,2026-01-07 10:37:00,10,678
manual_capture_2026-01-07T05:06:58.489Z.jpg,2026-01-07 10:37:01,5,678
manual_capture_2026-01-07T05:06:59.556Z.jpg,2026-01-07 10:37:04,9,658
manual_capture_2026-01-07T05:07:00.012Z.jpg,2026-01-07 10:37:05,7,640
manual_capture_2026-01-07T05:07:00.812Z.jpg,2026-01-07 10:37:06,7,639
manual_capture_2026-01-07T05:07:02.284Z.jpg,2026-01-07 10:37:06,5,647
manual_capture_2026-01-07T05:07:03.802Z.jpg,2026-01-07 10:37:07,8,614
manual_capture_2026-01-07T05:07:04.798Z.jpg,2026-01-07 10:37:11,6,635
manual_capture_2026-01-07T05:07:06.706Z.jpg,2026-01-07 10:37:11,5,595
manual_capture_2026-01-07T05:07:08.636Z.jpg,2026-01-07 10:37:12,11,638
manual_capture_2026-01-07T05:07:09.107Z.jpg,2026-01-07 10:37:13,3,623
manual_capture_2026-01-07T05:07:12.920Z.jpg,2026-01-07 10:37:16,8,648
manual_capture_2026-01-07T05:07:16.913Z.jpg,2026-01-07 10:37:20,8,653
manual_capture_2026-01-07T05:07:19.967Z.jpg,2026-01-07 10:37:24,11,656
manual_capture_2026-01-07T05:07:27.976Z.jpg,2026-01-07 10:37:30,6,645
manual_capture_2026-01-07T05:07:28.021Z.jpg,2026-01-07 10:37:31,4,642
manual_capture_2026-01-07T05:07:32.253Z.jpg,2026-01-07 10:37:34,6,615
manual_capture_2026-01-07T05:07:32.644Z.jpg,2026-01-07 10:37:35,7,623
manual_capture_2026-01-07T05:07:37.298Z.jpg,2026-01-07 10:37:39,3,662
manual_capture_2026-01-07T05:07:48.536Z.jpg,2026-01-07 10:37:51,7,658
manual_capture_2026-01-07T05:07:49.635Z.jpg,2026-01-07 10:37:52,7,610
manual_capture_2026-01-07T05:07:53.728Z.jpg,2026-01-07 10:37:56,7,630
manual_capture_2026-01-07T05:07:54.382Z.jpg,2026-01-07 10:37:56,11,617
manual_capture_2026-01-07T05:07:55.817Z.jpg,2026-01-07 10:38:00,9,664
manual_capture_2026-01-07T05:08:01.601Z.jpg,2026-01-07 10:38:04,10,661
manual_capture_2026-01-07T05:08:06.303Z.jpg,2026-01-07 10:38:07,6,648
manual_capture_2026-01-07T05:08:09.567Z.jpg,2026-01-07 10:38:11,6,656
manual_capture_2026-01-07T05:08:09.638Z.jpg,2026-01-07 10:38:12,4,628
manual_capture_2026-01-07T05:08:12.621Z.jpg,2026-01-07 10:38:15,7,651
manual_capture_2026-01-07T05:08:17.028Z.jpg,2026-01-07 10:38:19,9,629
manual_capture_2026-01-07T05:08:20.498Z.jpg,2026-01-07 10:38:23,6,660
manual_capture_2026-01-07T05:08:23.166Z.jpg,2026-01-07 10:38:26,11,640
manual_capture_2026-01-07T05:08:25.300Z.jpg,2026-01-07 10:38:27,7,619
manual_capture_2026-01-07T05:08:40.719Z.jpg,2026-01-07 10:38:42,10,654
manual_capture_2026-01-07T05:08:40.727Z.jpg,2026-01-07 10:38:43,7,584
manual_capture_2026-01-07T05:08:41.647Z.jpg,2026-01-07 10:38:44,8,632
manual_capture_2026-01-07T05:08:43.562Z.jpg,2026-01-07 10:38:47,9,643
manual_capture_2026-01-07T05:08:44.367Z.jpg,2026-01-07 10:38:48,10,617
manual_capture_2026-01-07T05:08:49.940Z.jpg,2026-01-07 10:38:52,6,639
manual_capture_2026-01-07T05:09:23.438Z.jpg,2026-01-07 10:39:25,8,633
manual_capture_2026-01-07T05:09:40.606Z.jpg,2026-01-07 10:39:41,11,652
manual_capture_2026-01-07T05:09:43.832Z.jpg,2026-01-07 10:39:45,12,675
manual_capture_2026-01-07T05:10:10.858Z.jpg,2026-01-07 10:40:12,12,665
manual_capture_2026-01-07T05:10:20.446Z.jpg,2026-01-07 10:40:22,13,711
manual_capture_2026-01-07T05:10:21.343Z.jpg,2026-01-07 10:40:23,14,641
manual_capture_2026-01-07T05:10:21.370Z.jpg,2026-01-07 10:40:23,7,602
manual_capture_2026-01-07T05:10:30.127Z.jpg,2026-01-07 10:40:33,13,651
manual_capture_2026-01-07T05:10:33.116Z.jpg,2026-01-07 10:40:37,15,658
manual_capture_2026-01-07T05:10:33.565Z.jpg,2026-01-07 10:40:37,14,617
manual_capture_2026-01-07T05:10:35.572Z.jpg,2026-01-07 10:40:38,15,609
manual_capture_2026-01-07T05:10:38.603Z.jpg,2026-01-07 10:40:42,12,655
manual_capture_2026-01-07T05:10:43.873Z.jpg,2026-01-07 10:40:45,16,656
manual_capture_2026-01-07T05:10:53.360Z.jpg,2026-01-07 10:40:55,14,646
manual_capture_2026-01-07T05:11:00.701Z.jpg,2026-01-07 10:41:02,9,662
manual_capture_2026-01-07T05:11:07.544Z.jpg,2026-01-07 10:41:08,9,657
manual_capture_2026-01-07T05:11:28.033Z.jpg,2026-01-07 10:41:30,10,651
manual_capture_2026-01-07T05:11:37.713Z.jpg,2026-01-07 10:41:40,5,646
manual_capture_2026-01-07T05:11:39.715Z.jpg,2026-01-07 10:41:43,5,641
manual_capture_2026-01-07T05:11:54.074Z.jpg,2026-01-07 10:41:56,4,622
manual_capture_2026-01-07T05:12:02.786Z.jpg,2026-01-07 10:42:06,5,644
manual_capture_2026-01-07T05:12:13.483Z.jpg,2026-01-07 10:42:15,8,643
manual_capture_2026-01-07T05:12:20.810Z.jpg,2026-01-07 10:42:22,7,626
manual_capture_2026-01-07T05:12:23.920Z.jpg,2026-01-07 10:42:26,4,649
manual_capture_2026-01-07T05:12:24.916Z.jpg,2026-01-07 10:42:26,2,624
manual_capture_2026-01-07T05:12:25.489Z.jpg,2026-01-07 10:42:30,8,624
manual_capture_2026-01-07T05:12:28.109Z.jpg,2026-01-07 10:42:30,9,605
manual_capture_2026-01-07T05:12:34.446Z.jpg,2026-01-07 10:42:37,9,660
manual_capture_2026-01-07T05:12:35.828Z.jpg,2026-01-07 10:42:38,10,607
manual_capture_2026-01-07T05:12:36.547Z.jpg,2026-01-07 10:42:38,8,599
manual_capture_2026-01-07T05:12:43.294Z.jpg,2026-01-07 10:42:45,8,654
manual_capture_2026-01-07T05:12:44.324Z.jpg,2026-01-07 10:42:46,9,597
manual_capture_2026-01-07T05:12:47.109Z.jpg,2026-01-07 10:42:49,7,656
manual_capture_2026-01-07T05:12:51.619Z.jpg,2026-01-07 10:42:53,9,630
manual_capture_2026-01-07T05:12:55.455Z.jpg,2026-01-07 10:42:57,8,671
manual_capture_2026-01-07T05:12:57.886Z.jpg,2026-01-07 10:43:00,13,647
manual_capture_2026-01-07T05:13:10.663Z.jpg,2026-01-07 10:43:13,9,647
manual_capture_2026-01-07T05:13:12.999Z.jpg,2026-01-07 10:43:17,13,730
manual_capture_2026-01-07T05:13:21.482Z.jpg,2026-01-07 10:43:23,7,693
manual_capture_2026-01-07T05:13:23.065Z.jpg,2026-01-07 10:43:24,8,654
manual_capture_2026-01-07T05:13:23.698Z.jpg,2026-01-07 10:43:28,10,718
manual_capture_2026-01-07T05:13:25.282Z.jpg,2026-01-07 10:43:28,9,648
manual_capture_2026-01-07T05:13:25.315Z.jpg,2026-01-07 10:43:29,10,643
manual_capture_2026-01-07T05:13:29.641Z.jpg,2026-01-07 10:43:33,9,671
manual_capture_2026-01-07T05:13:34.137Z.jpg,2026-01-07 10:43:36,9,683
manual_capture_2026-01-07T05:13:40.398Z.jpg,2026-01-07 10:43:43,8,674
manual_capture_2026-01-07T05:13:43.146Z.jpg,2026-01-07 10:43:47,4,636
manual_capture_2026-01-07T05:13:43.166Z.jpg,2026-01-07 10:43:47,6,631
manual_capture_2026-01-07T05:13:44.029Z.jpg,2026-01-07 10:43:48,6,608
manual_capture_2026-01-07T05:13:45.763Z.jpg,2026-01-07 10:43:49,9,604
manual_capture_2026-01-07T05:13:46.849Z.jpg,2026-01-07 10:43:52,13,663
manual_capture_2026-01-07T05:13:48.703Z.jpg,2026-01-07 10:43:53,13,621
manual_capture_2026-01-07T05:13:50.352Z.jpg,2026-01-07 10:43:54,12,614
manual_capture_2026-01-07T05:13:59.427Z.jpg,2026-01-07 10:44:00,12,628
manual_capture_2026-01-07T05:14:09.069Z.jpg,2026-01-07 10:44:10,6,643
manual_capture_2026-01-07T05:14:25.871Z.jpg,2026-01-07 10:44:29,10,655
manual_capture_2026-01-07T05:14:32.153Z.jpg,2026-01-07 10:44:35,9,631
manual_capture_2026-01-07T05:14:42.404Z.jpg,2026-01-07 10:44:45,12,614
manual_capture_2026-01-07T05:14:54.584Z.jpg,2026-01-07 10:44:58,15,689
manual_capture_2026-01-07T05:15:14.855Z.jpg,2026-01-07 10:45:16,3,634
manual_capture_2026-01-07T05:15:14.913Z.jpg,2026-01-07 10:45:17,10,618
manual_capture_2026-01-07T05:15:15.868Z.jpg,2026-01-07 10:45:17,5,591
manual_capture_2026-01-07T05:15:15.959Z.jpg,2026-01-07 10:45:18,12,604
manual_capture_2026-01-07T05:15:17.039Z.jpg,2026-01-07 10:45:22,11,632
manual_capture_2026-01-07T05:15:19.909Z.jpg,2026-01-07 10:45:22,11,636
manual_capture_2026-01-07T05:15:22.832Z.jpg,2026-01-07 10:45:26,8,625
manual_capture_2026-01-07T05:15:34.474Z.jpg,2026-01-07 10:45:36,5,620
manual_capture_2026-01-07T05:15:35.608Z.jpg,2026-01-07 10:45:39,5,651
manual_capture_2026-01-07T05:15:35.766Z.jpg,2026-01-07 10:45:40,1,598
manual_capture_2026-01-07T05:15:36.997Z.jpg,2026-01-07 10:45:40,1,590
manual_capture_2026-01-07T05:15:38.212Z.jpg,2026-01-07 10:45:41,3,597
manual_capture_2026-01-07T05:15:38.349Z.jpg,2026-01-07 10:45:42,3,618
manual_capture_2026-01-07T05:15:39.582Z.jpg,2026-01-07 10:45:45,6,642
manual_capture_2026-01-07T05:15:39.827Z.jpg,2026-01-07 10:45:46,7,590
manual_capture_2026-01-07T05:15:42.267Z.jpg,2026-01-07 10:45:46,7,632
manual_capture_2026-01-07T05:15:45.725Z.jpg,2026-01-07 10:45:50,4,645
manual_capture_2026-01-07T05:15:45.980Z.jpg,2026-01-07 10:45:51,6,621
manual_capture_2026-01-07T05:15:53.110Z.jpg,2026-01-07 10:45:54,2,630
manual_capture_2026-01-07T05:15:54.566Z.jpg,2026-01-07 10:45:58,5,640
manual_capture_2026-01-07T05:16:09.032Z.jpg,2026-01-07 10:46:11,3,624
manual_capture_2026-01-07T05:17:13.155Z.jpg,2026-01-07 10:47:14,10,669
manual_capture_2026-01-07T05:17:25.066Z.jpg,2026-01-07 10:47:27,6,616
manual_capture_2026-01-07T05:17:27.050Z.jpg,2026-01-07 10:47:31,16,637
manual_capture_2026-01-07T05:17:28.094Z.jpg,2026-01-07 10:47:31,11,628
manual_capture_2026-01-07T05:17:43.031Z.jpg,2026-01-07 10:47:44,14,655
manual_capture_2026-01-07T05:17:44.817Z.jpg,2026-01-07 10:47:48,13,666
manual_capture_2026-01-07T05:17:47.533Z.jpg,2026-01-07 10:47:51,13,625
manual_capture_2026-01-07T05:17:48.833Z.jpg,2026-01-07 10:47:52,9,595
manual_capture_2026-01-07T05:17:51.470Z.jpg,2026-01-07 10:47:56,11,630
manual_capture_2026-01-07T05:17:51.713Z.jpg,2026-01-07 10:47:56,10,624
manual_capture_2026-01-07T05:17:52.441Z.jpg,2026-01-07 10:47:57,11,595
manual_capture_2026-01-07T05:17:53.367Z.jpg,2026-01-07 10:47:57,10,649
manual_capture_2026-01-07T05:17:54.185Z.jpg,2026-01-07 10:47:58,12,618
manual_capture_2026-01-07T05:17:55.357Z.jpg,2026-01-07 10:47:59,11,609
manual_capture_2026-01-07T05:17:58.815Z.jpg,2026-01-07 10:48:02,13,659
manual_capture_2026-01-07T05:17:59.191Z.jpg,2026-01-07 10:48:03,9,668
manual_capture_2026-01-07T05:18:00.916Z.jpg,2026-01-07 10:48:04,13,597
manual_capture_2026-01-07T05:18:02.111Z.jpg,2026-01-07 10:48:04,9,635
manual_capture_2026-01-07T05:18:05.290Z.jpg,2026-01-07 10:48:08,13,632
manual_capture_2026-01-07T05:18:06.997Z.jpg,2026-01-07 10:48:09,13,635
manual_capture_2026-01-07T05:18:09.692Z.jpg,2026-01-07 10:48:12,9,638
manual_capture_2026-01-07T05:18:10.832Z.jpg,2026-01-07 10:48:13,11,601
manual_capture_2026-01-07T05:18:11.991Z.jpg,2026-01-07 10:48:13,15,636
manual_capture_2026-01-07T05:18:14.533Z.jpg,2026-01-07 10:48:17,15,628
manual_capture_2026-01-07T05:18:17.268Z.jpg,2026-01-07 10:48:21,17,692
manual_capture_2026-01-07T05:18:18.290Z.jpg,2026-01-07 10:48:21,17,643
manual_capture_2026-01-07T05:18:31.299Z.jpg,2026-01-07 10:48:34,10,655
manual_capture_2026-01-07T05:18:31.362Z.jpg,2026-01-07 10:48:35,7,598
manual_capture_2026-01-07T05:18:33.252Z.jpg,2026-01-07 10:48:35,13,634
manual_capture_2026-01-07T05:18:35.124Z.jpg,2026-01-07 10:48:39,10,619
manual_capture_2026-01-07T05:18:42.412Z.jpg,2026-01-07 10:48:46,14,635
manual_capture_2026-01-07T05:18:43.531Z.jpg,2026-01-07 10:48:46,9,601
manual_capture_2026-01-07T05:18:45.692Z.jpg,2026-01-07 10:48:50,14,605
manual_capture_2026-01-07T05:18:50.073Z.jpg,2026-01-07 10:48:53,12,652
manual_capture_2026-01-07T05:18:56.427Z.jpg,2026-01-07 10:48:57,9,627
manual_capture_2026-01-07T05:19:09.149Z.jpg,2026-01-07 10:49:10,11,626
manual_capture_2026-01-07T05:19:15.644Z.jpg,2026-01-07 10:49:16,7,632
manual_capture_2026-01-07T05:19:16.379Z.jpg,2026-01-07 10:49:20,8,697
manual_capture_2026-01-07T05:19:18.941Z.jpg,2026-01-07 10:49:21,6,623
manual_capture_2026-01-07T05:19:20.668Z.jpg,2026-01-07 10:49:24,8,646
manual_capture_2026-01-07T05:19:21.578Z.jpg,2026-01-07 10:49:25,8,619
manual_capture_2026-01-07T05:19:25.296Z.jpg,2026-01-07 10:49:29,6,659
manual_capture_2026-01-07T05:19:25.426Z.jpg,2026-01-07 10:49:29,8,589
manual_capture_2026-01-07T05:19:31.622Z.jpg,2026-01-07 10:49:33,7,643
manual_capture_2026-01-07T05:19:32.742Z.jpg,2026-01-07 10:49:37,7,649
manual_capture_2026-01-07T05:19:33.399Z.jpg,2026-01-07 10:49:37,9,607
manual_capture_2026-01-07T05:19:34.175Z.jpg,2026-01-07 10:49:38,6,591
manual_capture_2026-01-07T05:19:35.858Z.jpg,2026-01-07 10:49:38,7,604
manual_capture_2026-01-07T05:19:37.184Z.jpg,2026-01-07 10:49:42,6,680
manual_capture_2026-01-07T05:19:39.002Z.jpg,2026-01-07 10:49:43,8,609
manual_capture_2026-01-07T05:19:39.276Z.jpg,2026-01-07 10:49:43,3,599
manual_capture_2026-01-07T05:19:41.683Z.jpg,2026-01-07 10:49:44,6,599
manual_capture_2026-01-07T05:19:45.671Z.jpg,2026-01-07 10:49:47,8,627
manual_capture_2026-01-07T05:19:45.775Z.jpg,2026-01-07 10:49:48,5,596
manual_capture_2026-01-07T05:19:46.922Z.jpg,2026-01-07 10:49:49,9,611
manual_capture_2026-01-07T05:19:47.016Z.jpg,2026-01-07 10:49:49,5,600
manual_capture_2026-01-07T05:19:48.162Z.jpg,2026-01-07 10:49:53,5,653
manual_capture_2026-01-07T05:19:48.640Z.jpg,2026-01-07 10:49:54,6,601
manual_capture_2026-01-07T05:19:48.831Z.jpg,2026-01-07 10:49:54,8,601
manual_capture_2026-01-07T05:19:51.433Z.jpg,2026-01-07 10:49:55,4,587
manual_capture_2026-01-07T05:19:52.546Z.jpg,2026-01-07 10:49:55,6,610
manual_capture_2026-01-07T05:19:52.689Z.jpg,2026-01-07 10:49:56,8,647
manual_capture_2026-01-07T05:19:54.965Z.jpg,2026-01-07 10:50:00,4,673
manual_capture_2026-01-07T05:19:56.002Z.jpg,2026-01-07 10:50:00,9,607
manual_capture_2026-01-07T05:19:58.850Z.jpg,2026-01-07 10:50:01,6,643
manual_capture_2026-01-07T05:19:59.878Z.jpg,2026-01-07 10:50:05,5,641
manual_capture_2026-01-07T05:20:01.255Z.jpg,2026-01-07 10:50:05,5,605
manual_capture_2026-01-07T05:20:01.858Z.jpg,2026-01-07 10:50:06,12,606
manual_capture_2026-01-07T05:20:03.488Z.jpg,2026-01-07 10:50:06,11,602
manual_capture_2026-01-07T05:20:05.085Z.jpg,2026-01-07 10:50:10,11,680
manual_capture_2026-01-07T05:20:08.422Z.jpg,2026-01-07 10:50:11,10,638
manual_capture_2026-01-07T05:20:08.967Z.jpg,2026-01-07 10:50:11,5,604
manual_capture_2026-01-07T05:20:14.059Z.jpg,2026-01-07 10:50:15,7,638
manual_capture_2026-01-07T05:20:16.085Z.jpg,2026-01-07 10:50:19,7,653
manual_capture_2026-01-07T05:20:18.885Z.jpg,2026-01-07 10:50:22,8,646
manual_capture_2026-01-07T05:20:21.672Z.jpg,2026-01-07 10:50:23,6,598
manual_capture_2026-01-07T05:20:21.905Z.jpg,2026-01-07 10:50:24,10,608
manual_capture_2026-01-07T05:20:23.256Z.jpg,2026-01-07 10:50:27,11,641
manual_capture_2026-01-07T05:20:24.253Z.jpg,2026-01-07 10:50:28,7,601
manual_capture_2026-01-07T05:20:25.501Z.jpg,2026-01-07 10:50:28,12,645
manual_capture_2026-01-07T05:20:27.095Z.jpg,2026-01-07 10:50:32,13,642
manual_capture_2026-01-07T05:20:30.926Z.jpg,2026-01-07 10:50:33,9,600
manual_capture_2026-01-07T05:20:31.231Z.jpg,2026-01-07 10:50:33,7,613
manual_capture_2026-01-07T05:20:32.271Z.jpg,2026-01-07 10:50:37,12,638
manual_capture_2026-01-07T05:20:34.178Z.jpg,2026-01-07 10:50:38,9,613
manual_capture_2026-01-07T05:20:36.476Z.jpg,2026-01-07 10:50:38,9,607
manual_capture_2026-01-07T05:20:37.483Z.jpg,2026-01-07 10:50:42,5,642
manual_capture_2026-01-07T05:20:38.829Z.jpg,2026-01-07 10:50:42,7,608
manual_capture_2026-01-07T05:20:39.496Z.jpg,2026-01-07 10:50:43,6,639
manual_capture_2026-01-07T05:20:40.374Z.jpg,2026-01-07 10:50:44,7,604
manual_capture_2026-01-07T05:20:41.493Z.jpg,2026-01-07 10:50:44,5,605
manual_capture_2026-01-07T05:20:41.677Z.jpg,2026-01-07 10:50:48,2,628
manual_capture_2026-01-07T05:20:42.465Z.jpg,2026-01-07 10:50:49,6,626
manual_capture_2026-01-07T05:20:43.870Z.jpg,2026-01-07 10:50:49,10,619
manual_capture_2026-01-07T05:20:46.050Z.jpg,2026-01-07 10:50:50,15,645
manual_capture_2026-01-07T05:20:47.434Z.jpg,2026-01-07 10:50:50,10,597
manual_capture_2026-01-07T05:20:48.583Z.jpg,2026-01-07 10:50:54,9,643
manual_capture_2026-01-07T05:20:49.579Z.jpg,2026-01-07 10:50:55,13,609
manual_capture_2026-01-07T05:20:50.671Z.jpg,2026-01-07 10:50:55,9,612
manual_capture_2026-01-07T05:20:50.979Z.jpg,2026-01-07 10:50:56,7,612
manual_capture_2026-01-07T05:20:51.627Z.jpg,2026-01-07 10:50:57,8,616
manual_capture_2026-01-07T05:20:51.944Z.jpg,2026-01-07 10:50:57,8,608
manual_capture_2026-01-07T05:20:52.539Z.jpg,2026-01-07 10:50:58,9,612
manual_capture_2026-01-07T05:20:52.749Z.jpg,2026-01-07 10:50:58,8,610
manual_capture_2026-01-07T05:20:53.265Z.jpg,2026-01-07 10:50:59,6,609
manual_capture_2026-01-07T05:20:55.192Z.jpg,2026-01-07 10:51:03,9,648
manual_capture_2026-01-07T05:20:55.973Z.jpg,2026-01-07 10:51:03,8,609
manual_capture_2026-01-07T05:20:58.372Z.jpg,2026-01-07 10:51:04,7,592
manual_capture_2026-01-07T05:20:58.476Z.jpg,2026-01-07 10:51:04,3,611
manual_capture_2026-01-07T05:20:59.387Z.jpg,2026-01-07 10:51:05,5,589
manual_capture_2026-01-07T05:21:00.836Z.jpg,2026-01-07 10:51:06,9,611
manual_capture_2026-01-07T05:21:03.084Z.jpg,2026-01-07 10:51:09,6,638
manual_capture_2026-01-07T05:21:03.460Z.jpg,2026-01-07 10:51:10,6,614
manual_capture_2026-01-07T05:21:08.214Z.jpg,2026-01-07 10:51:11,10,617
manual_capture_2026-01-07T05:21:10.358Z.jpg,2026-01-07 10:51:14,9,633
manual_capture_2026-01-07T05:21:10.512Z.jpg,2026-01-07 10:51:15,7,610
manual_capture_2026-01-07T05:21:13.056Z.jpg,2026-01-07 10:51:15,7,605
manual_capture_2026-01-07T05:21:14.327Z.jpg,2026-01-07 10:51:19,12,647
manual_capture_2026-01-07T05:21:16.029Z.jpg,2026-01-07 10:51:20,4,613
manual_capture_2026-01-07T05:21:17.363Z.jpg,2026-01-07 10:51:20,4,598
manual_capture_2026-01-07T05:21:17.827Z.jpg,2026-01-07 10:51:21,9,601
manual_capture_2026-01-07T05:21:22.025Z.jpg,2026-01-07 10:51:25,10,638
manual_capture_2026-01-07T05:21:26.559Z.jpg,2026-01-07 10:51:28,8,638
manual_capture_2026-01-07T05:21:30.845Z.jpg,2026-01-07 10:51:32,13,685
manual_capture_2026-01-07T05:21:31.710Z.jpg,2026-01-07 10:51:35,15,636
manual_capture_2026-01-07T05:21:32.159Z.jpg,2026-01-07 10:51:36,15,649
manual_capture_2026-01-07T05:21:35.918Z.jpg,2026-01-07 10:51:40,15,701
manual_capture_2026-01-07T05:21:36.022Z.jpg,2026-01-07 10:51:40,11,609
manual_capture_2026-01-07T05:21:37.109Z.jpg,2026-01-07 10:51:41,8,643
manual_capture_2026-01-07T05:21:39.267Z.jpg,2026-01-07 10:51:42,12,609
manual_capture_2026-01-07T05:21:39.353Z.jpg,2026-01-07 10:51:42,13,654
manual_capture_2026-01-07T05:21:41.016Z.jpg,2026-01-07 10:51:46,14,643
manual_capture_2026-01-07T05:21:44.597Z.jpg,2026-01-07 10:51:47,9,615
manual_capture_2026-01-07T05:21:48.108Z.jpg,2026-01-07 10:51:50,9,650
manual_capture_2026-01-07T05:21:49.084Z.jpg,2026-01-07 10:51:51,8,608
manual_capture_2026-01-07T05:21:55.398Z.jpg,2026-01-07 10:51:58,13,635
manual_capture_2026-01-07T05:21:56.230Z.jpg,2026-01-07 10:51:58,12,617
manual_capture_2026-01-07T05:21:56.563Z.jpg,2026-01-07 10:51:59,9,620
manual_capture_2026-01-07T05:21:57.675Z.jpg,2026-01-07 10:52:02,10,650
manual_capture_2026-01-07T05:21:57.874Z.jpg,2026-01-07 10:52:03,13,607
manual_capture_2026-01-07T05:21:58.814Z.jpg,2026-01-07 10:52:04,8,609
manual_capture_2026-01-07T05:22:03.651Z.jpg,2026-01-07 10:52:07,9,646
manual_capture_2026-01-07T05:22:04.746Z.jpg,2026-01-07 10:52:08,12,618
manual_capture_2026-01-07T05:22:12.529Z.jpg,2026-01-07 10:52:15,14,657
manual_capture_2026-01-07T05:22:20.300Z.jpg,2026-01-07 10:52:21,12,651
manual_capture_2026-01-07T05:22:24.995Z.jpg,2026-01-07 10:52:28,10,644
manual_capture_2026-01-07T05:22:32.987Z.jpg,2026-01-07 10:52:35,7,637
manual_capture_2026-01-07T05:22:41.878Z.jpg,2026-01-07 10:52:44,8,642
manual_capture_2026-01-07T05:22:49.585Z.jpg,2026-01-07 10:52:51,3,638
manual_capture_2026-01-07T05:22:58.208Z.jpg,2026-01-07 10:53:01,7,636
manual_capture_2026-01-07T05:22:59.033Z.jpg,2026-01-07 10:53:01,12,606
manual_capture_2026-01-07T05:23:02.330Z.jpg,2026-01-07 10:53:05,8,653
manual_capture_2026-01-07T05:23:03.871Z.jpg,2026-01-07 10:53:05,11,600
manual_capture_2026-01-07T05:23:04.677Z.jpg,2026-01-07 10:53:09,11,642
manual_capture_2026-01-07T05:23:09.326Z.jpg,2026-01-07 10:53:13,12,645
manual_capture_2026-01-07T05:23:36.713Z.jpg,2026-01-07 10:53:37,9,644
manual_capture_2026-01-07T05:23:44.099Z.jpg,2026-01-07 10:53:47,8,642
manual_capture_2026-01-07T05:24:07.913Z.jpg,2026-01-07 10:54:09,14,645
manual_capture_2026-01-07T05:25:28.827Z.jpg,2026-01-07 10:55:31,6,647
manual_capture_2026-01-07T05:26:19.980Z.jpg,2026-01-07 10:56:22,11,658
manual_capture_2026-01-07T05:26:30.430Z.jpg,2026-01-07 10:56:32,8,639
manual_capture_2026-01-07T05:26:38.284Z.jpg,2026-01-07 10:56:39,10,652
manual_capture_2026-01-07T05:26:45.060Z.jpg,2026-01-07 10:56:45,8,655
manual_capture_2026-01-07T05:26:48.435Z.jpg,2026-01-07 10:56:49,10,657
manual_capture_2026-01-07T05:26:53.396Z.jpg,2026-01-07 10:56:56,8,646
manual_capture_2026-01-07T05:27:11.690Z.jpg,2026-01-07 10:57:14,6,630
manual_capture_2026-01-07T05:27:13.091Z.jpg,2026-01-07 10:57:15,8,604
manual_capture_2026-01-07T05:27:17.598Z.jpg,2026-01-07 10:57:18,6,642
manual_capture_2026-01-07T05:27:27.085Z.jpg,2026-01-07 10:57:28,8,632
manual_capture_2026-01-07T05:27:59.265Z.jpg,2026-01-07 10:58:02,6,645
manual_capture_2026-01-07T05:28:01.540Z.jpg,2026-01-07 10:58:02,2,604
manual_capture_2026-01-07T05:28:24.355Z.jpg,2026-01-07 10:58:27,9,865
manual_capture_2026-01-07T05:28:39.736Z.jpg,2026-01-07 10:58:40,9,642
manual_capture_2026-01-07T05:28:49.356Z.jpg,2026-01-07 10:58:50,7,664
manual_capture_2026-01-07T05:28:49.573Z.jpg,2026-01-07 10:58:53,7,658
manual_capture_2026-01-07T05:28:50.394Z.jpg,2026-01-07 10:58:54,6,619
manual_capture_2026-01-07T05:28:54.210Z.jpg,2026-01-07 10:58:58,9,655
manual_capture_2026-01-07T05:28:58.297Z.jpg,2026-01-07 10:59:01,11,657
manual_capture_2026-01-07T05:28:58.469Z.jpg,2026-01-07 10:59:02,4,612
manual_capture_2026-01-07T05:29:02.724Z.jpg,2026-01-07 10:59:05,9,632
manual_capture_2026-01-07T05:29:11.237Z.jpg,2026-01-07 10:59:12,5,624
manual_capture_2026-01-07T05:29:33.253Z.jpg,2026-01-07 10:59:34,3,631
manual_capture_2026-01-07T05:29:43.477Z.jpg,2026-01-07 10:59:46,4,642
manual_capture_2026-01-07T05:29:51.312Z.jpg,2026-01-07 10:59:53,10,645
manual_capture_2026-01-07T05:29:52.551Z.jpg,2026-01-07 10:59:54,7,632
manual_capture_2026-01-07T05:29:52.576Z.jpg,2026-01-07 10:59:54,8,696
manual_capture_2026-01-07T05:29:54.901Z.jpg,2026-01-07 10:59:58,3,656
manual_capture_2026-01-07T05:29:59.726Z.jpg,2026-01-07 11:00:02,4,647
manual_capture_2026-01-07T05:30:03.581Z.jpg,2026-01-07 11:00:05,8,656
manual_capture_2026-01-07T05:30:03.807Z.jpg,2026-01-07 11:00:06,6,605
manual_capture_2026-01-07T05:30:05.137Z.jpg,2026-01-07 11:00:07,6,614
manual_capture_2026-01-07T05:30:15.313Z.jpg,2026-01-07 11:00:16,7,695
manual_capture_2026-01-07T05:30:17.289Z.jpg,2026-01-07 11:00:20,4,644
manual_capture_2026-01-07T05:30:19.915Z.jpg,2026-01-07 11:00:24,6,635
manual_capture_2026-01-07T05:30:21.214Z.jpg,2026-01-07 11:00:24,7,643
manual_capture_2026-01-07T05:30:24.069Z.jpg,2026-01-07 11:00:28,8,636
manual_capture_2026-01-07T05:30:26.090Z.jpg,2026-01-07 11:00:29,7,602
manual_capture_2026-01-07T05:30:28.105Z.jpg,2026-01-07 11:00:32,8,635
manual_capture_2026-01-07T05:30:29.992Z.jpg,2026-01-07 11:00:33,6,629
manual_capture_2026-01-07T05:30:30.259Z.jpg,2026-01-07 11:00:33,9,599
manual_capture_2026-01-07T05:30:32.387Z.jpg,2026-01-07 11:00:37,11,682
manual_capture_2026-01-07T05:30:32.442Z.jpg,2026-01-07 11:00:38,11,615
manual_capture_2026-01-07T05:30:32.942Z.jpg,2026-01-07 11:00:38,13,594
manual_capture_2026-01-07T05:30:33.611Z.jpg,2026-01-07 11:00:39,9,603
manual_capture_2026-01-07T05:30:33.693Z.jpg,2026-01-07 11:00:40,11,609
manual_capture_2026-01-07T05:30:35.364Z.jpg,2026-01-07 11:00:40,11,628
manual_capture_2026-01-07T05:30:35.904Z.jpg,2026-01-07 11:00:41,8,620
manual_capture_2026-01-07T05:30:37.252Z.jpg,2026-01-07 11:00:44,9,621
manual_capture_2026-01-07T05:30:37.861Z.jpg,2026-01-07 11:00:45,9,590
manual_capture_2026-01-07T05:30:38.896Z.jpg,2026-01-07 11:00:46,10,597
manual_capture_2026-01-07T05:30:39.284Z.jpg,2026-01-07 11:00:46,8,610
manual_capture_2026-01-07T05:30:39.613Z.jpg,2026-01-07 11:00:47,9,604
manual_capture_2026-01-07T05:30:40.394Z.jpg,2026-01-07 11:00:47,9,626
manual_capture_2026-01-07T05:30:41.538Z.jpg,2026-01-07 11:00:48,7,608
manual_capture_2026-01-07T05:30:42.132Z.jpg,2026-01-07 11:00:49,7,670
manual_capture_2026-01-07T05:30:43.160Z.jpg,2026-01-07 11:00:49,10,603
manual_capture_2026-01-07T05:30:43.401Z.jpg,2026-01-07 11:00:50,7,601
manual_capture_2026-01-07T05:30:45.292Z.jpg,2026-01-07 11:00:54,14,639
manual_capture_2026-01-07T05:30:45.775Z.jpg,2026-01-07 11:00:54,12,612
manual_capture_2026-01-07T05:30:46.666Z.jpg,2026-01-07 11:00:55,10,635
manual_capture_2026-01-07T05:30:51.253Z.jpg,2026-01-07 11:00:55,8,618
manual_capture_2026-01-07T05:30:55.962Z.jpg,2026-01-07 11:00:59,7,639
manual_capture_2026-01-07T05:31:06.025Z.jpg,2026-01-07 11:01:09,9,655
manual_capture_2026-01-07T05:31:06.859Z.jpg,2026-01-07 11:01:09,9,616
manual_capture_2026-01-07T05:31:10.617Z.jpg,2026-01-07 11:01:13,8,650
manual_capture_2026-01-07T05:31:11.684Z.jpg,2026-01-07 11:01:14,11,623
manual_capture_2026-01-07T05:31:13.302Z.jpg,2026-01-07 11:01:17,13,633
manual_capture_2026-01-07T05:31:13.369Z.jpg,2026-01-07 11:01:18,7,593
manual_capture_2026-01-07T05:31:16.688Z.jpg,2026-01-07 11:01:19,8,602
manual_capture_2026-01-07T05:31:21.458Z.jpg,2026-01-07 11:01:22,5,642
manual_capture_2026-01-07T05:31:22.014Z.jpg,2026-01-07 11:01:23,6,611
manual_capture_2026-01-07T05:31:22.404Z.jpg,2026-01-07 11:01:27,5,712
manual_capture_2026-01-07T05:31:25.168Z.jpg,2026-01-07 11:01:27,4,658
manual_capture_2026-01-07T05:31:26.492Z.jpg,2026-01-07 11:01:31,7,632
manual_capture_2026-01-07T05:31:26.781Z.jpg,2026-01-07 11:01:31,11,657
manual_capture_2026-01-07T05:31:29.589Z.jpg,2026-01-07 11:01:32,6,595
manual_capture_2026-01-07T05:31:31.571Z.jpg,2026-01-07 11:01:36,5,654
manual_capture_2026-01-07T05:31:35.476Z.jpg,2026-01-07 11:01:36,7,618
manual_capture_2026-01-07T05:31:45.962Z.jpg,2026-01-07 11:01:49,6,636
manual_capture_2026-01-07T05:31:50.696Z.jpg,2026-01-07 11:01:53,1,615
manual_capture_2026-01-07T05:31:54.963Z.jpg,2026-01-07 11:01:56,3,633
manual_capture_2026-01-07T05:31:57.702Z.jpg,2026-01-07 11:02:00,8,645
manual_capture_2026-01-07T05:31:58.877Z.jpg,2026-01-07 11:02:01,4,609
manual_capture_2026-01-07T05:32:02.198Z.jpg,2026-01-07 11:02:04,4,635
manual_capture_2026-01-07T05:32:05.521Z.jpg,2026-01-07 11:02:08,2,634
manual_capture_2026-01-07T05:32:05.587Z.jpg,2026-01-07 11:02:08,7,627
manual_capture_2026-01-07T05:32:11.145Z.jpg,2026-01-07 11:02:12,6,654
manual_capture_2026-01-07T05:32:48.934Z.jpg,2026-01-07 11:02:52,4,640
manual_capture_2026-01-07T05:32:56.097Z.jpg,2026-01-07 11:02:58,6,646
manual_capture_2026-01-07T05:32:57.179Z.jpg,2026-01-07 11:02:59,4,611
manual_capture_2026-01-07T05:33:00.669Z.jpg,2026-01-07 11:03:03,9,635
manual_capture_2026-01-07T05:33:01.023Z.jpg,2026-01-07 11:03:03,4,607
manual_capture_2026-01-07T05:33:05.713Z.jpg,2026-01-07 11:03:07,12,684
manual_capture_2026-01-07T05:33:08.733Z.jpg,2026-01-07 11:03:11,3,647
manual_capture_2026-01-07T05:33:10.998Z.jpg,2026-01-07 11:03:14,11,639
manual_capture_2026-01-07T05:33:14.467Z.jpg,2026-01-07 11:03:18,6,652
manual_capture_2026-01-07T05:33:16.232Z.jpg,2026-01-07 11:03:19,9,605
manual_capture_2026-01-07T05:33:17.479Z.jpg,2026-01-07 11:03:19,11,606
manual_capture_2026-01-07T05:33:18.601Z.jpg,2026-01-07 11:03:23,10,649
manual_capture_2026-01-07T05:33:18.871Z.jpg,2026-01-07 11:03:23,10,624
manual_capture_2026-01-07T05:33:20.634Z.jpg,2026-01-07 11:03:24,13,614
manual_capture_2026-01-07T05:33:21.475Z.jpg,2026-01-07 11:03:25,14,660
manual_capture_2026-01-07T05:33:22.769Z.jpg,2026-01-07 11:03:28,4,642
manual_capture_2026-01-07T05:33:23.783Z.jpg,2026-01-07 11:03:29,4,618
manual_capture_2026-01-07T05:33:25.905Z.jpg,2026-01-07 11:03:30,6,604
manual_capture_2026-01-07T05:33:26.632Z.jpg,2026-01-07 11:03:30,8,618
manual_capture_2026-01-07T05:33:30.316Z.jpg,2026-01-07 11:03:34,9,644
manual_capture_2026-01-07T05:33:35.249Z.jpg,2026-01-07 11:03:38,6,645
manual_capture_2026-01-07T05:33:35.726Z.jpg,2026-01-07 11:03:38,3,600
manual_capture_2026-01-07T05:33:36.608Z.jpg,2026-01-07 11:03:39,6,615
manual_capture_2026-01-07T05:33:37.465Z.jpg,2026-01-07 11:03:42,8,634
manual_capture_2026-01-07T05:33:38.737Z.jpg,2026-01-07 11:03:43,13,614
manual_capture_2026-01-07T05:33:39.610Z.jpg,2026-01-07 11:03:44,15,633
manual_capture_2026-01-07T05:33:40.675Z.jpg,2026-01-07 11:03:44,12,605
manual_capture_2026-01-07T05:33:41.818Z.jpg,2026-01-07 11:03:45,17,650
manual_capture_2026-01-07T05:33:46.083Z.jpg,2026-01-07 11:03:49,14,660
manual_capture_2026-01-07T05:33:46.582Z.jpg,2026-01-07 11:03:49,13,649
manual_capture_2026-01-07T05:33:47.878Z.jpg,2026-01-07 11:03:50,10,609
manual_capture_2026-01-07T05:33:48.417Z.jpg,2026-01-07 11:03:50,7,605
manual_capture_2026-01-07T05:33:53.636Z.jpg,2026-01-07 11:03:54,8,640
manual_capture_2026-01-07T05:34:01.361Z.jpg,2026-01-07 11:04:04,8,651
manual_capture_2026-01-07T05:34:09.015Z.jpg,2026-01-07 11:04:10,8,643
manual_capture_2026-01-07T05:34:09.118Z.jpg,2026-01-07 11:04:11,8,606
manual_capture_2026-01-07T05:34:10.902Z.jpg,2026-01-07 11:04:15,4,634
manual_capture_2026-01-07T05:34:10.957Z.jpg,2026-01-07 11:04:15,5,609
manual_capture_2026-01-07T05:34:13.290Z.jpg,2026-01-07 11:04:16,6,616
manual_capture_2026-01-07T05:34:16.097Z.jpg,2026-01-07 11:04:20,8,625
manual_capture_2026-01-07T05:34:21.124Z.jpg,2026-01-07 11:04:23,7,644
manual_capture_2026-01-07T05:34:26.626Z.jpg,2026-01-07 11:04:27,6,635
manual_capture_2026-01-07T05:34:27.623Z.jpg,2026-01-07 11:04:31,12,641
manual_capture_2026-01-07T05:34:28.649Z.jpg,2026-01-07 11:04:31,12,614
manual_capture_2026-01-07T05:34:29.208Z.jpg,2026-01-07 11:04:32,8,611
manual_capture_2026-01-07T05:34:29.858Z.jpg,2026-01-07 11:04:32,8,611
manual_capture_2026-01-07T05:34:30.919Z.jpg,2026-01-07 11:04:36,9,682
manual_capture_2026-01-07T05:34:31.110Z.jpg,2026-01-07 11:04:37,10,613
manual_capture_2026-01-07T05:34:33.395Z.jpg,2026-01-07 11:04:37,5,660
manual_capture_2026-01-07T05:34:34.045Z.jpg,2026-01-07 11:04:38,9,631
manual_capture_2026-01-07T05:34:34.489Z.jpg,2026-01-07 11:04:39,6,661
manual_capture_2026-01-07T05:34:34.728Z.jpg,2026-01-07 11:04:39,11,613
manual_capture_2026-01-07T05:34:36.757Z.jpg,2026-01-07 11:04:43,6,636
manual_capture_2026-01-07T05:34:43.539Z.jpg,2026-01-07 11:04:47,12,656
manual_capture_2026-01-07T05:34:46.533Z.jpg,2026-01-07 11:04:50,10,662
manual_capture_2026-01-07T05:34:47.390Z.jpg,2026-01-07 11:04:51,6,653
manual_capture_2026-01-07T05:34:49.231Z.jpg,2026-01-07 11:04:51,9,617
manual_capture_2026-01-07T05:34:51.191Z.jpg,2026-01-07 11:04:55,7,654
manual_capture_2026-01-07T05:34:51.329Z.jpg,2026-01-07 11:04:56,11,618
manual_capture_2026-01-07T05:34:51.920Z.jpg,2026-01-07 11:04:56,16,667
manual_capture_2026-01-07T05:34:52.883Z.jpg,2026-01-07 11:04:57,5,613
manual_capture_2026-01-07T05:34:53.774Z.jpg,2026-01-07 11:04:58,12,607
manual_capture_2026-01-07T05:34:54.271Z.jpg,2026-01-07 11:04:58,8,605
manual_capture_2026-01-07T05:34:54.525Z.jpg,2026-01-07 11:04:59,10,605
manual_capture_2026-01-07T05:34:57.860Z.jpg,2026-01-07 11:05:03,9,640
manual_capture_2026-01-07T05:35:01.047Z.jpg,2026-01-07 11:05:03,7,625
manual_capture_2026-01-07T05:35:03.390Z.jpg,2026-01-07 11:05:07,7,645
manual_capture_2026-01-07T05:35:04.772Z.jpg,2026-01-07 11:05:07,4,596
manual_capture_2026-01-07T05:35:04.908Z.jpg,2026-01-07 11:05:08,7,585
manual_capture_2026-01-07T05:35:06.156Z.jpg,2026-01-07 11:05:09,10,598
manual_capture_2026-01-07T05:35:07.882Z.jpg,2026-01-07 11:05:12,10,656
manual_capture_2026-01-07T05:35:08.179Z.jpg,2026-01-07 11:05:13,6,609
manual_capture_2026-01-07T05:35:08.282Z.jpg,2026-01-07 11:05:13,4,610
manual_capture_2026-01-07T05:35:08.914Z.jpg,2026-01-07 11:05:14,9,607
manual_capture_2026-01-07T05:35:10.087Z.jpg,2026-01-07 11:05:15,3,589
manual_capture_2026-01-07T05:35:10.323Z.jpg,2026-01-07 11:05:15,12,620
manual_capture_2026-01-07T05:35:10.912Z.jpg,2026-01-07 11:05:16,10,616
manual_capture_2026-01-07T05:35:11.312Z.jpg,2026-01-07 11:05:17,13,620
manual_capture_2026-01-07T05:35:12.395Z.jpg,2026-01-07 11:05:20,13,644
manual_capture_2026-01-07T05:35:12.685Z.jpg,2026-01-07 11:05:21,9,612
manual_capture_2026-01-07T05:35:14.068Z.jpg,2026-01-07 11:05:21,11,606
manual_capture_2026-01-07T05:35:14.069Z.jpg,2026-01-07 11:05:22,10,610
manual_capture_2026-01-07T05:35:17.053Z.jpg,2026-01-07 11:05:23,9,609
manual_capture_2026-01-07T05:35:17.930Z.jpg,2026-01-07 11:05:23,6,611
manual_capture_2026-01-07T05:35:18.263Z.jpg,2026-01-07 11:05:24,2,598
manual_capture_2026-01-07T05:35:19.496Z.jpg,2026-01-07 11:05:24,7,609
manual_capture_2026-01-07T05:35:19.548Z.jpg,2026-01-07 11:05:25,11,602
manual_capture_2026-01-07T05:35:35.764Z.jpg,2026-01-07 11:05:38,5,646
manual_capture_2026-01-07T05:35:40.591Z.jpg,2026-01-07 11:05:41,8,651
manual_capture_2026-01-07T05:36:04.193Z.jpg,2026-01-07 11:06:06,9,636
manual_capture_2026-01-07T05:36:07.396Z.jpg,2026-01-07 11:06:10,9,640
manual_capture_2026-01-07T05:36:07.751Z.jpg,2026-01-07 11:06:10,8,599
manual_capture_2026-01-07T05:36:09.662Z.jpg,2026-01-07 11:06:14,12,655
manual_capture_2026-01-07T05:36:10.284Z.jpg,2026-01-07 11:06:15,12,598
manual_capture_2026-01-07T05:36:11.772Z.jpg,2026-01-07 11:06:15,12,622
manual_capture_2026-01-07T05:36:12.422Z.jpg,2026-01-07 11:06:16,9,601
manual_capture_2026-01-07T05:36:12.966Z.jpg,2026-01-07 11:06:16,9,601
manual_capture_2026-01-07T05:36:13.440Z.jpg,2026-01-07 11:06:17,12,608
manual_capture_2026-01-07T05:36:14.133Z.jpg,2026-01-07 11:06:21,9,640
manual_capture_2026-01-07T05:36:14.515Z.jpg,2026-01-07 11:06:21,8,599
manual_capture_2026-01-07T05:36:14.978Z.jpg,2026-01-07 11:06:22,7,602
manual_capture_2026-01-07T05:36:15.286Z.jpg,2026-01-07 11:06:23,13,611
manual_capture_2026-01-07T05:36:15.437Z.jpg,2026-01-07 11:06:23,9,608
manual_capture_2026-01-07T05:36:15.774Z.jpg,2026-01-07 11:06:24,9,621
manual_capture_2026-01-07T05:36:16.645Z.jpg,2026-01-07 11:06:24,11,605
manual_capture_2026-01-07T05:36:17.170Z.jpg,2026-01-07 11:06:25,8,617
manual_capture_2026-01-07T05:36:17.955Z.jpg,2026-01-07 11:06:26,8,608
manual_capture_2026-01-07T05:36:18.542Z.jpg,2026-01-07 11:06:26,11,609
manual_capture_2026-01-07T05:36:26.501Z.jpg,2026-01-07 11:06:30,8,659
manual_capture_2026-01-07T05:36:28.590Z.jpg,2026-01-07 11:06:30,7,620
manual_capture_2026-01-07T05:36:30.003Z.jpg,2026-01-07 11:06:34,9,635
manual_capture_2026-01-07T05:36:31.375Z.jpg,2026-01-07 11:06:35,12,651
manual_capture_2026-01-07T05:36:32.339Z.jpg,2026-01-07 11:06:35,8,610
manual_capture_2026-01-07T05:36:33.099Z.jpg,2026-01-07 11:06:36,10,614
manual_capture_2026-01-07T05:36:33.110Z.jpg,2026-01-07 11:06:37,8,607
manual_capture_2026-01-07T05:36:36.554Z.jpg,2026-01-07 11:06:40,7,645
manual_capture_2026-01-07T05:36:41.449Z.jpg,2026-01-07 11:06:44,11,642
manual_capture_2026-01-07T05:36:41.465Z.jpg,2026-01-07 11:06:45,10,613
manual_capture_2026-01-07T05:36:43.274Z.jpg,2026-01-07 11:06:45,12,613
manual_capture_2026-01-07T05:36:44.131Z.jpg,2026-01-07 11:06:49,14,653
manual_capture_2026-01-07T05:36:47.551Z.jpg,2026-01-07 11:06:49,14,612
manual_capture_2026-01-07T05:36:52.183Z.jpg,2026-01-07 11:06:53,10,682
manual_capture_2026-01-07T05:36:55.871Z.jpg,2026-01-07 11:06:57,11,650
manual_capture_2026-01-07T05:36:57.165Z.jpg,2026-01-07 11:07:00,15,693
manual_capture_2026-01-07T05:37:00.453Z.jpg,2026-01-07 11:07:04,12,642
manual_capture_2026-01-07T05:37:07.107Z.jpg,2026-01-07 11:07:08,13,651
manual_capture_2026-01-07T05:37:18.286Z.jpg,2026-01-07 11:07:20,11,671
manual_capture_2026-01-07T05:37:18.347Z.jpg,2026-01-07 11:07:21,13,610
manual_capture_2026-01-07T05:37:25.836Z.jpg,2026-01-07 11:07:28,10,639
manual_capture_2026-01-07T05:37:26.022Z.jpg,2026-01-07 11:07:28,12,615
manual_capture_2026-01-07T05:37:35.956Z.jpg,2026-01-07 11:07:38,9,638
manual_capture_2026-01-07T05:37:36.417Z.jpg,2026-01-07 11:07:39,13,610
manual_capture_2026-01-07T05:37:39.861Z.jpg,2026-01-07 11:07:42,10,635
manual_capture_2026-01-07T05:37:43.469Z.jpg,2026-01-07 11:07:46,10,645
manual_capture_2026-01-07T05:37:44.377Z.jpg,2026-01-07 11:07:47,12,599
manual_capture_2026-01-07T05:37:44.478Z.jpg,2026-01-07 11:07:47,11,601
manual_capture_2026-01-07T05:37:52.444Z.jpg,2026-01-07 11:07:54,13,632
manual_capture_2026-01-07T05:37:56.763Z.jpg,2026-01-07 11:07:57,10,677
manual_capture_2026-01-07T05:37:59.531Z.jpg,2026-01-07 11:08:01,6,627
manual_capture_2026-01-07T05:38:00.367Z.jpg,2026-01-07 11:08:02,8,622
manual_capture_2026-01-07T05:38:01.082Z.jpg,2026-01-07 11:08:05,4,629
manual_capture_2026-01-07T05:38:01.844Z.jpg,2026-01-07 11:08:06,11,618
manual_capture_2026-01-07T05:38:03.942Z.jpg,2026-01-07 11:08:07,5,600
manual_capture_2026-01-07T05:38:11.142Z.jpg,2026-01-07 11:08:13,9,651
manual_capture_2026-01-07T05:38:12.090Z.jpg,2026-01-07 11:08:14,5,606
manual_capture_2026-01-07T05:38:13.155Z.jpg,2026-01-07 11:08:17,5,637
manual_capture_2026-01-07T05:38:14.192Z.jpg,2026-01-07 11:08:18,7,599
manual_capture_2026-01-07T05:38:15.084Z.jpg,2026-01-07 11:08:19,2,601
manual_capture_2026-01-07T05:38:15.656Z.jpg,2026-01-07 11:08:19,6,619
manual_capture_2026-01-07T05:38:18.185Z.jpg,2026-01-07 11:08:23,3,644
manual_capture_2026-01-07T05:38:20.260Z.jpg,2026-01-07 11:08:24,9,608
manual_capture_2026-01-07T05:38:20.597Z.jpg,2026-01-07 11:08:24,9,604
manual_capture_2026-01-07T05:38:21.971Z.jpg,2026-01-07 11:08:25,7,615
manual_capture_2026-01-07T05:38:23.987Z.jpg,2026-01-07 11:08:28,13,691
manual_capture_2026-01-07T05:38:24.474Z.jpg,2026-01-07 11:08:29,8,608
manual_capture_2026-01-07T05:38:24.568Z.jpg,2026-01-07 11:08:30,8,603
manual_capture_2026-01-07T05:38:25.112Z.jpg,2026-01-07 11:08:30,3,611
manual_capture_2026-01-07T05:38:25.975Z.jpg,2026-01-07 11:08:31,6,621
manual_capture_2026-01-07T05:38:27.320Z.jpg,2026-01-07 11:08:32,8,625
manual_capture_2026-01-07T05:38:31.579Z.jpg,2026-01-07 11:08:35,2,631
manual_capture_2026-01-07T05:38:33.727Z.jpg,2026-01-07 11:08:36,6,619
manual_capture_2026-01-07T05:38:34.272Z.jpg,2026-01-07 11:08:36,14,617
manual_capture_2026-01-07T05:38:35.468Z.jpg,2026-01-07 11:08:40,4,632
manual_capture_2026-01-07T05:38:36.567Z.jpg,2026-01-07 11:08:41,3,592
manual_capture_2026-01-07T05:38:37.210Z.jpg,2026-01-07 11:08:41,6,607
manual_capture_2026-01-07T05:38:38.036Z.jpg,2026-01-07 11:08:42,6,611
manual_capture_2026-01-07T05:38:38.841Z.jpg,2026-01-07 11:08:43,6,597
manual_capture_2026-01-07T05:38:39.930Z.jpg,2026-01-07 11:08:43,5,621
manual_capture_2026-01-07T05:38:40.548Z.jpg,2026-01-07 11:08:47,10,697
manual_capture_2026-01-07T05:38:41.116Z.jpg,2026-01-07 11:08:47,8,611
manual_capture_2026-01-07T05:38:41.448Z.jpg,2026-01-07 11:08:48,8,606
manual_capture_2026-01-07T05:38:42.021Z.jpg,2026-01-07 11:08:49,10,622
manual_capture_2026-01-07T05:38:42.751Z.jpg,2026-01-07 11:08:49,8,611
manual_capture_2026-01-07T05:38:43.060Z.jpg,2026-01-07 11:08:50,9,599
manual_capture_2026-01-07T05:38:43.335Z.jpg,2026-01-07 11:08:51,6,617
manual_capture_2026-01-07T05:38:43.701Z.jpg,2026-01-07 11:08:51,8,610
manual_capture_2026-01-07T05:38:44.135Z.jpg,2026-01-07 11:08:52,10,617
manual_capture_2026-01-07T05:38:45.787Z.jpg,2026-01-07 11:08:52,4,618
manual_capture_2026-01-07T05:38:46.519Z.jpg,2026-01-07 11:08:53,4,623
manual_capture_2026-01-07T05:38:47.651Z.jpg,2026-01-07 11:08:57,6,651
manual_capture_2026-01-07T05:38:47.867Z.jpg,2026-01-07 11:08:57,7,622
manual_capture_2026-01-07T05:38:49.264Z.jpg,2026-01-07 11:08:58,3,611
manual_capture_2026-01-07T05:38:50.814Z.jpg,2026-01-07 11:08:59,4,603
manual_capture_2026-01-07T05:38:51.824Z.jpg,2026-01-07 11:08:59,4,603
manual_capture_2026-01-07T05:38:52.433Z.jpg,2026-01-07 11:09:00,6,606
manual_capture_2026-01-07T05:38:53.864Z.jpg,2026-01-07 11:09:00,5,619
manual_capture_2026-01-07T05:38:57.110Z.jpg,2026-01-07 11:09:04,11,636
manual_capture_2026-01-07T05:39:04.648Z.jpg,2026-01-07 11:09:08,5,647
manual_capture_2026-01-07T05:39:04.823Z.jpg,2026-01-07 11:09:08,2,600
manual_capture_2026-01-07T05:39:06.181Z.jpg,2026-01-07 11:09:09,6,617
manual_capture_2026-01-07T05:39:08.002Z.jpg,2026-01-07 11:09:13,8,640
manual_capture_2026-01-07T05:39:09.372Z.jpg,2026-01-07 11:09:13,13,611
manual_capture_2026-01-07T05:39:10.507Z.jpg,2026-01-07 11:09:14,8,605
manual_capture_2026-01-07T05:39:10.598Z.jpg,2026-01-07 11:09:14,7,601
manual_capture_2026-01-07T05:39:12.944Z.jpg,2026-01-07 11:09:18,11,652
manual_capture_2026-01-07T05:39:15.617Z.jpg,2026-01-07 11:09:19,10,610
manual_capture_2026-01-07T05:39:18.248Z.jpg,2026-01-07 11:09:22,12,647
manual_capture_2026-01-07T05:39:18.540Z.jpg,2026-01-07 11:09:23,9,608
manual_capture_2026-01-07T05:39:19.830Z.jpg,2026-01-07 11:09:23,3,614
manual_capture_2026-01-07T05:39:22.216Z.jpg,2026-01-07 11:09:27,4,645
manual_capture_2026-01-07T05:39:22.813Z.jpg,2026-01-07 11:09:28,8,611
manual_capture_2026-01-07T05:39:23.492Z.jpg,2026-01-07 11:09:28,8,609
manual_capture_2026-01-07T05:39:23.635Z.jpg,2026-01-07 11:09:29,6,617
manual_capture_2026-01-07T05:39:23.652Z.jpg,2026-01-07 11:09:30,10,614
manual_capture_2026-01-07T05:39:24.052Z.jpg,2026-01-07 11:09:30,9,629
manual_capture_2026-01-07T05:39:25.606Z.jpg,2026-01-07 11:09:31,8,612
manual_capture_2026-01-07T05:39:25.646Z.jpg,2026-01-07 11:09:31,3,624
manual_capture_2026-01-07T05:39:26.040Z.jpg,2026-01-07 11:09:32,6,619
manual_capture_2026-01-07T05:39:26.810Z.jpg,2026-01-07 11:09:33,10,595
manual_capture_2026-01-07T05:39:27.781Z.jpg,2026-01-07 11:09:36,8,635
manual_capture_2026-01-07T05:39:28.172Z.jpg,2026-01-07 11:09:37,7,607
manual_capture_2026-01-07T05:39:28.577Z.jpg,2026-01-07 11:09:38,10,623
manual_capture_2026-01-07T05:39:28.743Z.jpg,2026-01-07 11:09:38,7,622
manual_capture_2026-01-07T05:39:29.832Z.jpg,2026-01-07 11:09:39,10,599
manual_capture_2026-01-07T05:39:30.241Z.jpg,2026-01-07 11:09:39,13,620
manual_capture_2026-01-07T05:39:30.352Z.jpg,2026-01-07 11:09:40,14,608
manual_capture_2026-01-07T05:39:30.831Z.jpg,2026-01-07 11:09:41,11,616
manual_capture_2026-01-07T05:39:31.756Z.jpg,2026-01-07 11:09:41,8,614
manual_capture_2026-01-07T05:39:32.495Z.jpg,2026-01-07 11:09:42,12,614
manual_capture_2026-01-07T05:39:33.431Z.jpg,2026-01-07 11:09:43,7,608
manual_capture_2026-01-07T05:39:34.054Z.jpg,2026-01-07 11:09:43,8,606
manual_capture_2026-01-07T05:39:34.189Z.jpg,2026-01-07 11:09:44,7,612
manual_capture_2026-01-07T05:39:35.226Z.jpg,2026-01-07 11:09:44,5,599
manual_capture_2026-01-07T05:39:36.776Z.jpg,2026-01-07 11:09:48,5,650
manual_capture_2026-01-07T05:39:37.096Z.jpg,2026-01-07 11:09:49,5,615
manual_capture_2026-01-07T05:39:37.861Z.jpg,2026-01-07 11:09:49,4,606
manual_capture_2026-01-07T05:39:39.470Z.jpg,2026-01-07 11:09:50,5,604
manual_capture_2026-01-07T05:39:41.307Z.jpg,2026-01-07 11:09:50,8,619
manual_capture_2026-01-07T05:39:44.086Z.jpg,2026-01-07 11:09:51,5,616
manual_capture_2026-01-07T05:39:44.592Z.jpg,2026-01-07 11:09:52,9,735
manual_capture_2026-01-07T05:39:45.402Z.jpg,2026-01-07 11:09:52,9,641
manual_capture_2026-01-07T05:39:46.536Z.jpg,2026-01-07 11:09:53,6,609
manual_capture_2026-01-07T05:39:46.784Z.jpg,2026-01-07 11:09:54,5,604
manual_capture_2026-01-07T05:39:48.223Z.jpg,2026-01-07 11:09:57,7,636
manual_capture_2026-01-07T05:39:50.456Z.jpg,2026-01-07 11:09:58,4,614
manual_capture_2026-01-07T05:39:50.545Z.jpg,2026-01-07 11:09:59,9,597
manual_capture_2026-01-07T05:39:51.334Z.jpg,2026-01-07 11:09:59,12,624
manual_capture_2026-01-07T05:39:53.013Z.jpg,2026-01-07 11:10:00,15,629
manual_capture_2026-01-07T05:39:53.957Z.jpg,2026-01-07 11:10:00,8,612
manual_capture_2026-01-07T05:39:54.833Z.jpg,2026-01-07 11:10:01,9,616
manual_capture_2026-01-07T05:39:57.983Z.jpg,2026-01-07 11:10:05,5,653
manual_capture_2026-01-07T05:39:59.635Z.jpg,2026-01-07 11:10:05,3,604
manual_capture_2026-01-07T05:39:59.642Z.jpg,2026-01-07 11:10:06,6,612
manual_capture_2026-01-07T05:40:00.515Z.jpg,2026-01-07 11:10:07,6,597
manual_capture_2026-01-07T05:40:05.581Z.jpg,2026-01-07 11:10:10,6,645
manual_capture_2026-01-07T05:40:06.250Z.jpg,2026-01-07 11:10:11,10,607
manual_capture_2026-01-07T05:40:06.561Z.jpg,2026-01-07 11:10:11,8,610
manual_capture_2026-01-07T05:40:07.402Z.jpg,2026-01-07 11:10:12,10,650
manual_capture_2026-01-07T05:40:08.100Z.jpg,2026-01-07 11:10:13,9,610
manual_capture_2026-01-07T05:40:08.985Z.jpg,2026-01-07 11:10:13,7,621
manual_capture_2026-01-07T05:40:09.243Z.jpg,2026-01-07 11:10:14,5,618
manual_capture_2026-01-07T05:40:09.562Z.jpg,2026-01-07 11:10:14,6,598
manual_capture_2026-01-07T05:40:10.436Z.jpg,2026-01-07 11:10:18,8,640
manual_capture_2026-01-07T05:40:10.570Z.jpg,2026-01-07 11:10:19,6,595
manual_capture_2026-01-07T05:40:11.284Z.jpg,2026-01-07 11:10:19,8,604
manual_capture_2026-01-07T05:40:12.306Z.jpg,2026-01-07 11:10:20,7,600
manual_capture_2026-01-07T05:40:12.513Z.jpg,2026-01-07 11:10:21,8,593
manual_capture_2026-01-07T05:40:14.586Z.jpg,2026-01-07 11:10:21,7,629
manual_capture_2026-01-07T05:40:17.463Z.jpg,2026-01-07 11:10:22,9,619
manual_capture_2026-01-07T05:40:18.416Z.jpg,2026-01-07 11:10:25,12,644
manual_capture_2026-01-07T05:40:22.450Z.jpg,2026-01-07 11:10:26,8,609
manual_capture_2026-01-07T05:40:27.164Z.jpg,2026-01-07 11:10:30,9,635
manual_capture_2026-01-07T05:40:29.796Z.jpg,2026-01-07 11:10:33,8,644
manual_capture_2026-01-07T05:40:29.867Z.jpg,2026-01-07 11:10:34,8,618
manual_capture_2026-01-07T05:40:31.269Z.jpg,2026-01-07 11:10:35,9,610
manual_capture_2026-01-07T05:40:31.785Z.jpg,2026-01-07 11:10:35,13,604
manual_capture_2026-01-07T05:40:31.890Z.jpg,2026-01-07 11:10:36,8,613
manual_capture_2026-01-07T05:40:32.963Z.jpg,2026-01-07 11:10:36,5,621
manual_capture_2026-01-07T05:40:32.967Z.jpg,2026-01-07 11:10:37,16,657
manual_capture_2026-01-07T05:40:35.302Z.jpg,2026-01-07 11:10:41,4,653
manual_capture_2026-01-07T05:40:35.303Z.jpg,2026-01-07 11:10:41,8,620
manual_capture_2026-01-07T05:40:37.500Z.jpg,2026-01-07 11:10:42,10,638
manual_capture_2026-01-07T05:40:39.871Z.jpg,2026-01-07 11:10:43,11,603
manual_capture_2026-01-07T05:40:42.249Z.jpg,2026-01-07 11:10:46,7,632
manual_capture_2026-01-07T05:40:47.364Z.jpg,2026-01-07 11:10:50,8,649
manual_capture_2026-01-07T05:40:49.953Z.jpg,2026-01-07 11:10:54,10,643
manual_capture_2026-01-07T05:40:52.381Z.jpg,2026-01-07 11:10:54,9,606
manual_capture_2026-01-07T05:40:56.220Z.jpg,2026-01-07 11:10:58,14,676
manual_capture_2026-01-07T05:40:59.036Z.jpg,2026-01-07 11:11:02,6,652
manual_capture_2026-01-07T05:41:00.204Z.jpg,2026-01-07 11:11:02,7,612
manual_capture_2026-01-07T05:41:03.606Z.jpg,2026-01-07 11:11:06,7,653
manual_capture_2026-01-07T05:41:12.155Z.jpg,2026-01-07 11:11:13,7,646
manual_capture_2026-01-07T05:41:14.152Z.jpg,2026-01-07 11:11:16,21,690
manual_capture_2026-01-07T05:41:15.752Z.jpg,2026-01-07 11:11:17,17,601
manual_capture_2026-01-07T05:41:17.210Z.jpg,2026-01-07 11:11:20,14,633
manual_capture_2026-01-07T05:41:20.846Z.jpg,2026-01-07 11:11:24,10,641
manual_capture_2026-01-07T05:41:37.434Z.jpg,2026-01-07 11:11:40,10,642
manual_capture_2026-01-07T05:41:37.641Z.jpg,2026-01-07 11:11:40,21,615
manual_capture_2026-01-07T05:41:45.569Z.jpg,2026-01-07 11:11:47,11,628
manual_capture_2026-01-07T05:41:51.270Z.jpg,2026-01-07 11:11:54,13,667
manual_capture_2026-01-07T05:41:56.071Z.jpg,2026-01-07 11:11:57,10,638
manual_capture_2026-01-07T05:41:59.730Z.jpg,2026-01-07 11:12:01,18,665
manual_capture_2026-01-07T05:42:00.249Z.jpg,2026-01-07 11:12:02,8,609
manual_capture_2026-01-07T05:42:01.692Z.jpg,2026-01-07 11:12:05,16,647
manual_capture_2026-01-07T05:42:06.537Z.jpg,2026-01-07 11:12:09,9,638
manual_capture_2026-01-07T05:42:17.436Z.jpg,2026-01-07 11:12:19,13,640
manual_capture_2026-01-07T05:42:21.302Z.jpg,2026-01-07 11:12:22,20,696
manual_capture_2026-01-07T05:42:21.450Z.jpg,2026-01-07 11:12:23,12,614
manual_capture_2026-01-07T05:43:02.938Z.jpg,2026-01-07 11:13:06,11,636
manual_capture_2026-01-07T05:43:04.055Z.jpg,2026-01-07 11:13:06,12,599
manual_capture_2026-01-07T05:43:08.318Z.jpg,2026-01-07 11:13:10,10,647
manual_capture_2026-01-07T05:43:10.618Z.jpg,2026-01-07 11:13:14,13,652
manual_capture_2026-01-07T05:43:17.804Z.jpg,2026-01-07 11:13:20,15,646
manual_capture_2026-01-07T05:43:19.429Z.jpg,2026-01-07 11:13:21,10,603
manual_capture_2026-01-07T05:43:19.820Z.jpg,2026-01-07 11:13:22,14,609
manual_capture_2026-01-07T05:43:21.023Z.jpg,2026-01-07 11:13:25,14,659
manual_capture_2026-01-07T05:43:26.991Z.jpg,2026-01-07 11:13:29,13,648
manual_capture_2026-01-07T05:43:32.897Z.jpg,2026-01-07 11:13:36,13,642
manual_capture_2026-01-07T05:43:36.403Z.jpg,2026-01-07 11:13:39,20,683
manual_capture_2026-01-07T05:43:36.829Z.jpg,2026-01-07 11:13:40,13,609
manual_capture_2026-01-07T05:43:37.879Z.jpg,2026-01-07 11:13:40,14,618
manual_capture_2026-01-07T05:43:38.388Z.jpg,2026-01-07 11:13:41,16,640
manual_capture_2026-01-07T05:43:38.854Z.jpg,2026-01-07 11:13:42,13,613
manual_capture_2026-01-07T05:43:39.404Z.jpg,2026-01-07 11:13:45,10,627
manual_capture_2026-01-07T05:43:40.564Z.jpg,2026-01-07 11:13:46,13,606
manual_capture_2026-01-07T05:43:40.998Z.jpg,2026-01-07 11:13:47,14,592
manual_capture_2026-01-07T05:43:41.069Z.jpg,2026-01-07 11:13:47,17,614
manual_capture_2026-01-07T05:43:41.363Z.jpg,2026-01-07 11:13:48,15,624
manual_capture_2026-01-07T05:43:41.713Z.jpg,2026-01-07 11:13:48,17,611
manual_capture_2026-01-07T05:43:42.619Z.jpg,2026-01-07 11:13:49,15,621
manual_capture_2026-01-07T05:43:43.351Z.jpg,2026-01-07 11:13:50,11,601
manual_capture_2026-01-07T05:43:44.254Z.jpg,2026-01-07 11:13:50,15,607
manual_capture_2026-01-07T05:43:44.592Z.jpg,2026-01-07 11:13:51,14,611
manual_capture_2026-01-07T05:43:45.363Z.jpg,2026-01-07 11:13:55,14,636
manual_capture_2026-01-07T05:43:46.086Z.jpg,2026-01-07 11:13:55,13,604
manual_capture_2026-01-07T05:43:46.632Z.jpg,2026-01-07 11:13:56,15,643
manual_capture_2026-01-07T05:43:47.403Z.jpg,2026-01-07 11:13:56,13,615
manual_capture_2026-01-07T05:43:47.870Z.jpg,2026-01-07 11:13:57,13,616
manual_capture_2026-01-07T05:43:48.464Z.jpg,2026-01-07 11:13:58,14,605
manual_capture_2026-01-07T05:43:49.239Z.jpg,2026-01-07 11:13:58,9,606
manual_capture_2026-01-07T05:43:50.415Z.jpg,2026-01-07 11:13:59,12,631
manual_capture_2026-01-07T05:43:51.273Z.jpg,2026-01-07 11:13:59,14,608
manual_capture_2026-01-07T05:43:51.613Z.jpg,2026-01-07 11:14:00,13,615
manual_capture_2026-01-07T05:43:51.628Z.jpg,2026-01-07 11:14:01,13,615
manual_capture_2026-01-07T05:43:53.159Z.jpg,2026-01-07 11:14:01,15,648
manual_capture_2026-01-07T05:43:54.031Z.jpg,2026-01-07 11:14:02,16,603
manual_capture_2026-01-07T05:43:54.772Z.jpg,2026-01-07 11:14:06,19,702
manual_capture_2026-01-07T05:43:55.223Z.jpg,2026-01-07 11:14:06,17,604
manual_capture_2026-01-07T05:43:55.418Z.jpg,2026-01-07 11:14:07,18,616
manual_capture_2026-01-07T05:43:55.686Z.jpg,2026-01-07 11:14:08,20,625
manual_capture_2026-01-07T05:43:56.089Z.jpg,2026-01-07 11:14:08,15,615
manual_capture_2026-01-07T05:43:56.836Z.jpg,2026-01-07 11:14:09,12,608
manual_capture_2026-01-07T05:43:57.639Z.jpg,2026-01-07 11:14:09,13,650
manual_capture_2026-01-07T05:43:58.336Z.jpg,2026-01-07 11:14:10,18,614
manual_capture_2026-01-07T05:43:58.739Z.jpg,2026-01-07 11:14:11,17,609
manual_capture_2026-01-07T05:43:58.886Z.jpg,2026-01-07 11:14:11,15,607
manual_capture_2026-01-07T05:44:01.346Z.jpg,2026-01-07 11:14:12,18,613
manual_capture_2026-01-07T05:44:02.339Z.jpg,2026-01-07 11:14:13,19,644
manual_capture_2026-01-07T05:44:03.373Z.jpg,2026-01-07 11:14:13,15,654
manual_capture_2026-01-07T05:44:04.162Z.jpg,2026-01-07 11:14:14,15,617
manual_capture_2026-01-07T05:44:04.871Z.jpg,2026-01-07 11:14:14,18,628
manual_capture_2026-01-07T05:44:05.235Z.jpg,2026-01-07 11:14:15,12,612
manual_capture_2026-01-07T05:44:06.059Z.jpg,2026-01-07 11:14:19,15,663
manual_capture_2026-01-07T05:44:06.741Z.jpg,2026-01-07 11:14:19,15,627
manual_capture_2026-01-07T05:44:07.732Z.jpg,2026-01-07 11:14:20,17,611
manual_capture_2026-01-07T05:44:09.376Z.jpg,2026-01-07 11:14:21,13,610
manual_capture_2026-01-07T05:44:10.202Z.jpg,2026-01-07 11:14:21,19,649
manual_capture_2026-01-07T05:44:10.960Z.jpg,2026-01-07 11:14:22,17,622
manual_capture_2026-01-07T05:44:11.602Z.jpg,2026-01-07 11:14:22,17,631
manual_capture_2026-01-07T05:44:12.221Z.jpg,2026-01-07 11:14:23,16,627
manual_capture_2026-01-07T05:44:12.808Z.jpg,2026-01-07 11:14:24,18,615
manual_capture_2026-01-07T05:44:13.292Z.jpg,2026-01-07 11:14:24,16,602
manual_capture_2026-01-07T05:44:14.086Z.jpg,2026-01-07 11:14:25,16,650
manual_capture_2026-01-07T05:44:14.895Z.jpg,2026-01-07 11:14:26,17,657
manual_capture_2026-01-07T05:44:15.255Z.jpg,2026-01-07 11:14:26,14,612
manual_capture_2026-01-07T05:44:15.625Z.jpg,2026-01-07 11:14:27,14,607
manual_capture_2026-01-07T05:44:15.983Z.jpg,2026-01-07 11:14:27,19,618
manual_capture_2026-01-07T05:44:16.475Z.jpg,2026-01-07 11:14:28,15,640
manual_capture_2026-01-07T05:44:17.223Z.jpg,2026-01-07 11:14:29,16,609
manual_capture_2026-01-07T05:44:18.007Z.jpg,2026-01-07 11:14:29,16,661
manual_capture_2026-01-07T05:44:18.244Z.jpg,2026-01-07 11:14:30,21,623
manual_capture_2026-01-07T05:44:19.529Z.jpg,2026-01-07 11:14:34,17,643
manual_capture_2026-01-07T05:44:19.732Z.jpg,2026-01-07 11:14:34,19,657
manual_capture_2026-01-07T05:44:21.048Z.jpg,2026-01-07 11:14:35,16,612
manual_capture_2026-01-07T05:44:21.611Z.jpg,2026-01-07 11:14:36,18,612
manual_capture_2026-01-07T05:44:22.608Z.jpg,2026-01-07 11:14:36,18,656
manual_capture_2026-01-07T05:44:23.454Z.jpg,2026-01-07 11:14:37,16,617
manual_capture_2026-01-07T05:44:24.280Z.jpg,2026-01-07 11:14:37,17,635
manual_capture_2026-01-07T05:44:25.371Z.jpg,2026-01-07 11:14:38,19,612
manual_capture_2026-01-07T05:44:25.857Z.jpg,2026-01-07 11:14:39,20,632
manual_capture_2026-01-07T05:44:26.680Z.jpg,2026-01-07 11:14:39,19,613
manual_capture_2026-01-07T05:44:27.329Z.jpg,2026-01-07 11:14:40,16,618
manual_capture_2026-01-07T05:44:29.091Z.jpg,2026-01-07 11:14:41,16,602
manual_capture_2026-01-07T05:44:30.233Z.jpg,2026-01-07 11:14:41,12,610
manual_capture_2026-01-07T05:44:30.911Z.jpg,2026-01-07 11:14:42,16,611
manual_capture_2026-01-07T05:44:31.786Z.jpg,2026-01-07 11:14:42,15,616
manual_capture_2026-01-07T05:44:33.172Z.jpg,2026-01-07 11:14:43,16,618
manual_capture_2026-01-07T05:44:34.520Z.jpg,2026-01-07 11:14:47,13,634
manual_capture_2026-01-07T05:44:35.402Z.jpg,2026-01-07 11:14:47,15,603
manual_capture_2026-01-07T05:44:36.609Z.jpg,2026-01-07 11:14:48,16,613
manual_capture_2026-01-07T05:44:37.201Z.jpg,2026-01-07 11:14:49,19,603
manual_capture_2026-01-07T05:44:37.650Z.jpg,2026-01-07 11:14:49,16,607
manual_capture_2026-01-07T05:44:38.983Z.jpg,2026-01-07 11:14:50,15,656
manual_capture_2026-01-07T05:44:39.695Z.jpg,2026-01-07 11:14:50,16,612
manual_capture_2026-01-07T05:44:40.567Z.jpg,2026-01-07 11:14:51,16,630
manual_capture_2026-01-07T05:44:41.409Z.jpg,2026-01-07 11:14:52,14,603
manual_capture_2026-01-07T05:44:41.526Z.jpg,2026-01-07 11:14:52,17,615
manual_capture_2026-01-07T05:44:42.036Z.jpg,2026-01-07 11:14:53,18,644
manual_capture_2026-01-07T05:44:42.790Z.jpg,2026-01-07 11:14:54,18,635
manual_capture_2026-01-07T05:44:43.527Z.jpg,2026-01-07 11:14:54,18,612
manual_capture_2026-01-07T05:44:44.041Z.jpg,2026-01-07 11:14:55,16,606
manual_capture_2026-01-07T05:44:44.302Z.jpg,2026-01-07 11:14:55,15,603
manual_capture_2026-01-07T05:44:44.516Z.jpg,2026-01-07 11:14:56,16,601
manual_capture_2026-01-07T05:44:45.049Z.jpg,2026-01-07 11:14:57,18,622
manual_capture_2026-01-07T05:44:46.133Z.jpg,2026-01-07 11:14:57,17,602
manual_capture_2026-01-07T05:44:46.897Z.jpg,2026-01-07 11:15:01,14,658
manual_capture_2026-01-07T05:44:47.727Z.jpg,2026-01-07 11:15:02,15,619
manual_capture_2026-01-07T05:44:49.158Z.jpg,2026-01-07 11:15:02,18,616
manual_capture_2026-01-07T05:44:49.256Z.jpg,2026-01-07 11:15:03,17,616
manual_capture_2026-01-07T05:44:49.960Z.jpg,2026-01-07 11:15:03,15,609
manual_capture_2026-01-07T05:44:50.091Z.jpg,2026-01-07 11:15:04,15,607
manual_capture_2026-01-07T05:44:51.299Z.jpg,2026-01-07 11:15:05,15,617
manual_capture_2026-01-07T05:44:51.529Z.jpg,2026-01-07 11:15:05,15,614
manual_capture_2026-01-07T05:44:51.925Z.jpg,2026-01-07 11:15:06,16,607
manual_capture_2026-01-07T05:44:52.482Z.jpg,2026-01-07 11:15:06,12,604
manual_capture_2026-01-07T05:44:52.844Z.jpg,2026-01-07 11:15:07,12,629
manual_capture_2026-01-07T05:44:53.197Z.jpg,2026-01-07 11:15:08,14,600
manual_capture_2026-01-07T05:44:54.022Z.jpg,2026-01-07 11:15:08,12,618
manual_capture_2026-01-07T05:44:54.103Z.jpg,2026-01-07 11:15:09,16,606
manual_capture_2026-01-07T05:44:54.493Z.jpg,2026-01-07 11:15:10,13,630
manual_capture_2026-01-07T05:44:56.230Z.jpg,2026-01-07 11:15:10,14,608
manual_capture_2026-01-07T05:44:56.851Z.jpg,2026-01-07 11:15:11,17,595
manual_capture_2026-01-07T05:44:57.931Z.jpg,2026-01-07 11:15:11,9,608
manual_capture_2026-01-07T05:44:58.691Z.jpg,2026-01-07 11:15:12,13,617
manual_capture_2026-01-07T05:44:59.775Z.jpg,2026-01-07 11:15:13,14,621
manual_capture_2026-01-07T05:45:00.390Z.jpg,2026-01-07 11:15:13,13,603
manual_capture_2026-01-07T05:45:00.742Z.jpg,2026-01-07 11:15:17,13,649
manual_capture_2026-01-07T05:45:00.852Z.jpg,2026-01-07 11:15:17,12,617
manual_capture_2026-01-07T05:45:02.012Z.jpg,2026-01-07 11:15:18,13,612
manual_capture_2026-01-07T05:45:02.153Z.jpg,2026-01-07 11:15:19,14,617
manual_capture_2026-01-07T05:45:02.734Z.jpg,2026-01-07 11:15:19,16,620
manual_capture_2026-01-07T05:45:03.283Z.jpg,2026-01-07 11:15:20,15,613
manual_capture_2026-01-07T05:45:04.562Z.jpg,2026-01-07 11:15:21,17,610
manual_capture_2026-01-07T05:45:05.208Z.jpg,2026-01-07 11:15:21,14,619
manual_capture_2026-01-07T05:45:05.891Z.jpg,2026-01-07 11:15:22,17,603
manual_capture_2026-01-07T05:45:06.594Z.jpg,2026-01-07 11:15:22,8,619
manual_capture_2026-01-07T05:45:07.288Z.jpg,2026-01-07 11:15:23,13,615
manual_capture_2026-01-07T05:45:07.445Z.jpg,2026-01-07 11:15:24,15,614
manual_capture_2026-01-07T05:45:07.863Z.jpg,2026-01-07 11:15:24,14,626
manual_capture_2026-01-07T05:45:08.774Z.jpg,2026-01-07 11:15:25,19,607
manual_capture_2026-01-07T05:45:09.997Z.jpg,2026-01-07 11:15:26,13,618
manual_capture_2026-01-07T05:45:10.541Z.jpg,2026-01-07 11:15:26,13,601
manual_capture_2026-01-07T05:45:11.569Z.jpg,2026-01-07 11:15:27,16,602
manual_capture_2026-01-07T05:45:12.724Z.jpg,2026-01-07 11:15:27,18,602
manual_capture_2026-01-07T05:45:13.129Z.jpg,2026-01-07 11:15:28,13,613
manual_capture_2026-01-07T05:45:15.047Z.jpg,2026-01-07 11:15:29,12,607
manual_capture_2026-01-07T05:45:15.942Z.jpg,2026-01-07 11:15:29,14,610
manual_capture_2026-01-07T05:45:17.030Z.jpg,2026-01-07 11:15:33,13,658
manual_capture_2026-01-07T05:45:19.386Z.jpg,2026-01-07 11:15:33,15,616
manual_capture_2026-01-07T05:45:19.701Z.jpg,2026-01-07 11:15:34,13,615
manual_capture_2026-01-07T05:45:20.506Z.jpg,2026-01-07 11:15:35,21,606
manual_capture_2026-01-07T05:45:21.444Z.jpg,2026-01-07 11:15:35,18,615
manual_capture_2026-01-07T05:45:21.887Z.jpg,2026-01-07 11:15:36,15,609
manual_capture_2026-01-07T05:45:22.518Z.jpg,2026-01-07 11:15:37,17,612
manual_capture_2026-01-07T05:45:24.575Z.jpg,2026-01-07 11:15:37,18,614
manual_capture_2026-01-07T05:45:25.480Z.jpg,2026-01-07 11:15:38,13,612
manual_capture_2026-01-07T05:45:27.253Z.jpg,2026-01-07 11:15:38,18,623
manual_capture_2026-01-07T05:45:28.227Z.jpg,2026-01-07 11:15:39,15,620
manual_capture_2026-01-07T05:45:28.458Z.jpg,2026-01-07 11:15:40,13,602
manual_capture_2026-01-07T05:45:30.519Z.jpg,2026-01-07 11:15:40,14,618
manual_capture_2026-01-07T05:45:31.059Z.jpg,2026-01-07 11:15:41,17,613
manual_capture_2026-01-07T05:45:31.393Z.jpg,2026-01-07 11:15:41,17,614
manual_capture_2026-01-07T05:45:31.623Z.jpg,2026-01-07 11:15:42,17,629
manual_capture_2026-01-07T05:45:32.291Z.jpg,2026-01-07 11:15:43,16,614
manual_capture_2026-01-07T05:45:32.433Z.jpg,2026-01-07 11:15:43,17,612
manual_capture_2026-01-07T05:45:33.117Z.jpg,2026-01-07 11:15:47,19,655
manual_capture_2026-01-07T05:45:33.497Z.jpg,2026-01-07 11:15:48,14,604
manual_capture_2026-01-07T05:45:33.712Z.jpg,2026-01-07 11:15:48,13,606
manual_capture_2026-01-07T05:45:33.869Z.jpg,2026-01-07 11:15:49,17,615
manual_capture_2026-01-07T05:45:34.765Z.jpg,2026-01-07 11:15:49,14,615
manual_capture_2026-01-07T05:45:35.412Z.jpg,2026-01-07 11:15:50,16,622
manual_capture_2026-01-07T05:45:35.600Z.jpg,2026-01-07 11:15:51,16,606
manual_capture_2026-01-07T05:45:36.605Z.jpg,2026-01-07 11:15:51,14,609
manual_capture_2026-01-07T05:45:37.426Z.jpg,2026-01-07 11:15:52,13,617
manual_capture_2026-01-07T05:45:38.068Z.jpg,2026-01-07 11:15:53,12,614
manual_capture_2026-01-07T05:45:39.532Z.jpg,2026-01-07 11:15:53,15,604
manual_capture_2026-01-07T05:45:40.525Z.jpg,2026-01-07 11:15:54,17,615
manual_capture_2026-01-07T05:45:41.032Z.jpg,2026-01-07 11:15:54,18,618
manual_capture_2026-01-07T05:45:41.649Z.jpg,2026-01-07 11:15:55,18,612
manual_capture_2026-01-07T05:45:42.024Z.jpg,2026-01-07 11:15:56,16,619
manual_capture_2026-01-07T05:45:42.445Z.jpg,2026-01-07 11:15:56,16,608
manual_capture_2026-01-07T05:45:42.492Z.jpg,2026-01-07 11:15:57,15,608
manual_capture_2026-01-07T05:45:43.125Z.jpg,2026-01-07 11:15:57,19,616
manual_capture_2026-01-07T05:45:43.315Z.jpg,2026-01-07 11:15:58,15,603
manual_capture_2026-01-07T05:45:45.098Z.jpg,2026-01-07 11:15:59,18,612
manual_capture_2026-01-07T05:45:46.170Z.jpg,2026-01-07 11:15:59,17,608
manual_capture_2026-01-07T05:45:46.566Z.jpg,2026-01-07 11:16:00,17,618
manual_capture_2026-01-07T05:45:46.766Z.jpg,2026-01-07 11:16:01,16,610
manual_capture_2026-01-07T05:45:48.075Z.jpg,2026-01-07 11:16:04,12,638
manual_capture_2026-01-07T05:45:48.601Z.jpg,2026-01-07 11:16:05,18,608
manual_capture_2026-01-07T05:45:48.849Z.jpg,2026-01-07 11:16:05,18,614
manual_capture_2026-01-07T05:45:50.597Z.jpg,2026-01-07 11:16:06,15,610
manual_capture_2026-01-07T05:45:50.970Z.jpg,2026-01-07 11:16:07,17,611
manual_capture_2026-01-07T05:45:51.151Z.jpg,2026-01-07 11:16:07,17,637
manual_capture_2026-01-07T05:45:51.160Z.jpg,2026-01-07 11:16:08,15,614
manual_capture_2026-01-07T05:45:51.623Z.jpg,2026-01-07 11:16:08,14,608
manual_capture_2026-01-07T05:45:52.171Z.jpg,2026-01-07 11:16:09,15,621
manual_capture_2026-01-07T05:45:52.717Z.jpg,2026-01-07 11:16:10,15,608
manual_capture_2026-01-07T05:45:53.412Z.jpg,2026-01-07 11:16:10,11,603
manual_capture_2026-01-07T05:45:54.146Z.jpg,2026-01-07 11:16:11,10,618
manual_capture_2026-01-07T05:45:55.274Z.jpg,2026-01-07 11:16:12,13,605
manual_capture_2026-01-07T05:45:56.051Z.jpg,2026-01-07 11:16:12,14,616
manual_capture_2026-01-07T05:45:56.499Z.jpg,2026-01-07 11:16:13,12,618
manual_capture_2026-01-07T05:45:57.393Z.jpg,2026-01-07 11:16:13,16,612
manual_capture_2026-01-07T05:45:58.289Z.jpg,2026-01-07 11:16:14,16,625
manual_capture_2026-01-07T05:45:59.365Z.jpg,2026-01-07 11:16:15,8,606
manual_capture_2026-01-07T05:45:59.927Z.jpg,2026-01-07 11:16:15,9,605
manual_capture_2026-01-07T05:46:00.329Z.jpg,2026-01-07 11:16:16,10,624
manual_capture_2026-01-07T05:46:01.398Z.jpg,2026-01-07 11:16:17,9,620
manual_capture_2026-01-07T05:46:02.836Z.jpg,2026-01-07 11:16:17,14,628
manual_capture_2026-01-07T05:46:05.594Z.jpg,2026-01-07 11:16:21,8,642
manual_capture_2026-01-07T05:46:06.848Z.jpg,2026-01-07 11:16:21,11,602
manual_capture_2026-01-07T05:46:07.863Z.jpg,2026-01-07 11:16:22,11,626
manual_capture_2026-01-07T05:46:07.951Z.jpg,2026-01-07 11:16:23,11,615
manual_capture_2026-01-07T05:46:08.935Z.jpg,2026-01-07 11:16:23,15,608
manual_capture_2026-01-07T05:46:09.607Z.jpg,2026-01-07 11:16:24,14,620
manual_capture_2026-01-07T05:46:10.023Z.jpg,2026-01-07 11:16:24,11,618
manual_capture_2026-01-07T05:46:10.153Z.jpg,2026-01-07 11:16:25,12,611
manual_capture_2026-01-07T05:46:11.227Z.jpg,2026-01-07 11:16:26,13,612
manual_capture_2026-01-07T05:46:12.052Z.jpg,2026-01-07 11:16:26,12,613
manual_capture_2026-01-07T05:46:12.313Z.jpg,2026-01-07 11:16:27,9,606
manual_capture_2026-01-07T05:46:13.087Z.jpg,2026-01-07 11:16:28,9,623
manual_capture_2026-01-07T05:46:13.608Z.jpg,2026-01-07 11:16:28,11,629
manual_capture_2026-01-07T05:46:14.141Z.jpg,2026-01-07 11:16:29,11,675
manual_capture_2026-01-07T05:46:14.284Z.jpg,2026-01-07 11:16:29,10,603
manual_capture_2026-01-07T05:46:14.366Z.jpg,2026-01-07 11:16:30,8,619
manual_capture_2026-01-07T05:46:14.989Z.jpg,2026-01-07 11:16:31,8,609
manual_capture_2026-01-07T05:46:15.180Z.jpg,2026-01-07 11:16:31,13,602
manual_capture_2026-01-07T05:46:16.299Z.jpg,2026-01-07 11:16:32,13,596
manual_capture_2026-01-07T05:46:16.581Z.jpg,2026-01-07 11:16:33,10,603
manual_capture_2026-01-07T05:46:18.175Z.jpg,2026-01-07 11:16:33,7,586
manual_capture_2026-01-07T05:46:18.268Z.jpg,2026-01-07 11:16:34,11,609
manual_capture_2026-01-07T05:46:19.793Z.jpg,2026-01-07 11:16:34,12,602
manual_capture_2026-01-07T05:46:20.132Z.jpg,2026-01-07 11:16:35,8,630
manual_capture_2026-01-07T05:46:20.190Z.jpg,2026-01-07 11:16:36,12,627
manual_capture_2026-01-07T05:46:21.580Z.jpg,2026-01-07 11:16:39,11,768
manual_capture_2026-01-07T05:46:22.856Z.jpg,2026-01-07 11:16:39,0,0
manual_capture_2026-01-07T05:46:23.678Z.jpg,2026-01-07 11:16:39,0,0
manual_capture_2026-01-07T05:46:24.669Z.jpg,2026-01-07 11:16:39,0,0
manual_capture_2026-01-07T05:46:25.659Z.jpg,2026-01-07 11:16:39,0,0
manual_capture_2026-01-07T05:46:34.764Z.jpg,2026-01-07 11:16:40,8,614
manual_capture_2026-01-07T05:46:35.132Z.jpg,2026-01-07 11:16:41,11,606
manual_capture_2026-01-07T05:46:39.121Z.jpg,2026-01-07 11:16:44,9,656
manual_capture_2026-01-07T05:46:44.641Z.jpg,2026-01-07 11:16:48,6,652
manual_capture_2026-01-07T05:46:44.980Z.jpg,2026-01-07 11:16:49,6,608
manual_capture_2026-01-07T05:46:50.505Z.jpg,2026-01-07 11:16:52,7,630
manual_capture_2026-01-07T05:46:51.373Z.jpg,2026-01-07 11:16:53,5,608
manual_capture_2026-01-07T05:46:52.824Z.jpg,2026-01-07 11:16:56,4,649
manual_capture_2026-01-07T05:46:53.973Z.jpg,2026-01-07 11:16:57,7,611
manual_capture_2026-01-07T05:46:55.609Z.jpg,2026-01-07 11:16:58,9,615
manual_capture_2026-01-07T05:46:56.321Z.jpg,2026-01-07 11:17:01,11,646
manual_capture_2026-01-07T05:46:57.054Z.jpg,2026-01-07 11:17:02,7,637
manual_capture_2026-01-07T05:46:57.918Z.jpg,2026-01-07 11:17:03,4,600
manual_capture_2026-01-07T05:46:58.066Z.jpg,2026-01-07 11:17:03,7,607
manual_capture_2026-01-07T05:47:01.142Z.jpg,2026-01-07 11:17:04,9,607
manual_capture_2026-01-07T05:47:03.578Z.jpg,2026-01-07 11:17:07,7,645
manual_capture_2026-01-07T05:47:06.363Z.jpg,2026-01-07 11:17:08,11,609
manual_capture_2026-01-07T05:47:07.354Z.jpg,2026-01-07 11:17:12,8,655
manual_capture_2026-01-07T05:47:10.686Z.jpg,2026-01-07 11:17:12,11,607
manual_capture_2026-01-07T05:47:10.852Z.jpg,2026-01-07 11:17:13,10,600
manual_capture_2026-01-07T05:47:11.153Z.jpg,2026-01-07 11:17:14,9,621
manual_capture_2026-01-07T05:47:12.599Z.jpg,2026-01-07 11:17:17,5,659
manual_capture_2026-01-07T05:47:13.766Z.jpg,2026-01-07 11:17:18,6,616
manual_capture_2026-01-07T05:47:14.238Z.jpg,2026-01-07 11:17:18,11,608
manual_capture_2026-01-07T05:47:14.697Z.jpg,2026-01-07 11:17:19,8,618
manual_capture_2026-01-07T05:47:15.120Z.jpg,2026-01-07 11:17:20,6,604
manual_capture_2026-01-07T05:47:15.251Z.jpg,2026-01-07 11:17:20,8,620
manual_capture_2026-01-07T05:47:17.234Z.jpg,2026-01-07 11:17:24,9,643
manual_capture_2026-01-07T05:47:18.006Z.jpg,2026-01-07 11:17:25,8,593
manual_capture_2026-01-07T05:47:19.035Z.jpg,2026-01-07 11:17:25,8,611
manual_capture_2026-01-07T05:47:19.624Z.jpg,2026-01-07 11:17:26,5,606
manual_capture_2026-01-07T05:47:19.782Z.jpg,2026-01-07 11:17:26,4,605
manual_capture_2026-01-07T05:47:20.790Z.jpg,2026-01-07 11:17:27,5,615
manual_capture_2026-01-07T05:47:22.597Z.jpg,2026-01-07 11:17:28,7,604
manual_capture_2026-01-07T05:47:23.882Z.jpg,2026-01-07 11:17:31,9,654
manual_capture_2026-01-07T05:47:24.570Z.jpg,2026-01-07 11:17:32,7,621
manual_capture_2026-01-07T05:47:25.490Z.jpg,2026-01-07 11:17:32,9,614
manual_capture_2026-01-07T05:47:25.615Z.jpg,2026-01-07 11:17:33,3,613
manual_capture_2026-01-07T05:47:26.755Z.jpg,2026-01-07 11:17:34,8,608
manual_capture_2026-01-07T05:47:27.766Z.jpg,2026-01-07 11:17:34,12,613
manual_capture_2026-01-07T05:47:28.444Z.jpg,2026-01-07 11:17:35,9,618
manual_capture_2026-01-07T05:47:28.663Z.jpg,2026-01-07 11:17:36,11,613
manual_capture_2026-01-07T05:47:29.827Z.jpg,2026-01-07 11:17:36,5,610
manual_capture_2026-01-07T05:47:31.463Z.jpg,2026-01-07 11:17:40,10,648
manual_capture_2026-01-07T05:47:31.631Z.jpg,2026-01-07 11:17:40,10,612
manual_capture_2026-01-07T05:47:32.687Z.jpg,2026-01-07 11:17:41,5,611
manual_capture_2026-01-07T05:47:37.877Z.jpg,2026-01-07 11:17:42,8,609
manual_capture_2026-01-07T05:47:39.570Z.jpg,2026-01-07 11:17:42,6,602
manual_capture_2026-01-07T05:47:41.575Z.jpg,2026-01-07 11:17:46,3,641
manual_capture_2026-01-07T05:47:41.617Z.jpg,2026-01-07 11:17:47,5,610
manual_capture_2026-01-07T05:47:43.313Z.jpg,2026-01-07 11:17:47,5,609
manual_capture_2026-01-07T05:47:52.841Z.jpg,2026-01-07 11:17:54,6,645
manual_capture_2026-01-07T05:47:54.260Z.jpg,2026-01-07 11:17:57,3,648
manual_capture_2026-01-07T05:48:01.243Z.jpg,2026-01-07 11:18:04,5,647
manual_capture_2026-01-07T05:48:07.200Z.jpg,2026-01-07 11:18:08,8,644
manual_capture_2026-01-07T05:48:07.264Z.jpg,2026-01-07 11:18:08,11,629
manual_capture_2026-01-07T05:48:08.699Z.jpg,2026-01-07 11:18:12,10,647
manual_capture_2026-01-07T05:48:08.976Z.jpg,2026-01-07 11:18:13,9,619
manual_capture_2026-01-07T05:48:10.498Z.jpg,2026-01-07 11:18:13,11,617
manual_capture_2026-01-07T05:48:11.963Z.jpg,2026-01-07 11:18:17,10,647
manual_capture_2026-01-07T05:48:12.247Z.jpg,2026-01-07 11:18:18,10,610
manual_capture_2026-01-07T05:48:13.470Z.jpg,2026-01-07 11:18:18,10,614
manual_capture_2026-01-07T05:48:13.750Z.jpg,2026-01-07 11:18:19,8,608
manual_capture_2026-01-07T05:48:14.153Z.jpg,2026-01-07 11:18:19,8,606
manual_capture_2026-01-07T05:48:14.771Z.jpg,2026-01-07 11:18:20,10,620
manual_capture_2026-01-07T05:48:15.528Z.jpg,2026-01-07 11:18:21,10,601
manual_capture_2026-01-07T05:48:16.185Z.jpg,2026-01-07 11:18:21,7,605
manual_capture_2026-01-07T05:48:17.615Z.jpg,2026-01-07 11:18:25,12,646
manual_capture_2026-01-07T05:48:17.636Z.jpg,2026-01-07 11:18:26,10,614
manual_capture_2026-01-07T05:48:23.267Z.jpg,2026-01-07 11:18:26,14,601
manual_capture_2026-01-07T05:48:24.236Z.jpg,2026-01-07 11:18:27,11,625
manual_capture_2026-01-07T05:48:25.209Z.jpg,2026-01-07 11:18:30,11,645
manual_capture_2026-01-07T05:48:26.660Z.jpg,2026-01-07 11:18:31,7,606
manual_capture_2026-01-07T05:48:28.164Z.jpg,2026-01-07 11:18:32,9,610
manual_capture_2026-01-07T05:48:33.114Z.jpg,2026-01-07 11:18:35,9,643
manual_capture_2026-01-07T05:48:36.955Z.jpg,2026-01-07 11:18:39,8,654
manual_capture_2026-01-07T05:48:38.382Z.jpg,2026-01-07 11:18:40,11,620
manual_capture_2026-01-07T05:48:39.149Z.jpg,2026-01-07 11:18:43,11,646
manual_capture_2026-01-07T05:48:40.860Z.jpg,2026-01-07 11:18:44,10,613
manual_capture_2026-01-07T05:48:42.668Z.jpg,2026-01-07 11:18:44,17,622
manual_capture_2026-01-07T05:48:43.816Z.jpg,2026-01-07 11:18:48,13,636
manual_capture_2026-01-07T05:48:44.165Z.jpg,2026-01-07 11:18:49,10,590
manual_capture_2026-01-07T05:48:45.711Z.jpg,2026-01-07 11:18:49,12,618
manual_capture_2026-01-07T05:48:47.083Z.jpg,2026-01-07 11:18:50,11,616
manual_capture_2026-01-07T05:48:47.794Z.jpg,2026-01-07 11:18:51,8,617
manual_capture_2026-01-07T05:48:49.077Z.jpg,2026-01-07 11:18:54,11,660
manual_capture_2026-01-07T05:48:50.110Z.jpg,2026-01-07 11:18:55,9,618
manual_capture_2026-01-07T05:48:50.623Z.jpg,2026-01-07 11:18:55,16,616
manual_capture_2026-01-07T05:48:51.123Z.jpg,2026-01-07 11:18:56,12,628
manual_capture_2026-01-07T05:48:51.831Z.jpg,2026-01-07 11:18:57,8,606
manual_capture_2026-01-07T05:48:52.348Z.jpg,2026-01-07 11:18:57,8,612
manual_capture_2026-01-07T05:48:54.272Z.jpg,2026-01-07 11:19:01,8,643
manual_capture_2026-01-07T05:48:54.897Z.jpg,2026-01-07 11:19:02,5,624
manual_capture_2026-01-07T05:48:56.257Z.jpg,2026-01-07 11:19:02,14,605
manual_capture_2026-01-07T05:48:59.264Z.jpg,2026-01-07 11:19:03,8,612
manual_capture_2026-01-07T05:48:59.490Z.jpg,2026-01-07 11:19:03,15,611
manual_capture_2026-01-07T05:49:00.615Z.jpg,2026-01-07 11:19:04,12,626
manual_capture_2026-01-07T05:49:01.312Z.jpg,2026-01-07 11:19:08,10,650
manual_capture_2026-01-07T05:49:02.838Z.jpg,2026-01-07 11:19:08,9,606
manual_capture_2026-01-07T05:49:03.796Z.jpg,2026-01-07 11:19:09,9,608
manual_capture_2026-01-07T05:49:04.328Z.jpg,2026-01-07 11:19:10,10,619
manual_capture_2026-01-07T05:49:05.081Z.jpg,2026-01-07 11:19:10,14,617
manual_capture_2026-01-07T05:49:05.348Z.jpg,2026-01-07 11:19:11,11,613
manual_capture_2026-01-07T05:49:06.680Z.jpg,2026-01-07 11:19:11,11,607
manual_capture_2026-01-07T05:49:07.245Z.jpg,2026-01-07 11:19:12,11,639
manual_capture_2026-01-07T05:49:07.455Z.jpg,2026-01-07 11:19:13,12,606
manual_capture_2026-01-07T05:49:08.237Z.jpg,2026-01-07 11:19:16,11,647
manual_capture_2026-01-07T05:49:09.399Z.jpg,2026-01-07 11:19:17,11,609
manual_capture_2026-01-07T05:49:09.900Z.jpg,2026-01-07 11:19:18,9,603
manual_capture_2026-01-07T05:49:10.317Z.jpg,2026-01-07 11:19:18,8,626
manual_capture_2026-01-07T05:49:11.482Z.jpg,2026-01-07 11:19:19,11,603
manual_capture_2026-01-07T05:49:11.640Z.jpg,2026-01-07 11:19:19,9,607
manual_capture_2026-01-07T05:49:13.322Z.jpg,2026-01-07 11:19:20,6,614
manual_capture_2026-01-07T05:49:13.897Z.jpg,2026-01-07 11:19:21,5,596
manual_capture_2026-01-07T05:49:14.213Z.jpg,2026-01-07 11:19:21,8,609
manual_capture_2026-01-07T05:49:14.864Z.jpg,2026-01-07 11:19:22,7,607
manual_capture_2026-01-07T05:49:16.695Z.jpg,2026-01-07 11:19:25,6,643
manual_capture_2026-01-07T05:49:18.047Z.jpg,2026-01-07 11:19:26,7,610
manual_capture_2026-01-07T05:49:18.827Z.jpg,2026-01-07 11:19:27,11,610
manual_capture_2026-01-07T05:49:19.660Z.jpg,2026-01-07 11:19:27,7,612
manual_capture_2026-01-07T05:49:19.843Z.jpg,2026-01-07 11:19:28,12,599
manual_capture_2026-01-07T05:49:20.084Z.jpg,2026-01-07 11:19:29,5,612
manual_capture_2026-01-07T05:49:20.852Z.jpg,2026-01-07 11:19:29,6,606
manual_capture_2026-01-07T05:49:22.040Z.jpg,2026-01-07 11:19:30,9,622
manual_capture_2026-01-07T05:49:22.653Z.jpg,2026-01-07 11:19:30,4,601
manual_capture_2026-01-07T05:49:22.957Z.jpg,2026-01-07 11:19:31,7,611
manual_capture_2026-01-07T05:49:23.752Z.jpg,2026-01-07 11:19:32,10,607
manual_capture_2026-01-07T05:49:23.835Z.jpg,2026-01-07 11:19:32,8,621
manual_capture_2026-01-07T05:49:24.592Z.jpg,2026-01-07 11:19:33,11,621
manual_capture_2026-01-07T05:49:25.612Z.jpg,2026-01-07 11:19:36,8,646
manual_capture_2026-01-07T05:49:26.098Z.jpg,2026-01-07 11:19:37,8,611
manual_capture_2026-01-07T05:49:26.897Z.jpg,2026-01-07 11:19:38,9,621
manual_capture_2026-01-07T05:49:27.131Z.jpg,2026-01-07 11:19:38,8,605
manual_capture_2026-01-07T05:49:28.056Z.jpg,2026-01-07 11:19:39,7,611
manual_capture_2026-01-07T05:49:28.491Z.jpg,2026-01-07 11:19:40,7,616
manual_capture_2026-01-07T05:49:29.164Z.jpg,2026-01-07 11:19:40,6,611
manual_capture_2026-01-07T05:49:30.097Z.jpg,2026-01-07 11:19:41,5,624
manual_capture_2026-01-07T05:49:30.220Z.jpg,2026-01-07 11:19:41,11,607
manual_capture_2026-01-07T05:49:31.158Z.jpg,2026-01-07 11:19:42,6,609
manual_capture_2026-01-07T05:49:31.614Z.jpg,2026-01-07 11:19:43,8,609
manual_capture_2026-01-07T05:49:31.802Z.jpg,2026-01-07 11:19:43,10,612
manual_capture_2026-01-07T05:49:33.179Z.jpg,2026-01-07 11:19:44,7,609
manual_capture_2026-01-07T05:49:33.747Z.jpg,2026-01-07 11:19:44,5,602
manual_capture_2026-01-07T05:49:34.806Z.jpg,2026-01-07 11:19:45,7,600
manual_capture_2026-01-07T05:49:35.279Z.jpg,2026-01-07 11:19:46,6,600
manual_capture_2026-01-07T05:49:36.233Z.jpg,2026-01-07 11:19:46,10,610
manual_capture_2026-01-07T05:49:36.574Z.jpg,2026-01-07 11:19:50,13,643
manual_capture_2026-01-07T05:49:36.718Z.jpg,2026-01-07 11:19:51,15,619
manual_capture_2026-01-07T05:49:37.360Z.jpg,2026-01-07 11:19:51,10,614
manual_capture_2026-01-07T05:49:37.717Z.jpg,2026-01-07 11:19:52,9,611
manual_capture_2026-01-07T05:49:37.814Z.jpg,2026-01-07 11:19:52,11,607
manual_capture_2026-01-07T05:49:38.679Z.jpg,2026-01-07 11:19:53,11,599
manual_capture_2026-01-07T05:49:38.979Z.jpg,2026-01-07 11:19:54,12,611
manual_capture_2026-01-07T05:49:39.660Z.jpg,2026-01-07 11:19:54,8,607
manual_capture_2026-01-07T05:49:40.381Z.jpg,2026-01-07 11:19:55,12,617
manual_capture_2026-01-07T05:49:41.512Z.jpg,2026-01-07 11:19:55,13,614
manual_capture_2026-01-07T05:49:41.513Z.jpg,2026-01-07 11:19:56,7,616
manual_capture_2026-01-07T05:49:42.054Z.jpg,2026-01-07 11:19:57,7,608
manual_capture_2026-01-07T05:49:42.470Z.jpg,2026-01-07 11:19:57,8,609
manual_capture_2026-01-07T05:49:45.642Z.jpg,2026-01-07 11:19:58,5,616
manual_capture_2026-01-07T05:49:45.740Z.jpg,2026-01-07 11:19:59,9,613
manual_capture_2026-01-07T05:49:47.389Z.jpg,2026-01-07 11:19:59,6,613
manual_capture_2026-01-07T05:49:47.663Z.jpg,2026-01-07 11:20:00,8,615
manual_capture_2026-01-07T05:49:47.748Z.jpg,2026-01-07 11:20:00,9,611
manual_capture_2026-01-07T05:49:48.023Z.jpg,2026-01-07 11:20:01,8,609
manual_capture_2026-01-07T05:49:48.113Z.jpg,2026-01-07 11:20:02,7,629
manual_capture_2026-01-07T05:49:49.489Z.jpg,2026-01-07 11:20:02,10,611
manual_capture_2026-01-07T05:49:50.981Z.jpg,2026-01-07 11:20:06,5,645
manual_capture_2026-01-07T05:49:51.325Z.jpg,2026-01-07 11:20:06,6,618
manual_capture_2026-01-07T05:49:52.787Z.jpg,2026-01-07 11:20:07,7,616
manual_capture_2026-01-07T05:49:54.301Z.jpg,2026-01-07 11:20:08,12,616
manual_capture_2026-01-07T05:49:55.051Z.jpg,2026-01-07 11:20:08,8,615
manual_capture_2026-01-07T05:49:55.943Z.jpg,2026-01-07 11:20:09,6,607
manual_capture_2026-01-07T05:49:57.035Z.jpg,2026-01-07 11:20:10,11,601
manual_capture_2026-01-07T05:49:58.312Z.jpg,2026-01-07 11:20:10,9,618
manual_capture_2026-01-07T05:49:59.445Z.jpg,2026-01-07 11:20:11,15,607
manual_capture_2026-01-07T05:50:00.340Z.jpg,2026-01-07 11:20:11,15,612
manual_capture_2026-01-07T05:50:01.906Z.jpg,2026-01-07 11:20:12,12,603
manual_capture_2026-01-07T05:50:03.036Z.jpg,2026-01-07 11:20:13,9,604
manual_capture_2026-01-07T05:50:04.492Z.jpg,2026-01-07 11:20:13,10,619
manual_capture_2026-01-07T05:50:06.008Z.jpg,2026-01-07 11:20:17,10,640
manual_capture_2026-01-07T05:50:07.472Z.jpg,2026-01-07 11:20:17,7,600
manual_capture_2026-01-07T05:50:08.327Z.jpg,2026-01-07 11:20:18,12,618
manual_capture_2026-01-07T05:50:09.689Z.jpg,2026-01-07 11:20:19,7,614
manual_capture_2026-01-07T05:50:10.609Z.jpg,2026-01-07 11:20:19,7,602
manual_capture_2026-01-07T05:50:10.823Z.jpg,2026-01-07 11:20:20,9,607
manual_capture_2026-01-07T05:50:11.588Z.jpg,2026-01-07 11:20:21,14,610
manual_capture_2026-01-07T05:50:12.818Z.jpg,2026-01-07 11:20:21,7,606
manual_capture_2026-01-07T05:50:13.761Z.jpg,2026-01-07 11:20:22,7,614
manual_capture_2026-01-07T05:50:16.680Z.jpg,2026-01-07 11:20:22,10,596
manual_capture_2026-01-07T05:50:18.905Z.jpg,2026-01-07 11:20:26,11,640
manual_capture_2026-01-07T05:50:19.364Z.jpg,2026-01-07 11:20:27,7,620
manual_capture_2026-01-07T05:50:19.864Z.jpg,2026-01-07 11:20:27,12,609
manual_capture_2026-01-07T05:50:20.497Z.jpg,2026-01-07 11:20:28,8,607
manual_capture_2026-01-07T05:50:21.852Z.jpg,2026-01-07 11:20:28,1,593
manual_capture_2026-01-07T05:50:22.906Z.jpg,2026-01-07 11:20:29,2,591
manual_capture_2026-01-07T05:50:28.058Z.jpg,2026-01-07 11:20:33,4,659
manual_capture_2026-01-07T05:50:30.351Z.jpg,2026-01-07 11:20:33,3,611
manual_capture_2026-01-07T05:50:31.388Z.jpg,2026-01-07 11:20:34,7,604
manual_capture_2026-01-07T05:50:33.060Z.jpg,2026-01-07 11:20:38,8,651
manual_capture_2026-01-07T05:50:33.900Z.jpg,2026-01-07 11:20:38,5,603
manual_capture_2026-01-07T05:50:35.994Z.jpg,2026-01-07 11:20:39,5,624
manual_capture_2026-01-07T05:50:36.626Z.jpg,2026-01-07 11:20:39,3,614
manual_capture_2026-01-07T05:50:37.977Z.jpg,2026-01-07 11:20:43,3,638
manual_capture_2026-01-07T05:50:37.997Z.jpg,2026-01-07 11:20:44,7,621
manual_capture_2026-01-07T05:50:39.287Z.jpg,2026-01-07 11:20:44,11,619
manual_capture_2026-01-07T05:50:40.949Z.jpg,2026-01-07 11:20:45,4,621
manual_capture_2026-01-07T05:50:42.617Z.jpg,2026-01-07 11:20:46,11,616
manual_capture_2026-01-07T05:50:43.401Z.jpg,2026-01-07 11:20:49,4,650
manual_capture_2026-01-07T05:50:43.950Z.jpg,2026-01-07 11:20:50,6,619
manual_capture_2026-01-07T05:50:44.747Z.jpg,2026-01-07 11:20:50,12,606
manual_capture_2026-01-07T05:50:45.091Z.jpg,2026-01-07 11:20:51,6,609
manual_capture_2026-01-07T05:50:45.991Z.jpg,2026-01-07 11:20:52,7,616
manual_capture_2026-01-07T05:50:46.414Z.jpg,2026-01-07 11:20:52,9,619
manual_capture_2026-01-07T05:50:47.032Z.jpg,2026-01-07 11:20:53,5,594
manual_capture_2026-01-07T05:50:47.430Z.jpg,2026-01-07 11:20:54,11,620
manual_capture_2026-01-07T05:50:49.365Z.jpg,2026-01-07 11:20:57,7,647
manual_capture_2026-01-07T05:50:50.689Z.jpg,2026-01-07 11:20:58,13,605
manual_capture_2026-01-07T05:50:50.992Z.jpg,2026-01-07 11:20:58,14,614
manual_capture_2026-01-07T05:50:53.565Z.jpg,2026-01-07 11:20:59,10,615
manual_capture_2026-01-07T05:50:54.223Z.jpg,2026-01-07 11:21:00,15,616
manual_capture_2026-01-07T05:50:54.880Z.jpg,2026-01-07 11:21:00,15,614
manual_capture_2026-01-07T05:50:56.664Z.jpg,2026-01-07 11:21:01,9,615
manual_capture_2026-01-07T05:50:58.429Z.jpg,2026-01-07 11:21:05,9,646
manual_capture_2026-01-07T05:50:59.453Z.jpg,2026-01-07 11:21:05,15,620
manual_capture_2026-01-07T05:51:01.297Z.jpg,2026-01-07 11:21:06,9,618
manual_capture_2026-01-07T05:51:01.603Z.jpg,2026-01-07 11:21:06,12,621
manual_capture_2026-01-07T05:51:02.653Z.jpg,2026-01-07 11:21:07,8,616
manual_capture_2026-01-07T05:51:02.784Z.jpg,2026-01-07 11:21:08,9,605
manual_capture_2026-01-07T05:51:03.668Z.jpg,2026-01-07 11:21:08,10,623
manual_capture_2026-01-07T05:51:04.242Z.jpg,2026-01-07 11:21:09,15,621
manual_capture_2026-01-07T05:51:04.309Z.jpg,2026-01-07 11:21:10,12,606
manual_capture_2026-01-07T05:51:05.359Z.jpg,2026-01-07 11:21:13,13,648
manual_capture_2026-01-07T05:51:05.870Z.jpg,2026-01-07 11:21:14,11,619
manual_capture_2026-01-07T05:51:07.335Z.jpg,2026-01-07 11:21:14,7,618
manual_capture_2026-01-07T05:51:08.939Z.jpg,2026-01-07 11:21:15,13,616
manual_capture_2026-01-07T05:51:10.430Z.jpg,2026-01-07 11:21:16,12,615
manual_capture_2026-01-07T05:51:10.781Z.jpg,2026-01-07 11:21:16,12,605
manual_capture_2026-01-07T05:51:11.723Z.jpg,2026-01-07 11:21:17,10,605
manual_capture_2026-01-07T05:51:12.329Z.jpg,2026-01-07 11:21:17,7,621
manual_capture_2026-01-07T05:51:13.210Z.jpg,2026-01-07 11:21:21,10,646
manual_capture_2026-01-07T05:51:14.163Z.jpg,2026-01-07 11:21:22,9,606
manual_capture_2026-01-07T05:51:15.106Z.jpg,2026-01-07 11:21:22,13,609
manual_capture_2026-01-07T05:51:16.598Z.jpg,2026-01-07 11:21:23,12,620
manual_capture_2026-01-07T05:51:17.687Z.jpg,2026-01-07 11:21:24,10,622
manual_capture_2026-01-07T05:51:18.643Z.jpg,2026-01-07 11:21:24,13,605
manual_capture_2026-01-07T05:51:19.559Z.jpg,2026-01-07 11:21:25,11,619
manual_capture_2026-01-07T05:51:20.475Z.jpg,2026-01-07 11:21:25,13,602
manual_capture_2026-01-07T05:51:21.462Z.jpg,2026-01-07 11:21:29,12,636
manual_capture_2026-01-07T05:51:22.260Z.jpg,2026-01-07 11:21:30,15,611
manual_capture_2026-01-07T05:51:23.099Z.jpg,2026-01-07 11:21:30,11,612
manual_capture_2026-01-07T05:51:23.651Z.jpg,2026-01-07 11:21:31,8,603
manual_capture_2026-01-07T05:51:24.080Z.jpg,2026-01-07 11:21:32,8,591
manual_capture_2026-01-07T05:51:24.845Z.jpg,2026-01-07 11:21:32,9,645
manual_capture_2026-01-07T05:51:25.100Z.jpg,2026-01-07 11:21:33,19,617
manual_capture_2026-01-07T05:51:26.165Z.jpg,2026-01-07 11:21:33,10,622
manual_capture_2026-01-07T05:51:26.989Z.jpg,2026-01-07 11:21:34,12,607
manual_capture_2026-01-07T05:51:28.058Z.jpg,2026-01-07 11:21:35,12,606
manual_capture_2026-01-07T05:51:28.451Z.jpg,2026-01-07 11:21:35,15,591
manual_capture_2026-01-07T05:51:28.576Z.jpg,2026-01-07 11:21:36,8,624
manual_capture_2026-01-07T05:51:29.407Z.jpg,2026-01-07 11:21:40,9,658
manual_capture_2026-01-07T05:51:30.216Z.jpg,2026-01-07 11:21:40,7,616
manual_capture_2026-01-07T05:51:31.994Z.jpg,2026-01-07 11:21:41,5,598
manual_capture_2026-01-07T05:51:33.547Z.jpg,2026-01-07 11:21:41,9,606
manual_capture_2026-01-07T05:51:33.954Z.jpg,2026-01-07 11:21:42,8,616
manual_capture_2026-01-07T05:51:34.868Z.jpg,2026-01-07 11:21:43,9,616
manual_capture_2026-01-07T05:51:36.153Z.jpg,2026-01-07 11:21:43,9,604
manual_capture_2026-01-07T05:51:37.421Z.jpg,2026-01-07 11:21:44,8,608
manual_capture_2026-01-07T05:51:38.281Z.jpg,2026-01-07 11:21:44,12,618
manual_capture_2026-01-07T05:51:38.965Z.jpg,2026-01-07 11:21:45,13,611
manual_capture_2026-01-07T05:51:40.133Z.jpg,2026-01-07 11:21:49,10,638
manual_capture_2026-01-07T05:51:40.750Z.jpg,2026-01-07 11:21:49,12,601
manual_capture_2026-01-07T05:51:41.107Z.jpg,2026-01-07 11:21:50,10,601
manual_capture_2026-01-07T05:51:41.593Z.jpg,2026-01-07 11:21:51,6,624
manual_capture_2026-01-07T05:51:42.329Z.jpg,2026-01-07 11:21:51,5,613
manual_capture_2026-01-07T05:51:43.123Z.jpg,2026-01-07 11:21:52,5,616
manual_capture_2026-01-07T05:51:43.239Z.jpg,2026-01-07 11:21:52,3,605
manual_capture_2026-01-07T05:51:43.731Z.jpg,2026-01-07 11:21:53,8,613
manual_capture_2026-01-07T05:51:44.330Z.jpg,2026-01-07 11:21:54,5,598
manual_capture_2026-01-07T05:51:45.518Z.jpg,2026-01-07 11:21:54,5,604
manual_capture_2026-01-07T05:51:46.609Z.jpg,2026-01-07 11:21:55,4,616
manual_capture_2026-01-07T05:51:46.934Z.jpg,2026-01-07 11:21:55,5,602
manual_capture_2026-01-07T05:51:47.184Z.jpg,2026-01-07 11:21:56,7,606
manual_capture_2026-01-07T05:51:47.559Z.jpg,2026-01-07 11:21:57,4,626
manual_capture_2026-01-07T05:51:47.934Z.jpg,2026-01-07 11:21:57,7,613
manual_capture_2026-01-07T05:51:48.357Z.jpg,2026-01-07 11:21:58,8,610
manual_capture_2026-01-07T05:51:49.266Z.jpg,2026-01-07 11:22:02,7,651
manual_capture_2026-01-07T05:51:49.365Z.jpg,2026-01-07 11:22:02,7,600
manual_capture_2026-01-07T05:51:50.380Z.jpg,2026-01-07 11:22:03,4,601
manual_capture_2026-01-07T05:51:50.786Z.jpg,2026-01-07 11:22:03,6,586
manual_capture_2026-01-07T05:51:51.101Z.jpg,2026-01-07 11:22:04,10,601
manual_capture_2026-01-07T05:51:51.773Z.jpg,2026-01-07 11:22:05,9,618
manual_capture_2026-01-07T05:51:52.271Z.jpg,2026-01-07 11:22:05,11,619
manual_capture_2026-01-07T05:51:53.075Z.jpg,2026-01-07 11:22:06,12,621
manual_capture_2026-01-07T05:51:54.313Z.jpg,2026-01-07 11:22:06,9,592
manual_capture_2026-01-07T05:51:55.293Z.jpg,2026-01-07 11:22:07,11,600
manual_capture_2026-01-07T05:51:56.735Z.jpg,2026-01-07 11:22:08,11,612
manual_capture_2026-01-07T05:51:57.333Z.jpg,2026-01-07 11:22:08,10,602
manual_capture_2026-01-07T05:51:59.321Z.jpg,2026-01-07 11:22:09,13,609
manual_capture_2026-01-07T05:52:00.784Z.jpg,2026-01-07 11:22:09,14,609
manual_capture_2026-01-07T05:52:01.961Z.jpg,2026-01-07 11:22:13,13,637
manual_capture_2026-01-07T05:52:04.634Z.jpg,2026-01-07 11:22:14,11,606
manual_capture_2026-01-07T05:52:04.637Z.jpg,2026-01-07 11:22:14,10,616
manual_capture_2026-01-07T05:52:07.306Z.jpg,2026-01-07 11:22:15,14,609
manual_capture_2026-01-07T05:52:07.798Z.jpg,2026-01-07 11:22:16,12,618
manual_capture_2026-01-07T05:52:09.218Z.jpg,2026-01-07 11:22:16,9,610
manual_capture_2026-01-07T05:52:09.680Z.jpg,2026-01-07 11:22:17,13,606
manual_capture_2026-01-07T05:52:11.278Z.jpg,2026-01-07 11:22:17,11,619
manual_capture_2026-01-07T05:52:14.093Z.jpg,2026-01-07 11:22:21,12,665
manual_capture_2026-01-07T05:52:14.940Z.jpg,2026-01-07 11:22:22,15,612
manual_capture_2026-01-07T05:52:15.364Z.jpg,2026-01-07 11:22:22,13,613
manual_capture_2026-01-07T05:52:16.283Z.jpg,2026-01-07 11:22:23,15,606
manual_capture_2026-01-07T05:52:18.151Z.jpg,2026-01-07 11:22:24,13,617
manual_capture_2026-01-07T05:52:19.650Z.jpg,2026-01-07 11:22:24,17,606
manual_capture_2026-01-07T05:52:20.700Z.jpg,2026-01-07 11:22:25,15,611
manual_capture_2026-01-07T05:52:22.720Z.jpg,2026-01-07 11:22:28,12,653
manual_capture_2026-01-07T05:52:26.025Z.jpg,2026-01-07 11:22:29,16,609
manual_capture_2026-01-07T05:52:26.424Z.jpg,2026-01-07 11:22:30,17,612
manual_capture_2026-01-07T05:52:28.687Z.jpg,2026-01-07 11:22:33,12,652
manual_capture_2026-01-07T05:52:29.272Z.jpg,2026-01-07 11:22:34,12,609
manual_capture_2026-01-07T05:52:30.649Z.jpg,2026-01-07 11:22:35,11,621
manual_capture_2026-01-07T05:52:31.683Z.jpg,2026-01-07 11:22:35,10,621
manual_capture_2026-01-07T05:52:32.361Z.jpg,2026-01-07 11:22:36,14,623
manual_capture_2026-01-07T05:52:33.622Z.jpg,2026-01-07 11:22:39,14,641
manual_capture_2026-01-07T05:52:34.937Z.jpg,2026-01-07 11:22:40,20,671
manual_capture_2026-01-07T05:52:35.360Z.jpg,2026-01-07 11:22:41,13,618
manual_capture_2026-01-07T05:52:36.798Z.jpg,2026-01-07 11:22:41,11,615
manual_capture_2026-01-07T05:52:37.770Z.jpg,2026-01-07 11:22:42,9,610
manual_capture_2026-01-07T05:52:38.416Z.jpg,2026-01-07 11:22:43,14,600
manual_capture_2026-01-07T05:52:39.118Z.jpg,2026-01-07 11:22:43,8,614
manual_capture_2026-01-07T05:52:39.845Z.jpg,2026-01-07 11:22:47,11,634
manual_capture_2026-01-07T05:52:41.171Z.jpg,2026-01-07 11:22:47,11,603
manual_capture_2026-01-07T05:52:41.822Z.jpg,2026-01-07 11:22:48,11,618
manual_capture_2026-01-07T05:52:42.677Z.jpg,2026-01-07 11:22:49,14,614
manual_capture_2026-01-07T05:52:44.543Z.jpg,2026-01-07 11:22:49,11,611
manual_capture_2026-01-07T05:52:45.112Z.jpg,2026-01-07 11:22:50,10,607
manual_capture_2026-01-07T05:52:45.997Z.jpg,2026-01-07 11:22:51,11,601
manual_capture_2026-01-07T05:52:46.089Z.jpg,2026-01-07 11:22:51,15,615
manual_capture_2026-01-07T05:52:46.690Z.jpg,2026-01-07 11:22:52,11,620
manual_capture_2026-01-07T05:52:47.326Z.jpg,2026-01-07 11:22:55,11,635
manual_capture_2026-01-07T05:52:48.414Z.jpg,2026-01-07 11:22:56,9,610
manual_capture_2026-01-07T05:52:48.791Z.jpg,2026-01-07 11:22:57,10,602
manual_capture_2026-01-07T05:52:50.564Z.jpg,2026-01-07 11:22:57,12,608
manual_capture_2026-01-07T05:52:51.016Z.jpg,2026-01-07 11:22:58,8,618
manual_capture_2026-01-07T05:52:51.774Z.jpg,2026-01-07 11:22:58,11,615
manual_capture_2026-01-07T05:52:53.206Z.jpg,2026-01-07 11:22:59,14,611
manual_capture_2026-01-07T05:52:53.822Z.jpg,2026-01-07 11:23:00,12,617
manual_capture_2026-01-07T05:52:54.475Z.jpg,2026-01-07 11:23:00,13,607
manual_capture_2026-01-07T05:52:55.420Z.jpg,2026-01-07 11:23:04,16,650
manual_capture_2026-01-07T05:52:56.581Z.jpg,2026-01-07 11:23:05,12,609
manual_capture_2026-01-07T05:52:57.329Z.jpg,2026-01-07 11:23:05,13,616
manual_capture_2026-01-07T05:52:58.507Z.jpg,2026-01-07 11:23:06,12,624
manual_capture_2026-01-07T05:52:58.770Z.jpg,2026-01-07 11:23:06,15,612
manual_capture_2026-01-07T05:52:59.402Z.jpg,2026-01-07 11:23:07,15,601
manual_capture_2026-01-07T05:52:59.743Z.jpg,2026-01-07 11:23:08,13,626
manual_capture_2026-01-07T05:53:00.835Z.jpg,2026-01-07 11:23:08,12,618
manual_capture_2026-01-07T05:53:01.761Z.jpg,2026-01-07 11:23:09,13,605
manual_capture_2026-01-07T05:53:03.258Z.jpg,2026-01-07 11:23:10,11,610
manual_capture_2026-01-07T05:53:03.477Z.jpg,2026-01-07 11:23:10,13,609
manual_capture_2026-01-07T05:53:05.433Z.jpg,2026-01-07 11:23:14,16,643
manual_capture_2026-01-07T05:53:06.418Z.jpg,2026-01-07 11:23:14,13,616
manual_capture_2026-01-07T05:53:06.796Z.jpg,2026-01-07 11:23:15,12,614
manual_capture_2026-01-07T05:53:07.963Z.jpg,2026-01-07 11:23:16,18,613
manual_capture_2026-01-07T05:53:08.943Z.jpg,2026-01-07 11:23:16,11,608
manual_capture_2026-01-07T05:53:09.633Z.jpg,2026-01-07 11:23:17,19,622
manual_capture_2026-01-07T05:53:10.674Z.jpg,2026-01-07 11:23:17,13,608
manual_capture_2026-01-07T05:53:11.235Z.jpg,2026-01-07 11:23:18,15,618
manual_capture_2026-01-07T05:53:11.650Z.jpg,2026-01-07 11:23:19,11,608
manual_capture_2026-01-07T05:53:11.965Z.jpg,2026-01-07 11:23:19,16,605
manual_capture_2026-01-07T05:53:12.058Z.jpg,2026-01-07 11:23:20,12,617
manual_capture_2026-01-07T05:53:12.560Z.jpg,2026-01-07 11:23:21,16,609
manual_capture_2026-01-07T05:53:13.308Z.jpg,2026-01-07 11:23:21,14,604
manual_capture_2026-01-07T05:53:13.693Z.jpg,2026-01-07 11:23:25,9,646
manual_capture_2026-01-07T05:53:14.184Z.jpg,2026-01-07 11:23:25,14,622
manual_capture_2026-01-07T05:53:14.842Z.jpg,2026-01-07 11:23:26,15,606
manual_capture_2026-01-07T05:53:14.976Z.jpg,2026-01-07 11:23:27,12,605
manual_capture_2026-01-07T05:53:15.215Z.jpg,2026-01-07 11:23:27,13,615
manual_capture_2026-01-07T05:53:15.851Z.jpg,2026-01-07 11:23:28,14,602
manual_capture_2026-01-07T05:53:16.414Z.jpg,2026-01-07 11:23:29,12,614
manual_capture_2026-01-07T05:53:17.262Z.jpg,2026-01-07 11:23:29,13,623
manual_capture_2026-01-07T05:53:17.882Z.jpg,2026-01-07 11:23:30,10,607
manual_capture_2026-01-07T05:53:18.396Z.jpg,2026-01-07 11:23:30,11,613
manual_capture_2026-01-07T05:53:18.693Z.jpg,2026-01-07 11:23:31,11,599
manual_capture_2026-01-07T05:53:19.246Z.jpg,2026-01-07 11:23:32,10,611
manual_capture_2026-01-07T05:53:20.533Z.jpg,2026-01-07 11:23:32,10,612
manual_capture_2026-01-07T05:53:21.504Z.jpg,2026-01-07 11:23:33,8,601
manual_capture_2026-01-07T05:53:21.926Z.jpg,2026-01-07 11:23:33,5,606
manual_capture_2026-01-07T05:53:22.574Z.jpg,2026-01-07 11:23:34,8,616
manual_capture_2026-01-07T05:53:23.309Z.jpg,2026-01-07 11:23:35,9,624
manual_capture_2026-01-07T05:53:24.318Z.jpg,2026-01-07 11:23:35,8,611
manual_capture_2026-01-07T05:53:25.472Z.jpg,2026-01-07 11:23:39,10,641
manual_capture_2026-01-07T05:53:26.716Z.jpg,2026-01-07 11:23:40,6,605
manual_capture_2026-01-07T05:53:27.342Z.jpg,2026-01-07 11:23:40,11,612
manual_capture_2026-01-07T05:53:27.878Z.jpg,2026-01-07 11:23:41,10,608
manual_capture_2026-01-07T05:53:27.967Z.jpg,2026-01-07 11:23:41,9,612
manual_capture_2026-01-07T05:53:29.107Z.jpg,2026-01-07 11:23:42,14,605
manual_capture_2026-01-07T05:53:29.901Z.jpg,2026-01-07 11:23:43,15,608
manual_capture_2026-01-07T05:53:30.314Z.jpg,2026-01-07 11:23:43,11,608
manual_capture_2026-01-07T05:53:30.497Z.jpg,2026-01-07 11:23:44,12,602
manual_capture_2026-01-07T05:53:30.957Z.jpg,2026-01-07 11:23:44,12,616
manual_capture_2026-01-07T05:53:31.971Z.jpg,2026-01-07 11:23:45,10,611
manual_capture_2026-01-07T05:53:33.221Z.jpg,2026-01-07 11:23:46,12,608
manual_capture_2026-01-07T05:53:34.743Z.jpg,2026-01-07 11:23:46,13,612
manual_capture_2026-01-07T05:53:35.244Z.jpg,2026-01-07 11:23:47,17,608
manual_capture_2026-01-07T05:53:35.545Z.jpg,2026-01-07 11:23:47,14,609
manual_capture_2026-01-07T05:53:35.934Z.jpg,2026-01-07 11:23:48,13,601
manual_capture_2026-01-07T05:53:36.359Z.jpg,2026-01-07 11:23:49,11,602
manual_capture_2026-01-07T05:53:36.957Z.jpg,2026-01-07 11:23:49,9,608
manual_capture_2026-01-07T05:53:37.928Z.jpg,2026-01-07 11:23:50,11,605
manual_capture_2026-01-07T05:53:38.692Z.jpg,2026-01-07 11:23:51,11,617
manual_capture_2026-01-07T05:53:39.342Z.jpg,2026-01-07 11:23:54,9,641
manual_capture_2026-01-07T05:53:39.839Z.jpg,2026-01-07 11:23:55,15,625
manual_capture_2026-01-07T05:53:40.344Z.jpg,2026-01-07 11:23:55,13,607
manual_capture_2026-01-07T05:53:40.551Z.jpg,2026-01-07 11:23:56,11,608
manual_capture_2026-01-07T05:53:41.600Z.jpg,2026-01-07 11:23:57,11,622
manual_capture_2026-01-07T05:53:41.759Z.jpg,2026-01-07 11:23:57,11,628
manual_capture_2026-01-07T05:53:44.893Z.jpg,2026-01-07 11:23:58,11,618
manual_capture_2026-01-07T05:53:48.384Z.jpg,2026-01-07 11:23:59,16,607
manual_capture_2026-01-07T05:53:48.754Z.jpg,2026-01-07 11:23:59,10,612
manual_capture_2026-01-07T05:53:50.393Z.jpg,2026-01-07 11:24:00,11,637
manual_capture_2026-01-07T05:53:50.803Z.jpg,2026-01-07 11:24:00,8,599
manual_capture_2026-01-07T05:53:51.394Z.jpg,2026-01-07 11:24:01,9,623
manual_capture_2026-01-07T05:53:51.595Z.jpg,2026-01-07 11:24:02,16,617
manual_capture_2026-01-07T05:53:52.684Z.jpg,2026-01-07 11:24:02,13,618
manual_capture_2026-01-07T05:53:54.312Z.jpg,2026-01-07 11:24:06,17,651
manual_capture_2026-01-07T05:53:55.478Z.jpg,2026-01-07 11:24:06,13,609
manual_capture_2026-01-07T05:53:59.014Z.jpg,2026-01-07 11:24:07,12,607
manual_capture_2026-01-07T05:54:00.534Z.jpg,2026-01-07 11:24:08,13,617
manual_capture_2026-01-07T05:54:00.627Z.jpg,2026-01-07 11:24:08,13,607
manual_capture_2026-01-07T05:54:01.856Z.jpg,2026-01-07 11:24:09,9,607
manual_capture_2026-01-07T05:54:03.928Z.jpg,2026-01-07 11:24:10,12,610
manual_capture_2026-01-07T05:54:05.257Z.jpg,2026-01-07 11:24:10,11,609
manual_capture_2026-01-07T05:54:06.683Z.jpg,2026-01-07 11:24:14,10,658
manual_capture_2026-01-07T05:54:07.939Z.jpg,2026-01-07 11:24:14,9,619
manual_capture_2026-01-07T05:54:10.150Z.jpg,2026-01-07 11:24:15,7,627
manual_capture_2026-01-07T05:54:10.860Z.jpg,2026-01-07 11:24:16,5,591
manual_capture_2026-01-07T05:54:11.393Z.jpg,2026-01-07 11:24:16,7,604
manual_capture_2026-01-07T05:54:11.707Z.jpg,2026-01-07 11:24:17,8,605
manual_capture_2026-01-07T05:54:11.993Z.jpg,2026-01-07 11:24:18,11,610
manual_capture_2026-01-07T05:54:12.616Z.jpg,2026-01-07 11:24:18,5,605
manual_capture_2026-01-07T05:54:13.183Z.jpg,2026-01-07 11:24:19,6,619
manual_capture_2026-01-07T05:54:14.518Z.jpg,2026-01-07 11:24:22,9,645
manual_capture_2026-01-07T05:54:14.753Z.jpg,2026-01-07 11:24:23,13,612
manual_capture_2026-01-07T05:54:15.404Z.jpg,2026-01-07 11:24:24,12,602
manual_capture_2026-01-07T05:54:16.565Z.jpg,2026-01-07 11:24:24,4,605
manual_capture_2026-01-07T05:54:17.388Z.jpg,2026-01-07 11:24:25,4,613
manual_capture_2026-01-07T05:54:17.823Z.jpg,2026-01-07 11:24:25,7,603
manual_capture_2026-01-07T05:54:18.114Z.jpg,2026-01-07 11:24:26,9,630
manual_capture_2026-01-07T05:54:18.409Z.jpg,2026-01-07 11:24:27,11,617
manual_capture_2026-01-07T05:54:19.335Z.jpg,2026-01-07 11:24:27,9,618
manual_capture_2026-01-07T05:54:20.995Z.jpg,2026-01-07 11:24:28,12,620
manual_capture_2026-01-07T05:54:22.230Z.jpg,2026-01-07 11:24:29,14,614
manual_capture_2026-01-07T05:54:22.814Z.jpg,2026-01-07 11:24:32,7,654
manual_capture_2026-01-07T05:54:23.274Z.jpg,2026-01-07 11:24:33,9,619
manual_capture_2026-01-07T05:54:24.017Z.jpg,2026-01-07 11:24:33,14,616
manual_capture_2026-01-07T05:54:27.522Z.jpg,2026-01-07 11:24:34,6,608
manual_capture_2026-01-07T05:54:28.606Z.jpg,2026-01-07 11:24:35,6,605
manual_capture_2026-01-07T05:54:28.659Z.jpg,2026-01-07 11:24:35,6,622
manual_capture_2026-01-07T05:54:30.423Z.jpg,2026-01-07 11:24:36,8,611
manual_capture_2026-01-07T05:54:32.075Z.jpg,2026-01-07 11:24:40,5,647
manual_capture_2026-01-07T05:54:32.077Z.jpg,2026-01-07 11:24:40,9,621
manual_capture_2026-01-07T05:54:33.204Z.jpg,2026-01-07 11:24:41,7,608
manual_capture_2026-01-07T05:54:34.273Z.jpg,2026-01-07 11:24:41,7,613
manual_capture_2026-01-07T05:54:37.177Z.jpg,2026-01-07 11:24:42,7,624
manual_capture_2026-01-07T05:54:37.548Z.jpg,2026-01-07 11:24:43,8,605
manual_capture_2026-01-07T05:54:39.217Z.jpg,2026-01-07 11:24:43,12,616
manual_capture_2026-01-07T05:54:39.241Z.jpg,2026-01-07 11:24:44,5,620
manual_capture_2026-01-07T05:54:40.934Z.jpg,2026-01-07 11:24:48,12,641
manual_capture_2026-01-07T05:54:43.520Z.jpg,2026-01-07 11:24:48,11,612
manual_capture_2026-01-07T05:54:43.569Z.jpg,2026-01-07 11:24:49,10,621
manual_capture_2026-01-07T05:54:45.190Z.jpg,2026-01-07 11:24:49,11,611
manual_capture_2026-01-07T05:54:45.891Z.jpg,2026-01-07 11:24:50,13,596
manual_capture_2026-01-07T05:54:46.033Z.jpg,2026-01-07 11:24:51,15,615
manual_capture_2026-01-07T05:54:47.759Z.jpg,2026-01-07 11:24:54,15,654
manual_capture_2026-01-07T05:54:48.294Z.jpg,2026-01-07 11:24:55,16,623
manual_capture_2026-01-07T05:54:48.507Z.jpg,2026-01-07 11:24:56,9,606
manual_capture_2026-01-07T05:54:49.049Z.jpg,2026-01-07 11:24:56,12,614
manual_capture_2026-01-07T05:54:50.516Z.jpg,2026-01-07 11:24:57,13,627
manual_capture_2026-01-07T05:54:51.111Z.jpg,2026-01-07 11:24:57,12,607
manual_capture_2026-01-07T05:54:51.629Z.jpg,2026-01-07 11:24:58,10,614
manual_capture_2026-01-07T05:54:52.254Z.jpg,2026-01-07 11:24:59,10,619
manual_capture_2026-01-07T05:54:52.719Z.jpg,2026-01-07 11:24:59,7,614
manual_capture_2026-01-07T05:54:52.779Z.jpg,2026-01-07 11:25:00,6,617
manual_capture_2026-01-07T05:54:54.644Z.jpg,2026-01-07 11:25:04,10,648
manual_capture_2026-01-07T05:54:55.509Z.jpg,2026-01-07 11:25:04,9,604
manual_capture_2026-01-07T05:54:57.552Z.jpg,2026-01-07 11:25:05,11,612
manual_capture_2026-01-07T05:54:57.905Z.jpg,2026-01-07 11:25:05,6,606
manual_capture_2026-01-07T05:54:58.285Z.jpg,2026-01-07 11:25:06,7,607
manual_capture_2026-01-07T05:54:58.596Z.jpg,2026-01-07 11:25:07,7,618
manual_capture_2026-01-07T05:54:58.779Z.jpg,2026-01-07 11:25:07,10,604
manual_capture_2026-01-07T05:54:59.613Z.jpg,2026-01-07 11:25:08,7,622
manual_capture_2026-01-07T05:55:00.111Z.jpg,2026-01-07 11:25:08,7,619
manual_capture_2026-01-07T05:55:00.787Z.jpg,2026-01-07 11:25:09,8,619
manual_capture_2026-01-07T05:55:00.894Z.jpg,2026-01-07 11:25:10,9,606
manual_capture_2026-01-07T05:55:01.597Z.jpg,2026-01-07 11:25:10,3,604
manual_capture_2026-01-07T05:55:01.987Z.jpg,2026-01-07 11:25:11,8,599
manual_capture_2026-01-07T05:55:02.809Z.jpg,2026-01-07 11:25:11,9,621
manual_capture_2026-01-07T05:55:03.411Z.jpg,2026-01-07 11:25:15,9,639
manual_capture_2026-01-07T05:55:03.607Z.jpg,2026-01-07 11:25:16,6,614
manual_capture_2026-01-07T05:55:04.320Z.jpg,2026-01-07 11:25:16,10,595
manual_capture_2026-01-07T05:55:04.898Z.jpg,2026-01-07 11:25:17,3,601
manual_capture_2026-01-07T05:55:05.384Z.jpg,2026-01-07 11:25:18,8,619
manual_capture_2026-01-07T05:55:06.348Z.jpg,2026-01-07 11:25:18,8,616
manual_capture_2026-01-07T05:55:06.699Z.jpg,2026-01-07 11:25:19,4,609
manual_capture_2026-01-07T05:55:07.178Z.jpg,2026-01-07 11:25:19,7,619
manual_capture_2026-01-07T05:55:07.689Z.jpg,2026-01-07 11:25:20,7,614
manual_capture_2026-01-07T05:55:08.178Z.jpg,2026-01-07 11:25:21,2,590
manual_capture_2026-01-07T05:55:08.666Z.jpg,2026-01-07 11:25:21,4,606
manual_capture_2026-01-07T05:55:09.023Z.jpg,2026-01-07 11:25:22,7,631
manual_capture_2026-01-07T05:55:09.154Z.jpg,2026-01-07 11:25:22,6,607
manual_capture_2026-01-07T05:55:10.552Z.jpg,2026-01-07 11:25:23,6,602
manual_capture_2026-01-07T05:55:14.156Z.jpg,2026-01-07 11:25:24,7,614
manual_capture_2026-01-07T05:55:21.967Z.jpg,2026-01-07 11:25:27,6,631
manual_capture_2026-01-07T05:55:22.712Z.jpg,2026-01-07 11:25:28,10,605
manual_capture_2026-01-07T05:55:24.941Z.jpg,2026-01-07 11:25:29,12,611
manual_capture_2026-01-07T05:55:25.390Z.jpg,2026-01-07 11:25:29,9,608
manual_capture_2026-01-07T05:55:26.254Z.jpg,2026-01-07 11:25:30,4,600
manual_capture_2026-01-07T05:55:29.166Z.jpg,2026-01-07 11:25:33,4,649
manual_capture_2026-01-07T05:55:29.499Z.jpg,2026-01-07 11:25:34,9,610
manual_capture_2026-01-07T05:55:30.333Z.jpg,2026-01-07 11:25:35,8,599
manual_capture_2026-01-07T05:55:31.624Z.jpg,2026-01-07 11:25:35,6,607
manual_capture_2026-01-07T05:55:31.667Z.jpg,2026-01-07 11:25:36,9,610
manual_capture_2026-01-07T05:55:33.040Z.jpg,2026-01-07 11:25:37,7,605
manual_capture_2026-01-07T05:55:34.913Z.jpg,2026-01-07 11:25:40,12,631
manual_capture_2026-01-07T05:55:35.042Z.jpg,2026-01-07 11:25:41,5,603
manual_capture_2026-01-07T05:55:37.560Z.jpg,2026-01-07 11:25:41,6,607
manual_capture_2026-01-07T05:55:38.625Z.jpg,2026-01-07 11:25:42,8,618
manual_capture_2026-01-07T05:55:39.662Z.jpg,2026-01-07 11:25:43,7,611
manual_capture_2026-01-07T05:55:44.758Z.jpg,2026-01-07 11:25:46,12,649
manual_capture_2026-01-07T05:55:52.018Z.jpg,2026-01-07 11:25:53,8,639
manual_capture_2026-01-07T05:55:56.671Z.jpg,2026-01-07 11:26:00,9,638
manual_capture_2026-01-07T05:55:58.262Z.jpg,2026-01-07 11:26:00,8,610
manual_capture_2026-01-07T05:55:58.900Z.jpg,2026-01-07 11:26:01,6,602
manual_capture_2026-01-07T05:56:01.453Z.jpg,2026-01-07 11:26:04,12,653
manual_capture_2026-01-07T05:56:02.187Z.jpg,2026-01-07 11:26:05,11,615
manual_capture_2026-01-07T05:56:03.813Z.jpg,2026-01-07 11:26:06,13,605
manual_capture_2026-01-07T05:56:13.099Z.jpg,2026-01-07 11:26:15,9,638
manual_capture_2026-01-07T05:56:15.470Z.jpg,2026-01-07 11:26:19,11,646
manual_capture_2026-01-07T05:56:17.119Z.jpg,2026-01-07 11:26:20,11,623
manual_capture_2026-01-07T05:56:18.459Z.jpg,2026-01-07 11:26:20,11,616
manual_capture_2026-01-07T05:56:23.393Z.jpg,2026-01-07 11:26:24,7,624
manual_capture_2026-01-07T05:57:43.362Z.jpg,2026-01-07 11:27:46,17,660
manual_capture_2026-01-07T05:57:47.777Z.jpg,2026-01-07 11:27:49,13,649
manual_capture_2026-01-07T05:57:49.788Z.jpg,2026-01-07 11:27:53,12,644
manual_capture_2026-01-07T05:57:50.806Z.jpg,2026-01-07 11:27:54,5,595
manual_capture_2026-01-07T05:58:18.710Z.jpg,2026-01-07 11:28:21,9,638
manual_capture_2026-01-07T05:58:19.602Z.jpg,2026-01-07 11:28:22,11,602
manual_capture_2026-01-07T05:58:20.942Z.jpg,2026-01-07 11:28:23,14,611
manual_capture_2026-01-07T05:58:24.439Z.jpg,2026-01-07 11:28:26,14,644
manual_capture_2026-01-07T05:58:28.076Z.jpg,2026-01-07 11:28:30,13,650
manual_capture_2026-01-07T05:58:31.631Z.jpg,2026-01-07 11:28:33,12,646
manual_capture_2026-01-07T05:58:36.319Z.jpg,2026-01-07 11:28:37,5,633
manual_capture_2026-01-07T05:58:38.412Z.jpg,2026-01-07 11:28:41,6,649
manual_capture_2026-01-07T05:58:38.572Z.jpg,2026-01-07 11:28:41,13,612
manual_capture_2026-01-07T05:58:39.940Z.jpg,2026-01-07 11:28:42,6,615
manual_capture_2026-01-07T05:58:41.089Z.jpg,2026-01-07 11:28:46,4,654
manual_capture_2026-01-07T05:58:44.101Z.jpg,2026-01-07 11:28:46,11,617
manual_capture_2026-01-07T05:58:49.248Z.jpg,2026-01-07 11:28:50,6,655
manual_capture_2026-01-07T05:58:50.331Z.jpg,2026-01-07 11:28:54,6,640
manual_capture_2026-01-07T05:58:50.360Z.jpg,2026-01-07 11:28:54,6,607
manual_capture_2026-01-07T05:59:00.040Z.jpg,2026-01-07 11:29:01,11,629
manual_capture_2026-01-07T05:59:00.342Z.jpg,2026-01-07 11:29:01,10,605
manual_capture_2026-01-07T05:59:01.330Z.jpg,2026-01-07 11:29:05,8,640
manual_capture_2026-01-07T05:59:02.285Z.jpg,2026-01-07 11:29:06,8,619
manual_capture_2026-01-07T05:59:02.679Z.jpg,2026-01-07 11:29:06,5,608
manual_capture_2026-01-07T05:59:03.493Z.jpg,2026-01-07 11:29:07,5,599
manual_capture_2026-01-07T05:59:03.915Z.jpg,2026-01-07 11:29:08,6,620
manual_capture_2026-01-07T05:59:04.681Z.jpg,2026-01-07 11:29:08,5,600
manual_capture_2026-01-07T05:59:04.803Z.jpg,2026-01-07 11:29:09,5,609
manual_capture_2026-01-07T05:59:06.111Z.jpg,2026-01-07 11:29:12,6,646
manual_capture_2026-01-07T05:59:06.197Z.jpg,2026-01-07 11:29:13,5,608
manual_capture_2026-01-07T05:59:06.649Z.jpg,2026-01-07 11:29:14,9,619
manual_capture_2026-01-07T05:59:07.543Z.jpg,2026-01-07 11:29:14,9,608
manual_capture_2026-01-07T05:59:07.746Z.jpg,2026-01-07 11:29:15,7,603
manual_capture_2026-01-07T05:59:08.022Z.jpg,2026-01-07 11:29:16,7,608
manual_capture_2026-01-07T05:59:08.416Z.jpg,2026-01-07 11:29:16,3,605
manual_capture_2026-01-07T05:59:08.615Z.jpg,2026-01-07 11:29:17,5,589
manual_capture_2026-01-07T05:59:09.273Z.jpg,2026-01-07 11:29:17,5,597
manual_capture_2026-01-07T05:59:09.430Z.jpg,2026-01-07 11:29:18,4,593
manual_capture_2026-01-07T05:59:09.706Z.jpg,2026-01-07 11:29:19,5,607
manual_capture_2026-01-07T05:59:09.981Z.jpg,2026-01-07 11:29:19,4,599
manual_capture_2026-01-07T05:59:11.481Z.jpg,2026-01-07 11:29:20,4,598
manual_capture_2026-01-07T05:59:11.787Z.jpg,2026-01-07 11:29:20,6,598
manual_capture_2026-01-07T05:59:12.659Z.jpg,2026-01-07 11:29:24,4,631
manual_capture_2026-01-07T05:59:13.521Z.jpg,2026-01-07 11:29:25,4,659
manual_capture_2026-01-07T05:59:13.624Z.jpg,2026-01-07 11:29:25,6,602
manual_capture_2026-01-07T05:59:14.085Z.jpg,2026-01-07 11:29:26,6,609
manual_capture_2026-01-07T05:59:14.666Z.jpg,2026-01-07 11:29:26,5,612
manual_capture_2026-01-07T05:59:15.214Z.jpg,2026-01-07 11:29:27,5,620
manual_capture_2026-01-07T05:59:15.794Z.jpg,2026-01-07 11:29:28,5,616
manual_capture_2026-01-07T05:59:16.532Z.jpg,2026-01-07 11:29:28,4,613
manual_capture_2026-01-07T05:59:17.226Z.jpg,2026-01-07 11:29:29,4,635
manual_capture_2026-01-07T05:59:17.603Z.jpg,2026-01-07 11:29:30,10,626
manual_capture_2026-01-07T05:59:17.898Z.jpg,2026-01-07 11:29:30,10,589
manual_capture_2026-01-07T05:59:18.117Z.jpg,2026-01-07 11:29:31,12,612
manual_capture_2026-01-07T05:59:18.569Z.jpg,2026-01-07 11:29:31,8,607
manual_capture_2026-01-07T05:59:18.881Z.jpg,2026-01-07 11:29:32,15,602
manual_capture_2026-01-07T05:59:19.157Z.jpg,2026-01-07 11:29:33,10,586
manual_capture_2026-01-07T05:59:19.548Z.jpg,2026-01-07 11:29:33,13,590
manual_capture_2026-01-07T05:59:20.543Z.jpg,2026-01-07 11:29:34,10,611
manual_capture_2026-01-07T05:59:21.170Z.jpg,2026-01-07 11:29:34,8,609
manual_capture_2026-01-07T05:59:21.906Z.jpg,2026-01-07 11:29:35,9,606
manual_capture_2026-01-07T05:59:22.089Z.jpg,2026-01-07 11:29:36,12,610
manual_capture_2026-01-07T05:59:22.775Z.jpg,2026-01-07 11:29:36,11,623
manual_capture_2026-01-07T05:59:23.108Z.jpg,2026-01-07 11:29:37,11,614
manual_capture_2026-01-07T05:59:23.723Z.jpg,2026-01-07 11:29:37,12,605
manual_capture_2026-01-07T05:59:24.640Z.jpg,2026-01-07 11:29:41,14,637
manual_capture_2026-01-07T05:59:24.914Z.jpg,2026-01-07 11:29:42,13,614
manual_capture_2026-01-07T05:59:25.708Z.jpg,2026-01-07 11:29:42,14,616
manual_capture_2026-01-07T05:59:26.871Z.jpg,2026-01-07 11:29:43,16,618
manual_capture_2026-01-07T05:59:27.688Z.jpg,2026-01-07 11:29:44,14,599
manual_capture_2026-01-07T05:59:28.523Z.jpg,2026-01-07 11:29:44,14,615
manual_capture_2026-01-07T05:59:28.876Z.jpg,2026-01-07 11:29:45,12,602
manual_capture_2026-01-07T05:59:29.380Z.jpg,2026-01-07 11:29:45,8,611
manual_capture_2026-01-07T05:59:30.046Z.jpg,2026-01-07 11:29:46,13,615
manual_capture_2026-01-07T05:59:30.666Z.jpg,2026-01-07 11:29:47,13,611
manual_capture_2026-01-07T05:59:31.424Z.jpg,2026-01-07 11:29:47,12,616
manual_capture_2026-01-07T05:59:31.817Z.jpg,2026-01-07 11:29:48,14,606
manual_capture_2026-01-07T05:59:32.518Z.jpg,2026-01-07 11:29:49,11,622
manual_capture_2026-01-07T05:59:33.792Z.jpg,2026-01-07 11:29:49,15,610
manual_capture_2026-01-07T05:59:34.367Z.jpg,2026-01-07 11:29:50,12,618
manual_capture_2026-01-07T05:59:35.126Z.jpg,2026-01-07 11:29:50,12,603
manual_capture_2026-01-07T05:59:35.694Z.jpg,2026-01-07 11:29:51,9,613
manual_capture_2026-01-07T05:59:36.710Z.jpg,2026-01-07 11:29:52,11,607
manual_capture_2026-01-07T05:59:36.907Z.jpg,2026-01-07 11:29:52,14,606
manual_capture_2026-01-07T05:59:37.619Z.jpg,2026-01-07 11:29:53,13,617
manual_capture_2026-01-07T05:59:38.967Z.jpg,2026-01-07 11:29:53,15,616
manual_capture_2026-01-07T05:59:39.930Z.jpg,2026-01-07 11:29:54,14,602
manual_capture_2026-01-07T05:59:40.522Z.jpg,2026-01-07 11:29:55,12,620
manual_capture_2026-01-07T05:59:41.409Z.jpg,2026-01-07 11:29:58,11,637
manual_capture_2026-01-07T05:59:42.243Z.jpg,2026-01-07 11:29:59,13,606
manual_capture_2026-01-07T05:59:42.695Z.jpg,2026-01-07 11:30:00,10,609
manual_capture_2026-01-07T05:59:43.399Z.jpg,2026-01-07 11:30:00,8,613
manual_capture_2026-01-07T05:59:43.784Z.jpg,2026-01-07 11:30:01,8,605
manual_capture_2026-01-07T05:59:43.896Z.jpg,2026-01-07 11:30:01,11,611
manual_capture_2026-01-07T05:59:44.431Z.jpg,2026-01-07 11:30:02,9,615
manual_capture_2026-01-07T05:59:44.902Z.jpg,2026-01-07 11:30:03,10,613
manual_capture_2026-01-07T05:59:45.575Z.jpg,2026-01-07 11:30:03,9,599
manual_capture_2026-01-07T05:59:45.703Z.jpg,2026-01-07 11:30:04,10,616
manual_capture_2026-01-07T05:59:45.955Z.jpg,2026-01-07 11:30:04,14,612
manual_capture_2026-01-07T05:59:46.826Z.jpg,2026-01-07 11:30:05,14,605
manual_capture_2026-01-07T05:59:47.999Z.jpg,2026-01-07 11:30:06,15,590
manual_capture_2026-01-07T05:59:48.632Z.jpg,2026-01-07 11:30:06,10,607
manual_capture_2026-01-07T05:59:49.199Z.jpg,2026-01-07 11:30:07,17,610
manual_capture_2026-01-07T05:59:49.655Z.jpg,2026-01-07 11:30:07,13,620
manual_capture_2026-01-07T05:59:49.948Z.jpg,2026-01-07 11:30:08,17,619
manual_capture_2026-01-07T05:59:50.024Z.jpg,2026-01-07 11:30:09,13,611
manual_capture_2026-01-07T05:59:51.358Z.jpg,2026-01-07 11:30:09,13,611
manual_capture_2026-01-07T05:59:52.099Z.jpg,2026-01-07 11:30:10,20,625
manual_capture_2026-01-07T05:59:52.580Z.jpg,2026-01-07 11:30:11,10,611
manual_capture_2026-01-07T05:59:53.405Z.jpg,2026-01-07 11:30:11,14,614
manual_capture_2026-01-07T05:59:53.665Z.jpg,2026-01-07 11:30:12,13,609
manual_capture_2026-01-07T05:59:53.799Z.jpg,2026-01-07 11:30:12,7,602
manual_capture_2026-01-07T05:59:54.332Z.jpg,2026-01-07 11:30:13,15,606
manual_capture_2026-01-07T05:59:55.368Z.jpg,2026-01-07 11:30:14,12,620
manual_capture_2026-01-07T05:59:55.883Z.jpg,2026-01-07 11:30:14,6,614
manual_capture_2026-01-07T05:59:56.405Z.jpg,2026-01-07 11:30:15,14,610
manual_capture_2026-01-07T05:59:56.871Z.jpg,2026-01-07 11:30:15,10,627
manual_capture_2026-01-07T05:59:56.942Z.jpg,2026-01-07 11:30:16,10,605
manual_capture_2026-01-07T05:59:57.532Z.jpg,2026-01-07 11:30:17,9,612
manual_capture_2026-01-07T05:59:57.670Z.jpg,2026-01-07 11:30:17,7,621
manual_capture_2026-01-07T05:59:58.519Z.jpg,2026-01-07 11:30:21,7,638
manual_capture_2026-01-07T05:59:59.469Z.jpg,2026-01-07 11:30:22,9,628
manual_capture_2026-01-07T05:59:59.902Z.jpg,2026-01-07 11:30:22,9,608
manual_capture_2026-01-07T06:00:00.289Z.jpg,2026-01-07 11:30:23,8,613
manual_capture_2026-01-07T06:00:00.721Z.jpg,2026-01-07 11:30:23,9,617
manual_capture_2026-01-07T06:00:01.221Z.jpg,2026-01-07 11:30:24,11,606
manual_capture_2026-01-07T06:00:01.905Z.jpg,2026-01-07 11:30:25,13,612
manual_capture_2026-01-07T06:00:02.662Z.jpg,2026-01-07 11:30:25,9,612
manual_capture_2026-01-07T06:00:03.157Z.jpg,2026-01-07 11:30:26,8,620
manual_capture_2026-01-07T06:00:03.590Z.jpg,2026-01-07 11:30:27,10,611
manual_capture_2026-01-07T06:00:04.245Z.jpg,2026-01-07 11:30:27,13,610
manual_capture_2026-01-07T06:00:04.811Z.jpg,2026-01-07 11:30:28,13,599
manual_capture_2026-01-07T06:00:04.866Z.jpg,2026-01-07 11:30:28,13,605
manual_capture_2026-01-07T06:00:05.505Z.jpg,2026-01-07 11:30:29,14,612
manual_capture_2026-01-07T06:00:05.689Z.jpg,2026-01-07 11:30:30,11,595
manual_capture_2026-01-07T06:00:06.811Z.jpg,2026-01-07 11:30:30,12,606
manual_capture_2026-01-07T06:00:07.646Z.jpg,2026-01-07 11:30:31,11,600
manual_capture_2026-01-07T06:00:08.054Z.jpg,2026-01-07 11:30:31,10,621
manual_capture_2026-01-07T06:00:08.220Z.jpg,2026-01-07 11:30:32,12,614
manual_capture_2026-01-07T06:00:09.130Z.jpg,2026-01-07 11:30:33,13,613
manual_capture_2026-01-07T06:00:09.605Z.jpg,2026-01-07 11:30:33,12,612
manual_capture_2026-01-07T06:00:10.242Z.jpg,2026-01-07 11:30:34,13,612
manual_capture_2026-01-07T06:00:10.479Z.jpg,2026-01-07 11:30:34,13,612
manual_capture_2026-01-07T06:00:11.222Z.jpg,2026-01-07 11:30:35,15,616
manual_capture_2026-01-07T06:00:11.555Z.jpg,2026-01-07 11:30:36,12,605
manual_capture_2026-01-07T06:00:12.332Z.jpg,2026-01-07 11:30:36,12,599
manual_capture_2026-01-07T06:00:12.640Z.jpg,2026-01-07 11:30:37,13,606
manual_capture_2026-01-07T06:00:12.731Z.jpg,2026-01-07 11:30:38,12,622
manual_capture_2026-01-07T06:00:14.273Z.jpg,2026-01-07 11:30:38,8,611
manual_capture_2026-01-07T06:00:14.998Z.jpg,2026-01-07 11:30:39,10,604
manual_capture_2026-01-07T06:00:15.723Z.jpg,2026-01-07 11:30:39,8,602
manual_capture_2026-01-07T06:00:16.301Z.jpg,2026-01-07 11:30:40,6,601
manual_capture_2026-01-07T06:00:17.050Z.jpg,2026-01-07 11:30:41,9,601
manual_capture_2026-01-07T06:00:17.789Z.jpg,2026-01-07 11:30:41,8,605
manual_capture_2026-01-07T06:00:18.105Z.jpg,2026-01-07 11:30:42,10,610
manual_capture_2026-01-07T06:00:18.304Z.jpg,2026-01-07 11:30:42,8,606
manual_capture_2026-01-07T06:00:19.831Z.jpg,2026-01-07 11:30:43,6,624
manual_capture_2026-01-07T06:00:20.705Z.jpg,2026-01-07 11:30:44,8,613
manual_capture_2026-01-07T06:00:21.256Z.jpg,2026-01-07 11:30:47,12,640
manual_capture_2026-01-07T06:00:21.563Z.jpg,2026-01-07 11:30:48,12,621
manual_capture_2026-01-07T06:00:22.827Z.jpg,2026-01-07 11:30:49,12,619
manual_capture_2026-01-07T06:00:23.720Z.jpg,2026-01-07 11:30:49,9,612
manual_capture_2026-01-07T06:00:24.281Z.jpg,2026-01-07 11:30:50,7,609
manual_capture_2026-01-07T06:00:25.253Z.jpg,2026-01-07 11:30:50,14,614
manual_capture_2026-01-07T06:00:25.665Z.jpg,2026-01-07 11:30:51,8,614
manual_capture_2026-01-07T06:00:25.839Z.jpg,2026-01-07 11:30:52,14,611
manual_capture_2026-01-07T06:00:26.891Z.jpg,2026-01-07 11:30:52,9,609
manual_capture_2026-01-07T06:00:27.915Z.jpg,2026-01-07 11:30:53,10,601
manual_capture_2026-01-07T06:00:28.533Z.jpg,2026-01-07 11:30:53,6,600
manual_capture_2026-01-07T06:00:29.190Z.jpg,2026-01-07 11:30:54,9,610
manual_capture_2026-01-07T06:00:29.560Z.jpg,2026-01-07 11:30:55,11,634
manual_capture_2026-01-07T06:00:29.988Z.jpg,2026-01-07 11:30:55,12,606
manual_capture_2026-01-07T06:00:30.246Z.jpg,2026-01-07 11:30:56,12,598
manual_capture_2026-01-07T06:00:30.635Z.jpg,2026-01-07 11:30:57,12,619
manual_capture_2026-01-07T06:00:30.802Z.jpg,2026-01-07 11:30:57,13,617
manual_capture_2026-01-07T06:00:32.032Z.jpg,2026-01-07 11:30:58,13,597
manual_capture_2026-01-07T06:00:32.444Z.jpg,2026-01-07 11:30:58,10,606
manual_capture_2026-01-07T06:00:33.554Z.jpg,2026-01-07 11:30:59,12,611
manual_capture_2026-01-07T06:00:34.490Z.jpg,2026-01-07 11:31:00,16,620
manual_capture_2026-01-07T06:00:35.307Z.jpg,2026-01-07 11:31:00,10,615
manual_capture_2026-01-07T06:00:35.967Z.jpg,2026-01-07 11:31:01,14,622
manual_capture_2026-01-07T06:00:36.587Z.jpg,2026-01-07 11:31:01,11,615
manual_capture_2026-01-07T06:00:37.064Z.jpg,2026-01-07 11:31:02,11,604
manual_capture_2026-01-07T06:00:38.022Z.jpg,2026-01-07 11:31:03,11,609
manual_capture_2026-01-07T06:00:38.785Z.jpg,2026-01-07 11:31:03,13,617
manual_capture_2026-01-07T06:00:39.900Z.jpg,2026-01-07 11:31:04,13,624
manual_capture_2026-01-07T06:00:40.822Z.jpg,2026-01-07 11:31:05,12,619
manual_capture_2026-01-07T06:00:41.642Z.jpg,2026-01-07 11:31:05,11,612
manual_capture_2026-01-07T06:00:42.050Z.jpg,2026-01-07 11:31:06,8,628
manual_capture_2026-01-07T06:00:42.732Z.jpg,2026-01-07 11:31:06,15,597
manual_capture_2026-01-07T06:00:43.443Z.jpg,2026-01-07 11:31:07,12,608
manual_capture_2026-01-07T06:00:44.062Z.jpg,2026-01-07 11:31:08,11,620
manual_capture_2026-01-07T06:00:44.634Z.jpg,2026-01-07 11:31:08,10,604
manual_capture_2026-01-07T06:00:45.085Z.jpg,2026-01-07 11:31:09,10,611
manual_capture_2026-01-07T06:00:45.454Z.jpg,2026-01-07 11:31:09,11,609
manual_capture_2026-01-07T06:00:45.588Z.jpg,2026-01-07 11:31:10,11,614
manual_capture_2026-01-07T06:00:46.209Z.jpg,2026-01-07 11:31:11,14,606
manual_capture_2026-01-07T06:00:47.261Z.jpg,2026-01-07 11:31:14,12,652
manual_capture_2026-01-07T06:00:47.606Z.jpg,2026-01-07 11:31:15,16,615
manual_capture_2026-01-07T06:00:48.414Z.jpg,2026-01-07 11:31:16,14,609
manual_capture_2026-01-07T06:00:48.534Z.jpg,2026-01-07 11:31:16,8,614
manual_capture_2026-01-07T06:00:50.450Z.jpg,2026-01-07 11:31:17,12,619
manual_capture_2026-01-07T06:00:51.442Z.jpg,2026-01-07 11:31:17,7,607
manual_capture_2026-01-07T06:00:52.084Z.jpg,2026-01-07 11:31:18,10,604
manual_capture_2026-01-07T06:00:53.145Z.jpg,2026-01-07 11:31:19,9,611
manual_capture_2026-01-07T06:00:53.732Z.jpg,2026-01-07 11:31:19,9,610
manual_capture_2026-01-07T06:00:54.344Z.jpg,2026-01-07 11:31:20,8,619
manual_capture_2026-01-07T06:00:54.933Z.jpg,2026-01-07 11:31:20,12,611
manual_capture_2026-01-07T06:00:55.815Z.jpg,2026-01-07 11:31:21,9,622
manual_capture_2026-01-07T06:00:59.610Z.jpg,2026-01-07 11:31:22,14,614
manual_capture_2026-01-07T06:00:59.666Z.jpg,2026-01-07 11:31:22,7,619
manual_capture_2026-01-07T06:01:00.448Z.jpg,2026-01-07 11:31:23,11,618
manual_capture_2026-01-07T06:01:01.345Z.jpg,2026-01-07 11:31:24,13,614
manual_capture_2026-01-07T06:01:02.048Z.jpg,2026-01-07 11:31:24,9,608
manual_capture_2026-01-07T06:01:02.875Z.jpg,2026-01-07 11:31:25,14,616
manual_capture_2026-01-07T06:01:03.200Z.jpg,2026-01-07 11:31:25,11,612
manual_capture_2026-01-07T06:01:03.947Z.jpg,2026-01-07 11:31:26,7,617
manual_capture_2026-01-07T06:01:05.343Z.jpg,2026-01-07 11:31:27,8,626
manual_capture_2026-01-07T06:01:06.938Z.jpg,2026-01-07 11:31:27,9,594
manual_capture_2026-01-07T06:01:07.474Z.jpg,2026-01-07 11:31:28,9,619
manual_capture_2026-01-07T06:01:08.690Z.jpg,2026-01-07 11:31:28,16,619
manual_capture_2026-01-07T06:01:08.790Z.jpg,2026-01-07 11:31:29,15,605
manual_capture_2026-01-07T06:01:09.837Z.jpg,2026-01-07 11:31:30,14,612
manual_capture_2026-01-07T06:01:11.105Z.jpg,2026-01-07 11:31:30,14,626
manual_capture_2026-01-07T06:01:11.693Z.jpg,2026-01-07 11:31:31,16,609
manual_capture_2026-01-07T06:01:12.251Z.jpg,2026-01-07 11:31:32,14,609
manual_capture_2026-01-07T06:01:12.870Z.jpg,2026-01-07 11:31:32,13,606
manual_capture_2026-01-07T06:01:13.016Z.jpg,2026-01-07 11:31:33,10,639
manual_capture_2026-01-07T06:01:14.119Z.jpg,2026-01-07 11:31:33,15,635
manual_capture_2026-01-07T06:01:15.400Z.jpg,2026-01-07 11:31:37,11,632
manual_capture_2026-01-07T06:01:15.879Z.jpg,2026-01-07 11:31:38,10,622
manual_capture_2026-01-07T06:01:16.463Z.jpg,2026-01-07 11:31:38,10,610
manual_capture_2026-01-07T06:01:16.706Z.jpg,2026-01-07 11:31:39,11,607
manual_capture_2026-01-07T06:01:16.841Z.jpg,2026-01-07 11:31:40,10,606
manual_capture_2026-01-07T06:01:17.522Z.jpg,2026-01-07 11:31:40,11,623
manual_capture_2026-01-07T06:01:18.177Z.jpg,2026-01-07 11:31:41,10,847
manual_capture_2026-01-07T06:01:18.607Z.jpg,2026-01-07 11:31:42,11,766
manual_capture_2026-01-07T06:01:19.234Z.jpg,2026-01-07 11:31:42,11,692
manual_capture_2026-01-07T06:01:19.745Z.jpg,2026-01-07 11:31:43,12,713
manual_capture_2026-01-07T06:01:20.481Z.jpg,2026-01-07 11:31:43,0,0
manual_capture_2026-01-07T06:01:21.738Z.jpg,2026-01-07 11:31:43,0,0
manual_capture_2026-01-07T06:01:22.177Z.jpg,2026-01-07 11:31:43,0,0
manual_capture_2026-01-07T06:01:23.006Z.jpg,2026-01-07 11:31:43,0,0
manual_capture_2026-01-07T06:01:24.204Z.jpg,2026-01-07 11:31:43,0,0
manual_capture_2026-01-07T06:01:25.276Z.jpg,2026-01-07 11:31:43,0,0
manual_capture_2026-01-07T06:01:25.745Z.jpg,2026-01-07 11:31:43,0,0
manual_capture_2026-01-07T06:01:26.838Z.jpg,2026-01-07 11:31:43,0,0
manual_capture_2026-01-07T06:01:27.432Z.jpg,2026-01-07 11:31:43,0,0
manual_capture_2026-01-07T06:01:27.939Z.jpg,2026-01-07 11:31:43,0,0
manual_capture_2026-01-07T06:01:28.269Z.jpg,2026-01-07 11:31:43,0,0
manual_capture_2026-01-07T06:01:28.454Z.jpg,2026-01-07 11:31:43,0,0
manual_capture_2026-01-07T06:01:29.187Z.jpg,2026-01-07 11:31:43,0,0
manual_capture_2026-01-07T06:01:29.343Z.jpg,2026-01-07 11:31:43,0,0
manual_capture_2026-01-07T06:01:29.758Z.jpg,2026-01-07 11:31:43,0,0
manual_capture_2026-01-07T06:01:30.460Z.jpg,2026-01-07 11:31:43,0,0
manual_capture_2026-01-07T06:01:31.991Z.jpg,2026-01-07 11:31:43,0,0
manual_capture_2026-01-07T06:01:32.721Z.jpg,2026-01-07 11:31:43,0,0
manual_capture_2026-01-07T06:01:33.277Z.jpg,2026-01-07 11:31:43,0,0
manual_capture_2026-01-07T06:01:34.308Z.jpg,2026-01-07 11:31:43,0,0
manual_capture_2026-01-07T06:01:35.964Z.jpg,2026-01-07 11:31:43,0,0
manual_capture_2026-01-07T06:01:36.698Z.jpg,2026-01-07 11:31:44,10,632
manual_capture_2026-01-07T06:01:37.954Z.jpg,2026-01-07 11:31:48,10,656
manual_capture_2026-01-07T06:01:38.952Z.jpg,2026-01-07 11:31:48,9,617
manual_capture_2026-01-07T06:01:39.815Z.jpg,2026-01-07 11:31:49,8,608
manual_capture_2026-01-07T06:01:40.027Z.jpg,2026-01-07 11:31:49,15,615
manual_capture_2026-01-07T06:01:41.014Z.jpg,2026-01-07 11:31:50,8,612
manual_capture_2026-01-07T06:01:42.563Z.jpg,2026-01-07 11:31:51,12,620
manual_capture_2026-01-07T06:01:43.668Z.jpg,2026-01-07 11:31:51,15,598
manual_capture_2026-01-07T06:01:44.585Z.jpg,2026-01-07 11:31:52,10,621
manual_capture_2026-01-07T06:01:46.466Z.jpg,2026-01-07 11:31:52,10,603
manual_capture_2026-01-07T06:01:47.657Z.jpg,2026-01-07 11:31:56,8,655
manual_capture_2026-01-07T06:01:48.980Z.jpg,2026-01-07 11:31:57,11,620
manual_capture_2026-01-07T06:01:49.106Z.jpg,2026-01-07 11:31:57,9,609
manual_capture_2026-01-07T06:01:53.096Z.jpg,2026-01-07 11:31:58,12,598
manual_capture_2026-01-07T06:01:53.429Z.jpg,2026-01-07 11:31:59,13,613
manual_capture_2026-01-07T06:01:54.372Z.jpg,2026-01-07 11:31:59,10,612
manual_capture_2026-01-07T06:01:55.213Z.jpg,2026-01-07 11:32:00,9,602
manual_capture_2026-01-07T06:01:55.587Z.jpg,2026-01-07 11:32:00,11,604
manual_capture_2026-01-07T06:01:56.644Z.jpg,2026-01-07 11:32:04,14,665
manual_capture_2026-01-07T06:01:56.713Z.jpg,2026-01-07 11:32:05,8,629
manual_capture_2026-01-07T06:01:57.321Z.jpg,2026-01-07 11:32:05,11,640
manual_capture_2026-01-07T06:01:57.953Z.jpg,2026-01-07 11:32:06,11,591
manual_capture_2026-01-07T06:01:59.417Z.jpg,2026-01-07 11:32:07,14,596
manual_capture_2026-01-07T06:01:59.539Z.jpg,2026-01-07 11:32:07,14,622
manual_capture_2026-01-07T06:02:00.163Z.jpg,2026-01-07 11:32:08,12,624
manual_capture_2026-01-07T06:02:00.883Z.jpg,2026-01-07 11:32:08,15,609
manual_capture_2026-01-07T06:02:01.333Z.jpg,2026-01-07 11:32:09,14,614
manual_capture_2026-01-07T06:02:01.713Z.jpg,2026-01-07 11:32:10,13,606
manual_capture_2026-01-07T06:02:02.485Z.jpg,2026-01-07 11:32:10,16,619
manual_capture_2026-01-07T06:02:04.817Z.jpg,2026-01-07 11:32:14,11,647
manual_capture_2026-01-07T06:02:05.159Z.jpg,2026-01-07 11:32:15,14,615
manual_capture_2026-01-07T06:02:05.387Z.jpg,2026-01-07 11:32:15,9,609
manual_capture_2026-01-07T06:02:06.624Z.jpg,2026-01-07 11:32:16,11,616
manual_capture_2026-01-07T06:02:07.257Z.jpg,2026-01-07 11:32:16,7,618
manual_capture_2026-01-07T06:02:07.880Z.jpg,2026-01-07 11:32:17,9,609
manual_capture_2026-01-07T06:02:08.655Z.jpg,2026-01-07 11:32:18,9,625
manual_capture_2026-01-07T06:02:09.412Z.jpg,2026-01-07 11:32:18,13,606
manual_capture_2026-01-07T06:02:10.710Z.jpg,2026-01-07 11:32:19,16,604
manual_capture_2026-01-07T06:02:10.838Z.jpg,2026-01-07 11:32:19,14,637
manual_capture_2026-01-07T06:02:12.799Z.jpg,2026-01-07 11:32:20,13,623
manual_capture_2026-01-07T06:02:13.614Z.jpg,2026-01-07 11:32:21,12,682
manual_capture_2026-01-07T06:02:14.096Z.jpg,2026-01-07 11:32:24,10,629
manual_capture_2026-01-07T06:02:14.258Z.jpg,2026-01-07 11:32:25,14,699
manual_capture_2026-01-07T06:02:15.468Z.jpg,2026-01-07 11:32:26,12,673
manual_capture_2026-01-07T06:02:15.973Z.jpg,2026-01-07 11:32:27,11,799
manual_capture_2026-01-07T06:02:16.718Z.jpg,2026-01-07 11:32:27,11,638
manual_capture_2026-01-07T06:02:17.972Z.jpg,2026-01-07 11:32:28,10,638
manual_capture_2026-01-07T06:02:18.712Z.jpg,2026-01-07 11:32:29,13,629
manual_capture_2026-01-07T06:02:19.232Z.jpg,2026-01-07 11:32:29,11,681
manual_capture_2026-01-07T06:02:19.703Z.jpg,2026-01-07 11:32:30,14,727
manual_capture_2026-01-07T06:02:20.490Z.jpg,2026-01-07 11:32:31,12,633
manual_capture_2026-01-07T06:02:20.830Z.jpg,2026-01-07 11:32:31,13,617
manual_capture_2026-01-07T06:02:21.042Z.jpg,2026-01-07 11:32:32,13,704
manual_capture_2026-01-07T06:02:23.067Z.jpg,2026-01-07 11:32:33,12,689
manual_capture_2026-01-07T06:02:23.874Z.jpg,2026-01-07 11:32:33,10,605
manual_capture_2026-01-07T06:02:24.795Z.jpg,2026-01-07 11:32:37,10,679
manual_capture_2026-01-07T06:02:26.606Z.jpg,2026-01-07 11:32:37,9,613
manual_capture_2026-01-07T06:02:27.775Z.jpg,2026-01-07 11:32:38,12,732
manual_capture_2026-01-07T06:02:28.262Z.jpg,2026-01-07 11:32:39,14,732
manual_capture_2026-01-07T06:02:29.150Z.jpg,2026-01-07 11:32:40,11,689
manual_capture_2026-01-07T06:02:29.838Z.jpg,2026-01-07 11:32:40,15,703
manual_capture_2026-01-07T06:02:31.238Z.jpg,2026-01-07 11:32:41,12,696
manual_capture_2026-01-07T06:02:31.910Z.jpg,2026-01-07 11:32:42,9,646
manual_capture_2026-01-07T06:02:33.594Z.jpg,2026-01-07 11:32:42,13,689
manual_capture_2026-01-07T06:02:35.325Z.jpg,2026-01-07 11:32:43,12,638
manual_capture_2026-01-07T06:02:36.717Z.jpg,2026-01-07 11:32:47,10,684
manual_capture_2026-01-07T06:02:37.800Z.jpg,2026-01-07 11:32:47,11,621
manual_capture_2026-01-07T06:02:39.097Z.jpg,2026-01-07 11:32:48,10,640
manual_capture_2026-01-07T06:02:44.929Z.jpg,2026-01-07 11:32:49,6,640
manual_capture_2026-01-07T06:02:45.045Z.jpg,2026-01-07 11:32:49,6,697
manual_capture_2026-01-07T06:02:49.619Z.jpg,2026-01-07 11:32:53,15,635
manual_capture_2026-01-07T06:02:50.323Z.jpg,2026-01-07 11:32:54,15,632
manual_capture_2026-01-07T06:02:54.186Z.jpg,2026-01-07 11:32:57,10,708
manual_capture_2026-01-07T06:02:54.429Z.jpg,2026-01-07 11:32:58,11,656
manual_capture_2026-01-07T06:02:55.404Z.jpg,2026-01-07 11:32:59,12,763
manual_capture_2026-01-07T06:02:56.379Z.jpg,2026-01-07 11:32:59,13,692
manual_capture_2026-01-07T06:02:57.197Z.jpg,2026-01-07 11:33:03,10,793
manual_capture_2026-01-07T06:03:00.032Z.jpg,2026-01-07 11:33:04,11,761
manual_capture_2026-01-07T06:03:01.936Z.jpg,2026-01-07 11:33:05,9,679
manual_capture_2026-01-07T06:03:03.253Z.jpg,2026-01-07 11:33:08,16,730
manual_capture_2026-01-07T06:03:05.362Z.jpg,2026-01-07 11:33:09,9,769
manual_capture_2026-01-07T06:03:05.588Z.jpg,2026-01-07 11:33:10,10,707
manual_capture_2026-01-07T06:03:07.391Z.jpg,2026-01-07 11:33:11,10,695
manual_capture_2026-01-07T06:03:07.800Z.jpg,2026-01-07 11:33:11,8,614
manual_capture_2026-01-07T06:03:09.658Z.jpg,2026-01-07 11:33:15,11,634
manual_capture_2026-01-07T06:03:14.379Z.jpg,2026-01-07 11:33:16,6,613
manual_capture_2026-01-07T06:03:17.198Z.jpg,2026-01-07 11:33:19,11,630
manual_capture_2026-01-07T06:03:26.538Z.jpg,2026-01-07 11:33:29,7,643
manual_capture_2026-01-07T06:04:36.272Z.jpg,2026-01-07 11:34:39,15,1027
manual_capture_2026-01-07T06:04:41.374Z.jpg,2026-01-07 11:34:43,13,639
manual_capture_2026-01-07T06:04:42.842Z.jpg,2026-01-07 11:34:46,10,669
manual_capture_2026-01-07T06:04:44.072Z.jpg,2026-01-07 11:34:47,15,633
manual_capture_2026-01-07T06:04:44.889Z.jpg,2026-01-07 11:34:48,14,717
manual_capture_2026-01-07T06:04:46.830Z.jpg,2026-01-07 11:34:51,13,637
manual_capture_2026-01-07T06:04:47.983Z.jpg,2026-01-07 11:34:52,15,676
manual_capture_2026-01-07T06:04:48.700Z.jpg,2026-01-07 11:34:53,14,604
manual_capture_2026-01-07T06:04:50.195Z.jpg,2026-01-07 11:34:53,15,643
manual_capture_2026-01-07T06:04:50.767Z.jpg,2026-01-07 11:34:54,15,620
manual_capture_2026-01-07T06:04:51.780Z.jpg,2026-01-07 11:34:57,11,638
manual_capture_2026-01-07T06:04:52.608Z.jpg,2026-01-07 11:34:58,18,640
manual_capture_2026-01-07T06:04:55.838Z.jpg,2026-01-07 11:34:59,12,605
manual_capture_2026-01-07T06:04:56.680Z.jpg,2026-01-07 11:34:59,16,670
manual_capture_2026-01-07T06:05:00.335Z.jpg,2026-01-07 11:35:03,13,643
manual_capture_2026-01-07T06:05:11.183Z.jpg,2026-01-07 11:35:13,14,652
manual_capture_2026-01-07T06:05:13.376Z.jpg,2026-01-07 11:35:16,12,640
manual_capture_2026-01-07T06:05:13.428Z.jpg,2026-01-07 11:35:17,13,620
manual_capture_2026-01-07T06:05:14.768Z.jpg,2026-01-07 11:35:18,13,619
manual_capture_2026-01-07T06:05:15.200Z.jpg,2026-01-07 11:35:18,12,613
manual_capture_2026-01-07T06:05:18.855Z.jpg,2026-01-07 11:35:22,14,646
manual_capture_2026-01-07T06:05:20.556Z.jpg,2026-01-07 11:35:22,14,605
manual_capture_2026-01-07T06:05:20.611Z.jpg,2026-01-07 11:35:23,12,602
manual_capture_2026-01-07T06:05:29.373Z.jpg,2026-01-07 11:35:30,13,625
manual_capture_2026-01-07T06:05:36.401Z.jpg,2026-01-07 11:35:39,8,640
manual_capture_2026-01-07T06:05:45.159Z.jpg,2026-01-07 11:35:46,11,654
manual_capture_2026-01-07T06:06:00.286Z.jpg,2026-01-07 11:36:02,5,650
manual_capture_2026-01-07T06:06:00.325Z.jpg,2026-01-07 11:36:02,13,612
manual_capture_2026-01-07T06:06:01.415Z.jpg,2026-01-07 11:36:03,14,624
manual_capture_2026-01-07T06:06:02.048Z.jpg,2026-01-07 11:36:07,10,649
manual_capture_2026-01-07T06:06:02.408Z.jpg,2026-01-07 11:36:07,13,604
manual_capture_2026-01-07T06:06:02.670Z.jpg,2026-01-07 11:36:08,13,621
manual_capture_2026-01-07T06:06:05.126Z.jpg,2026-01-07 11:36:08,12,611
manual_capture_2026-01-07T06:06:06.608Z.jpg,2026-01-07 11:36:12,10,647
manual_capture_2026-01-07T06:06:07.214Z.jpg,2026-01-07 11:36:13,16,608
manual_capture_2026-01-07T06:06:07.259Z.jpg,2026-01-07 11:36:13,10,608
manual_capture_2026-01-07T06:06:07.439Z.jpg,2026-01-07 11:36:14,9,611
manual_capture_2026-01-07T06:06:08.439Z.jpg,2026-01-07 11:36:15,7,608
manual_capture_2026-01-07T06:06:12.630Z.jpg,2026-01-07 11:36:18,15,638
manual_capture_2026-01-07T06:06:12.636Z.jpg,2026-01-07 11:36:19,11,619
manual_capture_2026-01-07T06:06:12.944Z.jpg,2026-01-07 11:36:19,12,625
manual_capture_2026-01-07T06:06:13.526Z.jpg,2026-01-07 11:36:20,13,609
manual_capture_2026-01-07T06:06:13.869Z.jpg,2026-01-07 11:36:21,14,603
manual_capture_2026-01-07T06:06:15.291Z.jpg,2026-01-07 11:36:21,12,621
manual_capture_2026-01-07T06:06:16.033Z.jpg,2026-01-07 11:36:22,10,613
manual_capture_2026-01-07T06:06:17.442Z.jpg,2026-01-07 11:36:22,14,606
manual_capture_2026-01-07T06:06:18.871Z.jpg,2026-01-07 11:36:26,11,640
manual_capture_2026-01-07T06:06:19.535Z.jpg,2026-01-07 11:36:27,10,611
manual_capture_2026-01-07T06:06:21.585Z.jpg,2026-01-07 11:36:27,11,616
manual_capture_2026-01-07T06:06:23.934Z.jpg,2026-01-07 11:36:28,11,603
manual_capture_2026-01-07T06:06:26.518Z.jpg,2026-01-07 11:36:32,13,683
manual_capture_2026-01-07T06:06:27.018Z.jpg,2026-01-07 11:36:32,8,644
manual_capture_2026-01-07T06:06:27.880Z.jpg,2026-01-07 11:36:33,14,633
manual_capture_2026-01-07T06:06:27.981Z.jpg,2026-01-07 11:36:34,10,606
manual_capture_2026-01-07T06:06:28.634Z.jpg,2026-01-07 11:36:34,12,632
manual_capture_2026-01-07T06:06:29.709Z.jpg,2026-01-07 11:36:35,14,614
manual_capture_2026-01-07T06:06:30.408Z.jpg,2026-01-07 11:36:35,13,642
manual_capture_2026-01-07T06:06:31.217Z.jpg,2026-01-07 11:36:36,9,632
manual_capture_2026-01-07T06:06:32.154Z.jpg,2026-01-07 11:36:40,12,678
manual_capture_2026-01-07T06:06:32.738Z.jpg,2026-01-07 11:36:40,13,619
manual_capture_2026-01-07T06:06:33.800Z.jpg,2026-01-07 11:36:41,11,600
manual_capture_2026-01-07T06:06:34.743Z.jpg,2026-01-07 11:36:42,14,600
manual_capture_2026-01-07T06:06:35.330Z.jpg,2026-01-07 11:36:42,10,608
manual_capture_2026-01-07T06:06:35.895Z.jpg,2026-01-07 11:36:43,15,638
manual_capture_2026-01-07T06:06:36.135Z.jpg,2026-01-07 11:36:43,11,615
manual_capture_2026-01-07T06:06:38.181Z.jpg,2026-01-07 11:36:44,13,663
manual_capture_2026-01-07T06:06:42.749Z.jpg,2026-01-07 11:36:48,10,647
manual_capture_2026-01-07T06:06:45.499Z.jpg,2026-01-07 11:36:48,10,618
manual_capture_2026-01-07T06:06:47.252Z.jpg,2026-01-07 11:36:49,11,620
manual_capture_2026-01-07T06:06:50.847Z.jpg,2026-01-07 11:36:53,9,642
manual_capture_2026-01-07T06:06:54.106Z.jpg,2026-01-07 11:36:56,12,640
manual_capture_2026-01-07T06:06:58.118Z.jpg,2026-01-07 11:37:00,16,650
manual_capture_2026-01-07T06:06:58.789Z.jpg,2026-01-07 11:37:01,14,613
manual_capture_2026-01-07T06:07:05.578Z.jpg,2026-01-07 11:37:07,8,661
manual_capture_2026-01-07T06:07:05.878Z.jpg,2026-01-07 11:37:08,17,615
manual_capture_2026-01-07T06:07:06.002Z.jpg,2026-01-07 11:37:09,11,612
manual_capture_2026-01-07T06:07:07.104Z.jpg,2026-01-07 11:37:09,12,604
manual_capture_2026-01-07T06:07:07.530Z.jpg,2026-01-07 11:37:13,15,644
manual_capture_2026-01-07T06:07:08.948Z.jpg,2026-01-07 11:37:13,12,618
manual_capture_2026-01-07T06:07:09.673Z.jpg,2026-01-07 11:37:14,10,617
manual_capture_2026-01-07T06:07:10.162Z.jpg,2026-01-07 11:37:15,14,602
manual_capture_2026-01-07T06:07:10.653Z.jpg,2026-01-07 11:37:15,9,609
manual_capture_2026-01-07T06:07:10.788Z.jpg,2026-01-07 11:37:16,10,614
manual_capture_2026-01-07T06:07:11.930Z.jpg,2026-01-07 11:37:16,11,617
manual_capture_2026-01-07T06:07:12.877Z.jpg,2026-01-07 11:37:20,12,648
manual_capture_2026-01-07T06:07:15.291Z.jpg,2026-01-07 11:37:21,12,618
manual_capture_2026-01-07T06:07:15.907Z.jpg,2026-01-07 11:37:21,10,622
manual_capture_2026-01-07T06:07:19.959Z.jpg,2026-01-07 11:37:22,15,610
manual_capture_2026-01-07T06:07:20.694Z.jpg,2026-01-07 11:37:26,9,649
manual_capture_2026-01-07T06:07:21.615Z.jpg,2026-01-07 11:37:26,10,619
manual_capture_2026-01-07T06:07:23.863Z.jpg,2026-01-07 11:37:27,10,612
manual_capture_2026-01-07T06:07:24.021Z.jpg,2026-01-07 11:37:27,7,604
manual_capture_2026-01-07T06:07:24.630Z.jpg,2026-01-07 11:37:28,14,616
manual_capture_2026-01-07T06:07:25.626Z.jpg,2026-01-07 11:37:32,13,655
manual_capture_2026-01-07T06:07:27.933Z.jpg,2026-01-07 11:37:32,12,605
manual_capture_2026-01-07T06:07:28.385Z.jpg,2026-01-07 11:37:33,13,611
manual_capture_2026-01-07T06:07:29.217Z.jpg,2026-01-07 11:37:34,10,614
manual_capture_2026-01-07T06:07:30.696Z.jpg,2026-01-07 11:37:34,10,609
manual_capture_2026-01-07T06:07:32.537Z.jpg,2026-01-07 11:37:38,12,650
manual_capture_2026-01-07T06:07:34.104Z.jpg,2026-01-07 11:37:38,11,620
manual_capture_2026-01-07T06:07:35.016Z.jpg,2026-01-07 11:37:39,11,611
manual_capture_2026-01-07T06:07:39.426Z.jpg,2026-01-07 11:37:43,11,638
manual_capture_2026-01-07T06:07:40.312Z.jpg,2026-01-07 11:37:43,13,622
manual_capture_2026-01-07T06:07:40.333Z.jpg,2026-01-07 11:37:44,13,600
manual_capture_2026-01-07T06:07:41.555Z.jpg,2026-01-07 11:37:45,11,607
manual_capture_2026-01-07T06:07:42.681Z.jpg,2026-01-07 11:37:48,11,647
manual_capture_2026-01-07T06:07:45.087Z.jpg,2026-01-07 11:37:49,9,610
manual_capture_2026-01-07T06:07:46.933Z.jpg,2026-01-07 11:37:49,13,618
manual_capture_2026-01-07T06:07:46.934Z.jpg,2026-01-07 11:37:50,8,617
manual_capture_2026-01-07T06:07:47.429Z.jpg,2026-01-07 11:37:51,9,613
manual_capture_2026-01-07T06:07:48.938Z.jpg,2026-01-07 11:37:54,9,650
manual_capture_2026-01-07T06:07:52.040Z.jpg,2026-01-07 11:37:55,15,620
manual_capture_2026-01-07T06:07:57.370Z.jpg,2026-01-07 11:37:59,10,643
manual_capture_2026-01-07T06:08:02.289Z.jpg,2026-01-07 11:38:05,9,647
manual_capture_2026-01-07T06:08:03.071Z.jpg,2026-01-07 11:38:06,7,610
manual_capture_2026-01-07T06:08:13.244Z.jpg,2026-01-07 11:38:16,12,660
manual_capture_2026-01-07T06:08:18.064Z.jpg,2026-01-07 11:38:19,12,641
manual_capture_2026-01-07T06:08:19.656Z.jpg,2026-01-07 11:38:23,9,634
manual_capture_2026-01-07T06:08:20.889Z.jpg,2026-01-07 11:38:23,8,606
manual_capture_2026-01-07T06:08:22.043Z.jpg,2026-01-07 11:38:24,9,613
manual_capture_2026-01-07T06:08:22.661Z.jpg,2026-01-07 11:38:25,8,616
manual_capture_2026-01-07T06:08:23.965Z.jpg,2026-01-07 11:38:28,11,651
manual_capture_2026-01-07T06:08:24.668Z.jpg,2026-01-07 11:38:29,16,612
manual_capture_2026-01-07T06:08:25.332Z.jpg,2026-01-07 11:38:30,8,609
manual_capture_2026-01-07T06:08:25.795Z.jpg,2026-01-07 11:38:30,7,603
manual_capture_2026-01-07T06:08:36.798Z.jpg,2026-01-07 11:38:40,12,642
manual_capture_2026-01-07T06:08:40.213Z.jpg,2026-01-07 11:38:44,8,644
manual_capture_2026-01-07T06:08:42.923Z.jpg,2026-01-07 11:38:44,11,597
manual_capture_2026-01-07T06:08:43.623Z.jpg,2026-01-07 11:38:48,9,647
manual_capture_2026-01-07T06:08:43.716Z.jpg,2026-01-07 11:38:48,8,615
manual_capture_2026-01-07T06:08:45.058Z.jpg,2026-01-07 11:38:49,9,616
manual_capture_2026-01-07T06:08:46.998Z.jpg,2026-01-07 11:38:50,8,617
manual_capture_2026-01-07T06:08:47.612Z.jpg,2026-01-07 11:38:50,14,619
manual_capture_2026-01-07T06:08:47.637Z.jpg,2026-01-07 11:38:54,13,658
manual_capture_2026-01-07T06:08:48.782Z.jpg,2026-01-07 11:38:55,10,612
manual_capture_2026-01-07T06:08:49.263Z.jpg,2026-01-07 11:38:55,7,612
manual_capture_2026-01-07T06:08:49.543Z.jpg,2026-01-07 11:38:56,5,605
manual_capture_2026-01-07T06:08:49.933Z.jpg,2026-01-07 11:38:56,8,616
manual_capture_2026-01-07T06:08:50.069Z.jpg,2026-01-07 11:38:57,8,615
manual_capture_2026-01-07T06:08:50.665Z.jpg,2026-01-07 11:38:58,7,617
manual_capture_2026-01-07T06:08:52.796Z.jpg,2026-01-07 11:38:58,6,606
manual_capture_2026-01-07T06:08:55.285Z.jpg,2026-01-07 11:39:02,8,647
manual_capture_2026-01-07T06:08:56.320Z.jpg,2026-01-07 11:39:02,7,607
manual_capture_2026-01-07T06:08:58.296Z.jpg,2026-01-07 11:39:03,6,609
manual_capture_2026-01-07T06:08:58.853Z.jpg,2026-01-07 11:39:04,9,613
manual_capture_2026-01-07T06:08:59.285Z.jpg,2026-01-07 11:39:04,5,609
manual_capture_2026-01-07T06:08:59.707Z.jpg,2026-01-07 11:39:05,8,613
manual_capture_2026-01-07T06:09:00.133Z.jpg,2026-01-07 11:39:06,5,608
manual_capture_2026-01-07T06:09:02.337Z.jpg,2026-01-07 11:39:09,5,652
manual_capture_2026-01-07T06:09:03.305Z.jpg,2026-01-07 11:39:10,4,602
manual_capture_2026-01-07T06:09:03.598Z.jpg,2026-01-07 11:39:10,3,600
manual_capture_2026-01-07T06:09:04.975Z.jpg,2026-01-07 11:39:11,6,623
manual_capture_2026-01-07T06:09:05.004Z.jpg,2026-01-07 11:39:12,4,616
manual_capture_2026-01-07T06:09:05.259Z.jpg,2026-01-07 11:39:12,5,618
manual_capture_2026-01-07T06:09:06.254Z.jpg,2026-01-07 11:39:13,7,606
manual_capture_2026-01-07T06:09:07.595Z.jpg,2026-01-07 11:39:14,7,621
manual_capture_2026-01-07T06:09:08.403Z.jpg,2026-01-07 11:39:14,7,615
manual_capture_2026-01-07T06:09:08.552Z.jpg,2026-01-07 11:39:15,6,605
manual_capture_2026-01-07T06:09:08.943Z.jpg,2026-01-07 11:39:15,7,607
manual_capture_2026-01-07T06:09:10.611Z.jpg,2026-01-07 11:39:19,7,639
manual_capture_2026-01-07T06:09:11.395Z.jpg,2026-01-07 11:39:20,7,606
manual_capture_2026-01-07T06:09:11.468Z.jpg,2026-01-07 11:39:20,8,610
manual_capture_2026-01-07T06:09:12.847Z.jpg,2026-01-07 11:39:21,11,609
manual_capture_2026-01-07T06:09:14.658Z.jpg,2026-01-07 11:39:21,9,613
manual_capture_2026-01-07T06:09:15.287Z.jpg,2026-01-07 11:39:22,8,604
manual_capture_2026-01-07T06:09:16.063Z.jpg,2026-01-07 11:39:23,8,605
manual_capture_2026-01-07T06:09:16.845Z.jpg,2026-01-07 11:39:23,8,601
manual_capture_2026-01-07T06:09:18.724Z.jpg,2026-01-07 11:39:24,6,611
manual_capture_2026-01-07T06:09:19.508Z.jpg,2026-01-07 11:39:28,10,628
manual_capture_2026-01-07T06:09:21.703Z.jpg,2026-01-07 11:39:28,7,612
manual_capture_2026-01-07T06:09:23.358Z.jpg,2026-01-07 11:39:29,4,614
manual_capture_2026-01-07T06:09:24.171Z.jpg,2026-01-07 11:39:29,9,614
manual_capture_2026-01-07T06:09:24.791Z.jpg,2026-01-07 11:39:30,8,609
manual_capture_2026-01-07T06:09:27.964Z.jpg,2026-01-07 11:39:34,2,639
manual_capture_2026-01-07T06:09:28.298Z.jpg,2026-01-07 11:39:34,3,617
manual_capture_2026-01-07T06:09:28.709Z.jpg,2026-01-07 11:39:35,7,607
manual_capture_2026-01-07T06:09:29.295Z.jpg,2026-01-07 11:39:35,6,603
manual_capture_2026-01-07T06:09:29.533Z.jpg,2026-01-07 11:39:36,7,611
manual_capture_2026-01-07T06:09:30.832Z.jpg,2026-01-07 11:39:37,9,610
manual_capture_2026-01-07T06:09:31.375Z.jpg,2026-01-07 11:39:37,10,619
manual_capture_2026-01-07T06:09:32.779Z.jpg,2026-01-07 11:39:38,7,620
manual_capture_2026-01-07T06:09:33.978Z.jpg,2026-01-07 11:39:42,5,652
manual_capture_2026-01-07T06:09:36.209Z.jpg,2026-01-07 11:39:42,7,612
manual_capture_2026-01-07T06:09:37.162Z.jpg,2026-01-07 11:39:43,7,615
manual_capture_2026-01-07T06:09:38.378Z.jpg,2026-01-07 11:39:43,5,611
manual_capture_2026-01-07T06:09:39.320Z.jpg,2026-01-07 11:39:44,8,606
manual_capture_2026-01-07T06:09:39.535Z.jpg,2026-01-07 11:39:45,10,614
manual_capture_2026-01-07T06:09:41.069Z.jpg,2026-01-07 11:39:45,9,602
manual_capture_2026-01-07T06:09:42.042Z.jpg,2026-01-07 11:39:49,10,650
manual_capture_2026-01-07T06:09:42.990Z.jpg,2026-01-07 11:39:50,9,623
manual_capture_2026-01-07T06:09:43.357Z.jpg,2026-01-07 11:39:50,10,606
manual_capture_2026-01-07T06:09:44.450Z.jpg,2026-01-07 11:39:51,12,605
manual_capture_2026-01-07T06:09:44.840Z.jpg,2026-01-07 11:39:51,8,607
manual_capture_2026-01-07T06:09:45.476Z.jpg,2026-01-07 11:39:52,6,613
manual_capture_2026-01-07T06:09:45.943Z.jpg,2026-01-07 11:39:53,8,599
manual_capture_2026-01-07T06:09:46.478Z.jpg,2026-01-07 11:39:53,9,596
manual_capture_2026-01-07T06:09:47.675Z.jpg,2026-01-07 11:39:54,6,623
manual_capture_2026-01-07T06:09:48.518Z.jpg,2026-01-07 11:39:54,6,600
manual_capture_2026-01-07T06:09:49.013Z.jpg,2026-01-07 11:39:58,5,630
manual_capture_2026-01-07T06:09:49.964Z.jpg,2026-01-07 11:39:59,4,609
manual_capture_2026-01-07T06:09:50.819Z.jpg,2026-01-07 11:39:59,5,601
manual_capture_2026-01-07T06:09:50.981Z.jpg,2026-01-07 11:40:00,7,617
manual_capture_2026-01-07T06:09:53.849Z.jpg,2026-01-07 11:40:00,4,608
manual_capture_2026-01-07T06:09:55.045Z.jpg,2026-01-07 11:40:01,8,606
manual_capture_2026-01-07T06:09:56.601Z.jpg,2026-01-07 11:40:02,6,607
manual_capture_2026-01-07T06:09:57.419Z.jpg,2026-01-07 11:40:02,3,613
manual_capture_2026-01-07T06:09:58.423Z.jpg,2026-01-07 11:40:06,7,633
manual_capture_2026-01-07T06:10:00.323Z.jpg,2026-01-07 11:40:07,9,613
manual_capture_2026-01-07T06:10:01.982Z.jpg,2026-01-07 11:40:07,7,611
manual_capture_2026-01-07T06:10:02.360Z.jpg,2026-01-07 11:40:08,9,598
manual_capture_2026-01-07T06:10:05.957Z.jpg,2026-01-07 11:40:11,10,648
manual_capture_2026-01-07T06:10:23.310Z.jpg,2026-01-07 11:40:24,8,633
manual_capture_2026-01-07T06:10:25.126Z.jpg,2026-01-07 11:40:28,12,649
manual_capture_2026-01-07T06:10:26.387Z.jpg,2026-01-07 11:40:28,12,611
manual_capture_2026-01-07T06:10:27.301Z.jpg,2026-01-07 11:40:29,6,622
manual_capture_2026-01-07T06:10:28.246Z.jpg,2026-01-07 11:40:33,13,646
manual_capture_2026-01-07T06:10:28.911Z.jpg,2026-01-07 11:40:33,13,615
manual_capture_2026-01-07T06:10:29.022Z.jpg,2026-01-07 11:40:34,15,613
manual_capture_2026-01-07T06:10:29.662Z.jpg,2026-01-07 11:40:35,16,605
manual_capture_2026-01-07T06:10:30.778Z.jpg,2026-01-07 11:40:35,13,610
manual_capture_2026-01-07T06:10:31.551Z.jpg,2026-01-07 11:40:36,11,609
manual_capture_2026-01-07T06:10:32.837Z.jpg,2026-01-07 11:40:39,12,639
manual_capture_2026-01-07T06:10:35.067Z.jpg,2026-01-07 11:40:40,12,611
manual_capture_2026-01-07T06:10:36.939Z.jpg,2026-01-07 11:40:41,21,615
manual_capture_2026-01-07T06:10:39.759Z.jpg,2026-01-07 11:40:44,16,653
manual_capture_2026-01-07T06:10:44.358Z.jpg,2026-01-07 11:40:48,12,647
manual_capture_2026-01-07T06:10:50.702Z.jpg,2026-01-07 11:40:52,11,637
manual_capture_2026-01-07T06:10:50.890Z.jpg,2026-01-07 11:40:52,10,607
manual_capture_2026-01-07T06:10:51.542Z.jpg,2026-01-07 11:40:56,8,649
manual_capture_2026-01-07T06:10:52.128Z.jpg,2026-01-07 11:40:56,7,617
manual_capture_2026-01-07T06:10:53.578Z.jpg,2026-01-07 11:40:57,7,596
manual_capture_2026-01-07T06:10:57.229Z.jpg,2026-01-07 11:41:01,9,640
manual_capture_2026-01-07T06:10:59.897Z.jpg,2026-01-07 11:41:01,12,611
manual_capture_2026-01-07T06:11:01.352Z.jpg,2026-01-07 11:41:05,6,638
manual_capture_2026-01-07T06:11:01.670Z.jpg,2026-01-07 11:41:06,9,633
manual_capture_2026-01-07T06:11:03.838Z.jpg,2026-01-07 11:41:06,9,615
manual_capture_2026-01-07T06:11:05.061Z.jpg,2026-01-07 11:41:10,13,643
manual_capture_2026-01-07T06:11:07.591Z.jpg,2026-01-07 11:41:10,12,607
manual_capture_2026-01-07T06:11:10.059Z.jpg,2026-01-07 11:41:14,15,642
manual_capture_2026-01-07T06:11:10.703Z.jpg,2026-01-07 11:41:15,11,616
manual_capture_2026-01-07T06:11:11.736Z.jpg,2026-01-07 11:41:15,15,611
manual_capture_2026-01-07T06:11:12.192Z.jpg,2026-01-07 11:41:16,13,615
manual_capture_2026-01-07T06:11:12.636Z.jpg,2026-01-07 11:41:17,10,606
manual_capture_2026-01-07T06:11:13.094Z.jpg,2026-01-07 11:41:17,12,612
manual_capture_2026-01-07T06:11:13.378Z.jpg,2026-01-07 11:41:18,7,610
manual_capture_2026-01-07T06:11:14.407Z.jpg,2026-01-07 11:41:21,10,635
manual_capture_2026-01-07T06:11:15.310Z.jpg,2026-01-07 11:41:22,16,616
manual_capture_2026-01-07T06:11:15.604Z.jpg,2026-01-07 11:41:23,9,625
manual_capture_2026-01-07T06:11:15.784Z.jpg,2026-01-07 11:41:23,12,620
manual_capture_2026-01-07T06:11:16.234Z.jpg,2026-01-07 11:41:24,13,613
manual_capture_2026-01-07T06:11:17.744Z.jpg,2026-01-07 11:41:25,11,613
manual_capture_2026-01-07T06:11:18.639Z.jpg,2026-01-07 11:41:25,13,611
manual_capture_2026-01-07T06:11:19.894Z.jpg,2026-01-07 11:41:26,8,616
manual_capture_2026-01-07T06:11:21.823Z.jpg,2026-01-07 11:41:29,12,663
manual_capture_2026-01-07T06:11:22.510Z.jpg,2026-01-07 11:41:30,8,601
manual_capture_2026-01-07T06:11:22.652Z.jpg,2026-01-07 11:41:31,10,605
manual_capture_2026-01-07T06:11:23.249Z.jpg,2026-01-07 11:41:31,10,603
manual_capture_2026-01-07T06:11:23.358Z.jpg,2026-01-07 11:41:32,6,617
manual_capture_2026-01-07T06:11:25.365Z.jpg,2026-01-07 11:41:33,8,619
manual_capture_2026-01-07T06:11:25.912Z.jpg,2026-01-07 11:41:33,10,607
manual_capture_2026-01-07T06:11:26.214Z.jpg,2026-01-07 11:41:34,7,613
manual_capture_2026-01-07T06:11:26.957Z.jpg,2026-01-07 11:41:34,8,612
manual_capture_2026-01-07T06:11:27.057Z.jpg,2026-01-07 11:41:35,8,598
manual_capture_2026-01-07T06:11:27.832Z.jpg,2026-01-07 11:41:36,9,611
manual_capture_2026-01-07T06:11:28.309Z.jpg,2026-01-07 11:41:36,8,613
manual_capture_2026-01-07T06:11:29.528Z.jpg,2026-01-07 11:41:40,6,646
manual_capture_2026-01-07T06:11:29.574Z.jpg,2026-01-07 11:41:40,8,611
manual_capture_2026-01-07T06:11:31.310Z.jpg,2026-01-07 11:41:41,9,605
manual_capture_2026-01-07T06:11:32.736Z.jpg,2026-01-07 11:41:42,9,616
manual_capture_2026-01-07T06:11:33.959Z.jpg,2026-01-07 11:41:42,7,629
manual_capture_2026-01-07T06:11:36.459Z.jpg,2026-01-07 11:41:43,5,633
manual_capture_2026-01-07T06:11:39.726Z.jpg,2026-01-07 11:41:47,7,660
manual_capture_2026-01-07T06:11:44.076Z.jpg,2026-01-07 11:41:47,2,624
manual_capture_2026-01-07T06:11:45.574Z.jpg,2026-01-07 11:41:48,7,604
manual_capture_2026-01-07T06:11:47.208Z.jpg,2026-01-07 11:41:52,6,652
manual_capture_2026-01-07T06:11:48.083Z.jpg,2026-01-07 11:41:52,6,620
manual_capture_2026-01-07T06:11:48.500Z.jpg,2026-01-07 11:41:53,7,610
manual_capture_2026-01-07T06:11:50.055Z.jpg,2026-01-07 11:41:53,4,605
manual_capture_2026-01-07T06:11:50.069Z.jpg,2026-01-07 11:41:54,10,628
manual_capture_2026-01-07T06:11:50.818Z.jpg,2026-01-07 11:41:55,9,623
manual_capture_2026-01-07T06:11:51.658Z.jpg,2026-01-07 11:41:58,6,644
manual_capture_2026-01-07T06:11:52.205Z.jpg,2026-01-07 11:41:59,6,623
manual_capture_2026-01-07T06:11:54.097Z.jpg,2026-01-07 11:42:00,5,614
manual_capture_2026-01-07T06:11:54.869Z.jpg,2026-01-07 11:42:00,3,599
manual_capture_2026-01-07T06:11:55.838Z.jpg,2026-01-07 11:42:01,7,620
manual_capture_2026-01-07T06:11:57.197Z.jpg,2026-01-07 11:42:01,6,609
manual_capture_2026-01-07T06:11:59.092Z.jpg,2026-01-07 11:42:05,7,652
manual_capture_2026-01-07T06:12:05.987Z.jpg,2026-01-07 11:42:09,7,637
manual_capture_2026-01-07T06:12:06.221Z.jpg,2026-01-07 11:42:09,6,608
manual_capture_2026-01-07T06:12:08.338Z.jpg,2026-01-07 11:42:10,2,621
manual_capture_2026-01-07T06:12:09.928Z.jpg,2026-01-07 11:42:14,8,654
manual_capture_2026-01-07T06:12:17.216Z.jpg,2026-01-07 11:42:20,6,647
manual_capture_2026-01-07T06:13:08.117Z.jpg,2026-01-07 11:43:09,7,665
manual_capture_2026-01-07T06:13:08.591Z.jpg,2026-01-07 11:43:10,5,612
manual_capture_2026-01-07T06:13:09.283Z.jpg,2026-01-07 11:43:13,7,648
manual_capture_2026-01-07T06:13:12.562Z.jpg,2026-01-07 11:43:14,4,616
manual_capture_2026-01-07T06:13:14.056Z.jpg,2026-01-07 11:43:17,10,637
manual_capture_2026-01-07T06:13:22.836Z.jpg,2026-01-07 11:43:24,0,651
manual_capture_2026-01-07T06:13:22.919Z.jpg,2026-01-07 11:43:25,4,653
manual_capture_2026-01-07T06:13:23.111Z.jpg,2026-01-07 11:43:25,0,539
manual_capture_2026-01-07T06:13:23.920Z.jpg,2026-01-07 11:43:26,0,549
manual_capture_2026-01-07T06:13:26.162Z.jpg,2026-01-07 11:43:30,1,679
manual_capture_2026-01-07T06:13:34.718Z.jpg,2026-01-07 11:43:36,0,578
manual_capture_2026-01-07T06:13:34.973Z.jpg,2026-01-07 11:43:37,0,548
manual_capture_2026-01-07T06:13:38.862Z.jpg,2026-01-07 11:43:40,0,572
manual_capture_2026-01-07T06:13:42.499Z.jpg,2026-01-07 11:43:44,0,664
manual_capture_2026-01-07T06:13:42.575Z.jpg,2026-01-07 11:43:45,0,564
manual_capture_2026-01-07T06:13:43.534Z.jpg,2026-01-07 11:43:45,0,547
manual_capture_2026-01-07T06:13:47.187Z.jpg,2026-01-07 11:43:49,4,694
manual_capture_2026-01-07T06:13:48.210Z.jpg,2026-01-07 11:43:49,0,631
manual_capture_2026-01-07T06:13:48.306Z.jpg,2026-01-07 11:43:50,0,584
manual_capture_2026-01-07T06:13:49.512Z.jpg,2026-01-07 11:43:54,0,577
manual_capture_2026-01-07T06:13:52.328Z.jpg,2026-01-07 11:43:54,0,587
manual_capture_2026-01-07T06:13:53.710Z.jpg,2026-01-07 11:43:58,0,620
manual_capture_2026-01-07T06:13:54.261Z.jpg,2026-01-07 11:43:58,0,617
manual_capture_2026-01-07T06:13:55.846Z.jpg,2026-01-07 11:43:59,0,562
manual_capture_2026-01-07T06:13:55.856Z.jpg,2026-01-07 11:44:00,0,628
manual_capture_2026-01-07T06:13:56.386Z.jpg,2026-01-07 11:44:00,0,588
manual_capture_2026-01-07T06:14:02.932Z.jpg,2026-01-07 11:44:04,0,683
manual_capture_2026-01-07T06:14:08.773Z.jpg,2026-01-07 11:44:11,0,563
manual_capture_2026-01-07T06:14:09.962Z.jpg,2026-01-07 11:44:11,12,607
manual_capture_2026-01-07T06:14:15.143Z.jpg,2026-01-07 11:44:18,0,574
manual_capture_2026-01-07T06:14:17.670Z.jpg,2026-01-07 11:44:21,0,576
manual_capture_2026-01-07T06:14:17.671Z.jpg,2026-01-07 11:44:22,9,611
manual_capture_2026-01-07T06:14:18.696Z.jpg,2026-01-07 11:44:23,9,602
manual_capture_2026-01-07T06:14:21.232Z.jpg,2026-01-07 11:44:26,0,583
manual_capture_2026-01-07T06:14:21.288Z.jpg,2026-01-07 11:44:27,16,605
manual_capture_2026-01-07T06:14:24.521Z.jpg,2026-01-07 11:44:27,11,598
manual_capture_2026-01-07T06:14:26.083Z.jpg,2026-01-07 11:44:31,11,621
manual_capture_2026-01-07T06:14:26.432Z.jpg,2026-01-07 11:44:32,6,608
manual_capture_2026-01-07T06:14:27.042Z.jpg,2026-01-07 11:44:32,15,613
manual_capture_2026-01-07T06:14:27.211Z.jpg,2026-01-07 11:44:33,6,601
manual_capture_2026-01-07T06:14:28.452Z.jpg,2026-01-07 11:44:33,12,603
manual_capture_2026-01-07T06:14:29.616Z.jpg,2026-01-07 11:44:34,10,611
manual_capture_2026-01-07T06:14:30.763Z.jpg,2026-01-07 11:44:35,11,600
manual_capture_2026-01-07T06:14:30.766Z.jpg,2026-01-07 11:44:35,13,594
manual_capture_2026-01-07T06:14:31.702Z.jpg,2026-01-07 11:44:39,9,629
manual_capture_2026-01-07T06:14:32.892Z.jpg,2026-01-07 11:44:39,9,596
manual_capture_2026-01-07T06:14:34.224Z.jpg,2026-01-07 11:44:40,0,537
manual_capture_2026-01-07T06:14:34.241Z.jpg,2026-01-07 11:44:41,10,609
manual_capture_2026-01-07T06:14:34.751Z.jpg,2026-01-07 11:44:41,10,595
manual_capture_2026-01-07T06:14:36.562Z.jpg,2026-01-07 11:44:42,8,620
manual_capture_2026-01-07T06:14:37.415Z.jpg,2026-01-07 11:44:42,9,583
manual_capture_2026-01-07T06:14:39.060Z.jpg,2026-01-07 11:44:46,6,628
manual_capture_2026-01-07T06:14:39.341Z.jpg,2026-01-07 11:44:47,7,596
manual_capture_2026-01-07T06:14:40.437Z.jpg,2026-01-07 11:44:47,7,595
manual_capture_2026-01-07T06:14:41.598Z.jpg,2026-01-07 11:44:48,9,605
manual_capture_2026-01-07T06:14:42.210Z.jpg,2026-01-07 11:44:48,11,606
manual_capture_2026-01-07T06:14:42.919Z.jpg,2026-01-07 11:44:49,11,614
manual_capture_2026-01-07T06:14:43.299Z.jpg,2026-01-07 11:44:50,12,596
manual_capture_2026-01-07T06:14:44.582Z.jpg,2026-01-07 11:44:50,8,615
manual_capture_2026-01-07T06:14:46.542Z.jpg,2026-01-07 11:44:54,9,642
manual_capture_2026-01-07T06:14:47.536Z.jpg,2026-01-07 11:44:55,8,614
manual_capture_2026-01-07T06:14:48.123Z.jpg,2026-01-07 11:44:55,5,603
manual_capture_2026-01-07T06:14:48.820Z.jpg,2026-01-07 11:44:56,6,615
manual_capture_2026-01-07T06:14:51.115Z.jpg,2026-01-07 11:44:56,7,604
manual_capture_2026-01-07T06:14:53.350Z.jpg,2026-01-07 11:44:57,10,608
manual_capture_2026-01-07T06:14:53.450Z.jpg,2026-01-07 11:44:58,8,598
manual_capture_2026-01-07T06:14:53.501Z.jpg,2026-01-07 11:44:58,9,605
manual_capture_2026-01-07T06:14:56.081Z.jpg,2026-01-07 11:45:02,9,632
manual_capture_2026-01-07T06:14:57.169Z.jpg,2026-01-07 11:45:02,12,605
manual_capture_2026-01-07T06:14:58.566Z.jpg,2026-01-07 11:45:03,13,592
manual_capture_2026-01-07T06:15:00.892Z.jpg,2026-01-07 11:45:04,12,604
manual_capture_2026-01-07T06:15:08.065Z.jpg,2026-01-07 11:45:10,9,635
manual_capture_2026-01-07T06:15:08.927Z.jpg,2026-01-07 11:45:11,17,601
manual_capture_2026-01-07T06:15:08.960Z.jpg,2026-01-07 11:45:12,13,606
manual_capture_2026-01-07T06:15:10.925Z.jpg,2026-01-07 11:45:15,13,634
manual_capture_2026-01-07T06:15:13.136Z.jpg,2026-01-07 11:45:16,11,608
manual_capture_2026-01-07T06:15:14.537Z.jpg,2026-01-07 11:45:16,18,601
manual_capture_2026-01-07T06:15:17.400Z.jpg,2026-01-07 11:45:20,13,627
manual_capture_2026-01-07T06:15:18.783Z.jpg,2026-01-07 11:45:21,13,586
manual_capture_2026-01-07T06:15:24.849Z.jpg,2026-01-07 11:45:27,9,632
manual_capture_2026-01-07T06:15:25.932Z.jpg,2026-01-07 11:45:28,15,606
manual_capture_2026-01-07T06:15:28.147Z.jpg,2026-01-07 11:45:31,9,647
manual_capture_2026-01-07T06:15:29.006Z.jpg,2026-01-07 11:45:32,12,607
manual_capture_2026-01-07T06:15:29.640Z.jpg,2026-01-07 11:45:33,16,599
manual_capture_2026-01-07T06:15:30.493Z.jpg,2026-01-07 11:45:33,12,597
manual_capture_2026-01-07T06:15:31.187Z.jpg,2026-01-07 11:45:34,14,597
manual_capture_2026-01-07T06:15:32.434Z.jpg,2026-01-07 11:45:38,15,624
manual_capture_2026-01-07T06:15:33.367Z.jpg,2026-01-07 11:45:38,11,592
manual_capture_2026-01-07T06:15:34.790Z.jpg,2026-01-07 11:45:39,14,600
manual_capture_2026-01-07T06:15:35.520Z.jpg,2026-01-07 11:45:39,14,610
manual_capture_2026-01-07T06:15:36.568Z.jpg,2026-01-07 11:45:40,12,596
manual_capture_2026-01-07T06:15:37.564Z.jpg,2026-01-07 11:45:44,13,650
manual_capture_2026-01-07T06:15:38.695Z.jpg,2026-01-07 11:45:44,17,599
manual_capture_2026-01-07T06:15:39.628Z.jpg,2026-01-07 11:45:45,15,605
manual_capture_2026-01-07T06:15:41.689Z.jpg,2026-01-07 11:45:45,10,602
manual_capture_2026-01-07T06:15:42.123Z.jpg,2026-01-07 11:45:46,13,625
manual_capture_2026-01-07T06:15:43.957Z.jpg,2026-01-07 11:45:50,13,637
manual_capture_2026-01-07T06:15:56.690Z.jpg,2026-01-07 11:45:59,18,674
manual_capture_2026-01-07T06:15:59.082Z.jpg,2026-01-07 11:46:00,16,648
manual_capture_2026-01-07T06:16:00.943Z.jpg,2026-01-07 11:46:04,17,665
manual_capture_2026-01-07T06:16:03.532Z.jpg,2026-01-07 11:46:04,13,604
manual_capture_2026-01-07T06:16:04.873Z.jpg,2026-01-07 11:46:08,17,633
manual_capture_2026-01-07T06:16:08.481Z.jpg,2026-01-07 11:46:12,16,631
manual_capture_2026-01-07T06:16:08.749Z.jpg,2026-01-07 11:46:12,14,606
manual_capture_2026-01-07T06:16:09.450Z.jpg,2026-01-07 11:46:13,18,606
manual_capture_2026-01-07T06:16:10.240Z.jpg,2026-01-07 11:46:13,20,597
manual_capture_2026-01-07T06:16:10.426Z.jpg,2026-01-07 11:46:14,14,600
manual_capture_2026-01-07T06:16:11.075Z.jpg,2026-01-07 11:46:15,17,603
manual_capture_2026-01-07T06:16:11.771Z.jpg,2026-01-07 11:46:18,15,635
manual_capture_2026-01-07T06:16:12.312Z.jpg,2026-01-07 11:46:19,12,599
manual_capture_2026-01-07T06:16:14.770Z.jpg,2026-01-07 11:46:19,16,607
manual_capture_2026-01-07T06:16:15.640Z.jpg,2026-01-07 11:46:20,17,609
manual_capture_2026-01-07T06:16:16.728Z.jpg,2026-01-07 11:46:21,19,595
manual_capture_2026-01-07T06:16:18.391Z.jpg,2026-01-07 11:46:24,19,646
manual_capture_2026-01-07T06:16:18.646Z.jpg,2026-01-07 11:46:25,11,611
manual_capture_2026-01-07T06:16:20.476Z.jpg,2026-01-07 11:46:26,14,609
manual_capture_2026-01-07T06:16:22.108Z.jpg,2026-01-07 11:46:26,13,602
manual_capture_2026-01-07T06:16:23.100Z.jpg,2026-01-07 11:46:27,15,593
manual_capture_2026-01-07T06:16:23.776Z.jpg,2026-01-07 11:46:27,19,596
manual_capture_2026-01-07T06:16:24.832Z.jpg,2026-01-07 11:46:31,14,642
manual_capture_2026-01-07T06:16:26.980Z.jpg,2026-01-07 11:46:32,14,604
manual_capture_2026-01-07T06:16:28.731Z.jpg,2026-01-07 11:46:32,19,592
manual_capture_2026-01-07T06:16:31.331Z.jpg,2026-01-07 11:46:36,16,642
manual_capture_2026-01-07T06:16:33.025Z.jpg,2026-01-07 11:46:36,12,600
manual_capture_2026-01-07T06:16:33.060Z.jpg,2026-01-07 11:46:37,13,611
manual_capture_2026-01-07T06:16:34.192Z.jpg,2026-01-07 11:46:38,13,590
manual_capture_2026-01-07T06:16:34.928Z.jpg,2026-01-07 11:46:38,13,597
manual_capture_2026-01-07T06:16:35.096Z.jpg,2026-01-07 11:46:39,15,606
manual_capture_2026-01-07T06:16:36.202Z.jpg,2026-01-07 11:46:43,15,640
manual_capture_2026-01-07T06:16:37.020Z.jpg,2026-01-07 11:46:43,16,631
manual_capture_2026-01-07T06:16:37.317Z.jpg,2026-01-07 11:46:44,16,596
manual_capture_2026-01-07T06:16:38.468Z.jpg,2026-01-07 11:46:44,18,630
manual_capture_2026-01-07T06:16:39.424Z.jpg,2026-01-07 11:46:45,20,623
manual_capture_2026-01-07T06:16:40.271Z.jpg,2026-01-07 11:46:46,15,597
manual_capture_2026-01-07T06:16:40.898Z.jpg,2026-01-07 11:46:46,15,606
manual_capture_2026-01-07T06:16:42.652Z.jpg,2026-01-07 11:46:50,16,682
manual_capture_2026-01-07T06:16:43.667Z.jpg,2026-01-07 11:46:51,16,604
manual_capture_2026-01-07T06:16:45.623Z.jpg,2026-01-07 11:46:51,18,632
manual_capture_2026-01-07T06:16:47.381Z.jpg,2026-01-07 11:46:52,16,634
manual_capture_2026-01-07T06:16:49.042Z.jpg,2026-01-07 11:46:52,15,627
manual_capture_2026-01-07T06:16:50.525Z.jpg,2026-01-07 11:46:56,16,647
manual_capture_2026-01-07T06:16:51.343Z.jpg,2026-01-07 11:46:57,16,603
manual_capture_2026-01-07T06:16:52.664Z.jpg,2026-01-07 11:46:57,11,598
manual_capture_2026-01-07T06:16:53.342Z.jpg,2026-01-07 11:46:58,15,605
manual_capture_2026-01-07T06:16:53.605Z.jpg,2026-01-07 11:46:59,17,631
manual_capture_2026-01-07T06:16:54.700Z.jpg,2026-01-07 11:46:59,15,602
manual_capture_2026-01-07T06:16:55.274Z.jpg,2026-01-07 11:47:00,14,608
manual_capture_2026-01-07T06:16:55.867Z.jpg,2026-01-07 11:47:00,12,606
manual_capture_2026-01-07T06:16:56.268Z.jpg,2026-01-07 11:47:04,12,631
manual_capture_2026-01-07T06:16:58.809Z.jpg,2026-01-07 11:47:05,13,597
manual_capture_2026-01-07T06:17:03.241Z.jpg,2026-01-07 11:47:05,10,596
manual_capture_2026-01-07T06:17:04.477Z.jpg,2026-01-07 11:47:09,12,632
manual_capture_2026-01-07T06:17:05.014Z.jpg,2026-01-07 11:47:09,12,605
manual_capture_2026-01-07T06:17:06.556Z.jpg,2026-01-07 11:47:10,15,607
manual_capture_2026-01-07T06:17:06.669Z.jpg,2026-01-07 11:47:11,19,596
manual_capture_2026-01-07T06:17:07.602Z.jpg,2026-01-07 11:47:11,17,596
manual_capture_2026-01-07T06:17:08.601Z.jpg,2026-01-07 11:47:12,10,609
manual_capture_2026-01-07T06:17:09.156Z.jpg,2026-01-07 11:47:16,16,638
manual_capture_2026-01-07T06:17:10.075Z.jpg,2026-01-07 11:47:16,10,618
manual_capture_2026-01-07T06:17:10.740Z.jpg,2026-01-07 11:47:17,10,601
manual_capture_2026-01-07T06:17:12.336Z.jpg,2026-01-07 11:47:17,17,607
manual_capture_2026-01-07T06:17:13.649Z.jpg,2026-01-07 11:47:18,9,596
manual_capture_2026-01-07T06:17:14.939Z.jpg,2026-01-07 11:47:19,12,621
manual_capture_2026-01-07T06:17:15.869Z.jpg,2026-01-07 11:47:22,11,629
manual_capture_2026-01-07T06:17:17.281Z.jpg,2026-01-07 11:47:23,11,603
manual_capture_2026-01-07T06:17:18.588Z.jpg,2026-01-07 11:47:23,17,597
manual_capture_2026-01-07T06:17:19.602Z.jpg,2026-01-07 11:47:24,13,611
manual_capture_2026-01-07T06:17:20.150Z.jpg,2026-01-07 11:47:25,14,600
manual_capture_2026-01-07T06:17:20.902Z.jpg,2026-01-07 11:47:25,14,598
manual_capture_2026-01-07T06:17:22.388Z.jpg,2026-01-07 11:47:29,13,638
manual_capture_2026-01-07T06:17:23.065Z.jpg,2026-01-07 11:47:30,15,608
manual_capture_2026-01-07T06:17:23.733Z.jpg,2026-01-07 11:47:30,15,591
manual_capture_2026-01-07T06:17:24.105Z.jpg,2026-01-07 11:47:31,12,595
manual_capture_2026-01-07T06:17:24.671Z.jpg,2026-01-07 11:47:31,19,607
manual_capture_2026-01-07T06:17:25.948Z.jpg,2026-01-07 11:47:32,17,618
manual_capture_2026-01-07T06:17:28.768Z.jpg,2026-01-07 11:47:36,16,630
manual_capture_2026-01-07T06:17:28.814Z.jpg,2026-01-07 11:47:36,14,609
manual_capture_2026-01-07T06:17:30.470Z.jpg,2026-01-07 11:47:37,13,605
manual_capture_2026-01-07T06:17:32.402Z.jpg,2026-01-07 11:47:37,11,606
manual_capture_2026-01-07T06:17:38.260Z.jpg,2026-01-07 11:47:41,18,646
manual_capture_2026-01-07T06:17:38.271Z.jpg,2026-01-07 11:47:42,11,615
manual_capture_2026-01-07T06:17:39.220Z.jpg,2026-01-07 11:47:42,19,604
manual_capture_2026-01-07T06:17:39.895Z.jpg,2026-01-07 11:47:43,17,600
manual_capture_2026-01-07T06:17:41.026Z.jpg,2026-01-07 11:47:47,15,636
manual_capture_2026-01-07T06:17:42.116Z.jpg,2026-01-07 11:47:47,14,607
manual_capture_2026-01-07T06:17:43.773Z.jpg,2026-01-07 11:47:48,16,621
manual_capture_2026-01-07T06:17:44.372Z.jpg,2026-01-07 11:47:48,17,592
manual_capture_2026-01-07T06:17:44.890Z.jpg,2026-01-07 11:47:49,12,596
manual_capture_2026-01-07T06:17:45.750Z.jpg,2026-01-07 11:47:50,14,594
manual_capture_2026-01-07T06:18:06.394Z.jpg,2026-01-07 11:48:08,9,657
manual_capture_2026-01-07T06:18:21.131Z.jpg,2026-01-07 11:48:24,3,642
manual_capture_2026-01-07T06:18:38.601Z.jpg,2026-01-07 11:48:40,11,639
manual_capture_2026-01-07T06:18:43.568Z.jpg,2026-01-07 11:48:46,7,654
manual_capture_2026-01-07T06:18:44.329Z.jpg,2026-01-07 11:48:47,11,607
manual_capture_2026-01-07T06:18:45.153Z.jpg,2026-01-07 11:48:47,9,604
manual_capture_2026-01-07T06:18:45.778Z.jpg,2026-01-07 11:48:48,8,614
manual_capture_2026-01-07T06:18:46.484Z.jpg,2026-01-07 11:48:52,9,644
manual_capture_2026-01-07T06:18:48.441Z.jpg,2026-01-07 11:48:52,8,609
manual_capture_2026-01-07T06:18:49.308Z.jpg,2026-01-07 11:48:53,3,592
manual_capture_2026-01-07T06:18:49.769Z.jpg,2026-01-07 11:48:54,8,615
manual_capture_2026-01-07T06:18:50.560Z.jpg,2026-01-07 11:48:54,8,622
manual_capture_2026-01-07T06:18:50.739Z.jpg,2026-01-07 11:48:55,6,605
manual_capture_2026-01-07T06:18:52.260Z.jpg,2026-01-07 11:48:58,10,644
manual_capture_2026-01-07T06:18:53.242Z.jpg,2026-01-07 11:48:59,8,616
manual_capture_2026-01-07T06:18:53.493Z.jpg,2026-01-07 11:49:00,9,628
manual_capture_2026-01-07T06:18:54.378Z.jpg,2026-01-07 11:49:00,10,624
manual_capture_2026-01-07T06:18:55.561Z.jpg,2026-01-07 11:49:01,9,607
manual_capture_2026-01-07T06:18:56.619Z.jpg,2026-01-07 11:49:02,11,615
manual_capture_2026-01-07T06:18:58.724Z.jpg,2026-01-07 11:49:05,4,635
manual_capture_2026-01-07T06:18:59.621Z.jpg,2026-01-07 11:49:06,11,617
manual_capture_2026-01-07T06:19:01.340Z.jpg,2026-01-07 11:49:06,9,614
manual_capture_2026-01-07T06:19:02.455Z.jpg,2026-01-07 11:49:07,8,604
manual_capture_2026-01-07T06:19:04.053Z.jpg,2026-01-07 11:49:08,10,624
manual_capture_2026-01-07T06:19:04.352Z.jpg,2026-01-07 11:49:08,13,628
manual_capture_2026-01-07T06:19:05.426Z.jpg,2026-01-07 11:49:12,15,634
manual_capture_2026-01-07T06:19:05.849Z.jpg,2026-01-07 11:49:13,10,618
manual_capture_2026-01-07T06:19:06.648Z.jpg,2026-01-07 11:49:13,11,618
manual_capture_2026-01-07T06:19:07.267Z.jpg,2026-01-07 11:49:14,11,612
manual_capture_2026-01-07T06:19:08.064Z.jpg,2026-01-07 11:49:14,10,606
manual_capture_2026-01-07T06:19:08.243Z.jpg,2026-01-07 11:49:15,10,611
manual_capture_2026-01-07T06:19:09.515Z.jpg,2026-01-07 11:49:16,10,621
manual_capture_2026-01-07T06:19:09.966Z.jpg,2026-01-07 11:49:16,13,623
manual_capture_2026-01-07T06:19:10.391Z.jpg,2026-01-07 11:49:17,10,611
manual_capture_2026-01-07T06:19:10.699Z.jpg,2026-01-07 11:49:17,14,623
manual_capture_2026-01-07T06:19:11.688Z.jpg,2026-01-07 11:49:18,13,617
manual_capture_2026-01-07T06:19:12.103Z.jpg,2026-01-07 11:49:22,7,647
manual_capture_2026-01-07T06:19:12.764Z.jpg,2026-01-07 11:49:22,11,616
manual_capture_2026-01-07T06:19:13.279Z.jpg,2026-01-07 11:49:23,11,602
manual_capture_2026-01-07T06:19:14.337Z.jpg,2026-01-07 11:49:24,13,622
manual_capture_2026-01-07T06:19:15.265Z.jpg,2026-01-07 11:49:24,16,605
manual_capture_2026-01-07T06:19:15.895Z.jpg,2026-01-07 11:49:25,9,624
manual_capture_2026-01-07T06:19:16.475Z.jpg,2026-01-07 11:49:25,13,619
manual_capture_2026-01-07T06:19:16.919Z.jpg,2026-01-07 11:49:26,15,627
manual_capture_2026-01-07T06:19:17.665Z.jpg,2026-01-07 11:49:27,12,616
manual_capture_2026-01-07T06:19:18.032Z.jpg,2026-01-07 11:49:27,14,613
manual_capture_2026-01-07T06:19:19.117Z.jpg,2026-01-07 11:49:28,12,628
manual_capture_2026-01-07T06:19:20.155Z.jpg,2026-01-07 11:49:29,15,628
manual_capture_2026-01-07T06:19:20.372Z.jpg,2026-01-07 11:49:29,13,611
manual_capture_2026-01-07T06:19:21.642Z.jpg,2026-01-07 11:49:33,13,656
manual_capture_2026-01-07T06:19:22.317Z.jpg,2026-01-07 11:49:33,4,622
manual_capture_2026-01-07T06:19:22.459Z.jpg,2026-01-07 11:49:34,9,605
manual_capture_2026-01-07T06:19:23.559Z.jpg,2026-01-07 11:49:35,11,608
manual_capture_2026-01-07T06:19:23.923Z.jpg,2026-01-07 11:49:35,5,613
manual_capture_2026-01-07T06:19:24.370Z.jpg,2026-01-07 11:49:36,6,605
manual_capture_2026-01-07T06:19:24.478Z.jpg,2026-01-07 11:49:37,11,607
manual_capture_2026-01-07T06:19:25.481Z.jpg,2026-01-07 11:49:37,10,612
manual_capture_2026-01-07T06:19:25.986Z.jpg,2026-01-07 11:49:38,10,606
manual_capture_2026-01-07T06:19:26.292Z.jpg,2026-01-07 11:49:38,12,607
manual_capture_2026-01-07T06:19:26.722Z.jpg,2026-01-07 11:49:39,7,611
manual_capture_2026-01-07T06:19:27.957Z.jpg,2026-01-07 11:49:40,8,609
manual_capture_2026-01-07T06:19:29.242Z.jpg,2026-01-07 11:49:40,7,619
manual_capture_2026-01-07T06:19:29.406Z.jpg,2026-01-07 11:49:41,8,608
manual_capture_2026-01-07T06:19:30.526Z.jpg,2026-01-07 11:49:41,6,614
manual_capture_2026-01-07T06:19:31.418Z.jpg,2026-01-07 11:49:42,4,605
manual_capture_2026-01-07T06:19:31.584Z.jpg,2026-01-07 11:49:43,4,602
manual_capture_2026-01-07T06:19:32.560Z.jpg,2026-01-07 11:49:43,6,609
manual_capture_2026-01-07T06:19:33.077Z.jpg,2026-01-07 11:49:47,10,649
manual_capture_2026-01-07T06:19:35.273Z.jpg,2026-01-07 11:49:48,8,610
manual_capture_2026-01-07T06:19:36.217Z.jpg,2026-01-07 11:49:48,7,612
manual_capture_2026-01-07T06:19:37.588Z.jpg,2026-01-07 11:49:49,8,614
manual_capture_2026-01-07T06:19:39.649Z.jpg,2026-01-07 11:49:49,11,610
manual_capture_2026-01-07T06:19:40.889Z.jpg,2026-01-07 11:49:50,10,614
manual_capture_2026-01-07T06:19:41.388Z.jpg,2026-01-07 11:49:51,7,623
manual_capture_2026-01-07T06:19:42.550Z.jpg,2026-01-07 11:49:51,10,610
manual_capture_2026-01-07T06:19:43.301Z.jpg,2026-01-07 11:49:52,14,613
manual_capture_2026-01-07T06:19:44.596Z.jpg,2026-01-07 11:49:52,14,633
manual_capture_2026-01-07T06:19:46.520Z.jpg,2026-01-07 11:49:53,9,611
manual_capture_2026-01-07T06:19:47.890Z.jpg,2026-01-07 11:49:57,11,643
manual_capture_2026-01-07T06:19:49.009Z.jpg,2026-01-07 11:49:57,12,604
manual_capture_2026-01-07T06:19:49.792Z.jpg,2026-01-07 11:49:58,9,612
manual_capture_2026-01-07T06:19:50.726Z.jpg,2026-01-07 11:49:59,10,607
manual_capture_2026-01-07T06:19:50.834Z.jpg,2026-01-07 11:49:59,10,610
manual_capture_2026-01-07T06:19:52.129Z.jpg,2026-01-07 11:50:00,9,623
manual_capture_2026-01-07T06:19:52.280Z.jpg,2026-01-07 11:50:00,7,628
manual_capture_2026-01-07T06:19:52.804Z.jpg,2026-01-07 11:50:01,5,613
manual_capture_2026-01-07T06:19:54.615Z.jpg,2026-01-07 11:50:02,9,612
manual_capture_2026-01-07T06:19:54.801Z.jpg,2026-01-07 11:50:02,12,614
manual_capture_2026-01-07T06:19:56.237Z.jpg,2026-01-07 11:50:03,11,611
manual_capture_2026-01-07T06:19:56.487Z.jpg,2026-01-07 11:50:04,8,598
manual_capture_2026-01-07T06:19:57.657Z.jpg,2026-01-07 11:50:07,11,643
manual_capture_2026-01-07T06:19:58.660Z.jpg,2026-01-07 11:50:08,13,606
manual_capture_2026-01-07T06:19:59.610Z.jpg,2026-01-07 11:50:08,8,617
manual_capture_2026-01-07T06:20:00.339Z.jpg,2026-01-07 11:50:09,11,624
manual_capture_2026-01-07T06:20:00.490Z.jpg,2026-01-07 11:50:10,8,612
manual_capture_2026-01-07T06:20:01.520Z.jpg,2026-01-07 11:50:10,10,599
manual_capture_2026-01-07T06:20:02.547Z.jpg,2026-01-07 11:50:11,13,615
manual_capture_2026-01-07T06:20:03.528Z.jpg,2026-01-07 11:50:11,11,627
manual_capture_2026-01-07T06:20:05.140Z.jpg,2026-01-07 11:50:12,9,612
manual_capture_2026-01-07T06:20:05.859Z.jpg,2026-01-07 11:50:13,11,616
manual_capture_2026-01-07T06:20:06.347Z.jpg,2026-01-07 11:50:13,13,616
manual_capture_2026-01-07T06:20:08.289Z.jpg,2026-01-07 11:50:17,13,641
manual_capture_2026-01-07T06:20:09.482Z.jpg,2026-01-07 11:50:18,9,606
manual_capture_2026-01-07T06:20:10.612Z.jpg,2026-01-07 11:50:18,8,615
manual_capture_2026-01-07T06:20:11.914Z.jpg,2026-01-07 11:50:19,9,612
manual_capture_2026-01-07T06:20:13.093Z.jpg,2026-01-07 11:50:19,5,607
manual_capture_2026-01-07T06:20:15.336Z.jpg,2026-01-07 11:50:20,8,611
manual_capture_2026-01-07T06:20:15.793Z.jpg,2026-01-07 11:50:21,15,614
manual_capture_2026-01-07T06:20:17.688Z.jpg,2026-01-07 11:50:24,8,634
manual_capture_2026-01-07T06:20:19.027Z.jpg,2026-01-07 11:50:25,10,624
manual_capture_2026-01-07T06:20:20.597Z.jpg,2026-01-07 11:50:26,10,620
manual_capture_2026-01-07T06:20:22.174Z.jpg,2026-01-07 11:50:26,7,605
manual_capture_2026-01-07T06:20:22.837Z.jpg,2026-01-07 11:50:27,10,604
manual_capture_2026-01-07T06:20:23.424Z.jpg,2026-01-07 11:50:27,9,619
manual_capture_2026-01-07T06:20:24.206Z.jpg,2026-01-07 11:50:31,10,659
manual_capture_2026-01-07T06:20:26.434Z.jpg,2026-01-07 11:50:32,9,607
manual_capture_2026-01-07T06:20:27.939Z.jpg,2026-01-07 11:50:32,11,610
manual_capture_2026-01-07T06:20:30.599Z.jpg,2026-01-07 11:50:33,10,601
manual_capture_2026-01-07T06:20:31.450Z.jpg,2026-01-07 11:50:37,10,640
manual_capture_2026-01-07T06:20:32.351Z.jpg,2026-01-07 11:50:37,15,610
manual_capture_2026-01-07T06:20:33.070Z.jpg,2026-01-07 11:50:38,8,609
manual_capture_2026-01-07T06:20:33.089Z.jpg,2026-01-07 11:50:38,11,608
manual_capture_2026-01-07T06:20:34.045Z.jpg,2026-01-07 11:50:39,16,598
manual_capture_2026-01-07T06:20:34.841Z.jpg,2026-01-07 11:50:40,10,594
manual_capture_2026-01-07T06:20:35.506Z.jpg,2026-01-07 11:50:40,18,610
manual_capture_2026-01-07T06:20:35.737Z.jpg,2026-01-07 11:50:41,17,617
manual_capture_2026-01-07T06:20:37.287Z.jpg,2026-01-07 11:50:44,11,634
manual_capture_2026-01-07T06:20:38.932Z.jpg,2026-01-07 11:50:45,12,627
manual_capture_2026-01-07T06:20:40.341Z.jpg,2026-01-07 11:50:46,12,629
manual_capture_2026-01-07T06:20:41.160Z.jpg,2026-01-07 11:50:46,14,613
manual_capture_2026-01-07T06:20:41.795Z.jpg,2026-01-07 11:50:47,14,614
manual_capture_2026-01-07T06:20:42.863Z.jpg,2026-01-07 11:50:48,12,626
manual_capture_2026-01-07T06:20:44.782Z.jpg,2026-01-07 11:50:51,10,636
manual_capture_2026-01-07T06:20:45.237Z.jpg,2026-01-07 11:50:52,7,613
manual_capture_2026-01-07T06:20:45.741Z.jpg,2026-01-07 11:50:52,13,610
manual_capture_2026-01-07T06:20:46.099Z.jpg,2026-01-07 11:50:53,13,613
manual_capture_2026-01-07T06:20:46.163Z.jpg,2026-01-07 11:50:54,11,601
manual_capture_2026-01-07T06:20:46.601Z.jpg,2026-01-07 11:50:54,12,626
manual_capture_2026-01-07T06:20:47.389Z.jpg,2026-01-07 11:50:55,13,607
manual_capture_2026-01-07T06:20:48.218Z.jpg,2026-01-07 11:50:56,14,635
manual_capture_2026-01-07T06:20:49.545Z.jpg,2026-01-07 11:50:56,10,645
manual_capture_2026-01-07T06:20:49.953Z.jpg,2026-01-07 11:50:57,11,621
manual_capture_2026-01-07T06:20:50.152Z.jpg,2026-01-07 11:50:57,11,612
manual_capture_2026-01-07T06:20:51.611Z.jpg,2026-01-07 11:51:01,11,642
manual_capture_2026-01-07T06:20:52.614Z.jpg,2026-01-07 11:51:02,13,610
manual_capture_2026-01-07T06:20:53.388Z.jpg,2026-01-07 11:51:02,15,613
manual_capture_2026-01-07T06:20:54.531Z.jpg,2026-01-07 11:51:03,16,614
manual_capture_2026-01-07T06:20:55.082Z.jpg,2026-01-07 11:51:04,9,613
manual_capture_2026-01-07T06:20:55.902Z.jpg,2026-01-07 11:51:04,10,619
manual_capture_2026-01-07T06:20:57.229Z.jpg,2026-01-07 11:51:05,13,618
manual_capture_2026-01-07T06:20:58.599Z.jpg,2026-01-07 11:51:05,9,602
manual_capture_2026-01-07T06:20:58.782Z.jpg,2026-01-07 11:51:06,8,611
manual_capture_2026-01-07T06:21:00.191Z.jpg,2026-01-07 11:51:07,12,607
manual_capture_2026-01-07T06:21:00.828Z.jpg,2026-01-07 11:51:07,11,616
manual_capture_2026-01-07T06:21:01.498Z.jpg,2026-01-07 11:51:11,10,642
manual_capture_2026-01-07T06:21:01.987Z.jpg,2026-01-07 11:51:12,12,612
manual_capture_2026-01-07T06:21:02.722Z.jpg,2026-01-07 11:51:12,13,610
manual_capture_2026-01-07T06:21:03.354Z.jpg,2026-01-07 11:51:13,12,625
manual_capture_2026-01-07T06:21:04.350Z.jpg,2026-01-07 11:51:13,11,603
manual_capture_2026-01-07T06:21:05.536Z.jpg,2026-01-07 11:51:14,15,623
manual_capture_2026-01-07T06:21:06.838Z.jpg,2026-01-07 11:51:15,12,609
manual_capture_2026-01-07T06:21:07.646Z.jpg,2026-01-07 11:51:15,13,617
manual_capture_2026-01-07T06:21:08.275Z.jpg,2026-01-07 11:51:16,14,612
manual_capture_2026-01-07T06:21:08.415Z.jpg,2026-01-07 11:51:16,12,616
manual_capture_2026-01-07T06:21:09.657Z.jpg,2026-01-07 11:51:17,13,616
manual_capture_2026-01-07T06:21:10.499Z.jpg,2026-01-07 11:51:18,11,616
manual_capture_2026-01-07T06:21:10.897Z.jpg,2026-01-07 11:51:21,13,645
manual_capture_2026-01-07T06:21:11.806Z.jpg,2026-01-07 11:51:22,5,609
manual_capture_2026-01-07T06:21:12.027Z.jpg,2026-01-07 11:51:23,8,609
manual_capture_2026-01-07T06:21:12.780Z.jpg,2026-01-07 11:51:23,11,612
manual_capture_2026-01-07T06:21:13.588Z.jpg,2026-01-07 11:51:24,11,609
manual_capture_2026-01-07T06:21:15.163Z.jpg,2026-01-07 11:51:24,9,618
manual_capture_2026-01-07T06:21:16.484Z.jpg,2026-01-07 11:51:25,11,606
manual_capture_2026-01-07T06:21:16.692Z.jpg,2026-01-07 11:51:26,7,618
manual_capture_2026-01-07T06:21:17.539Z.jpg,2026-01-07 11:51:26,9,605
manual_capture_2026-01-07T06:21:20.403Z.jpg,2026-01-07 11:51:27,8,609
manual_capture_2026-01-07T06:21:21.034Z.jpg,2026-01-07 11:51:27,9,612
manual_capture_2026-01-07T06:21:23.377Z.jpg,2026-01-07 11:51:31,8,640
manual_capture_2026-01-07T06:21:24.295Z.jpg,2026-01-07 11:51:32,8,614
manual_capture_2026-01-07T06:21:25.177Z.jpg,2026-01-07 11:51:32,10,619
manual_capture_2026-01-07T06:21:25.910Z.jpg,2026-01-07 11:51:33,11,602
manual_capture_2026-01-07T06:21:27.557Z.jpg,2026-01-07 11:51:34,9,614
manual_capture_2026-01-07T06:21:28.262Z.jpg,2026-01-07 11:51:34,12,624
manual_capture_2026-01-07T06:21:29.381Z.jpg,2026-01-07 11:51:35,14,605
manual_capture_2026-01-07T06:21:29.756Z.jpg,2026-01-07 11:51:35,8,625
manual_capture_2026-01-07T06:21:30.673Z.jpg,2026-01-07 11:51:36,9,602
manual_capture_2026-01-07T06:21:31.743Z.jpg,2026-01-07 11:51:40,13,649
manual_capture_2026-01-07T06:21:33.077Z.jpg,2026-01-07 11:51:40,9,603
manual_capture_2026-01-07T06:21:37.412Z.jpg,2026-01-07 11:51:41,12,611
manual_capture_2026-01-07T06:21:41.413Z.jpg,2026-01-07 11:51:45,13,633
manual_capture_2026-01-07T06:21:42.684Z.jpg,2026-01-07 11:51:45,14,619
manual_capture_2026-01-07T06:21:43.299Z.jpg,2026-01-07 11:51:46,11,607
manual_capture_2026-01-07T06:21:43.880Z.jpg,2026-01-07 11:51:46,13,613
manual_capture_2026-01-07T06:21:46.674Z.jpg,2026-01-07 11:51:50,15,642
manual_capture_2026-01-07T06:21:48.253Z.jpg,2026-01-07 11:51:51,10,610
manual_capture_2026-01-07T06:21:50.422Z.jpg,2026-01-07 11:51:54,10,649
manual_capture_2026-01-07T06:21:52.303Z.jpg,2026-01-07 11:51:55,14,601
manual_capture_2026-01-07T06:21:52.411Z.jpg,2026-01-07 11:51:56,12,614
manual_capture_2026-01-07T06:21:54.183Z.jpg,2026-01-07 11:51:59,10,640
manual_capture_2026-01-07T06:21:55.545Z.jpg,2026-01-07 11:52:00,11,620
manual_capture_2026-01-07T06:21:57.481Z.jpg,2026-01-07 11:52:00,12,612
manual_capture_2026-01-07T06:21:58.940Z.jpg,2026-01-07 11:52:01,11,633
manual_capture_2026-01-07T06:21:59.799Z.jpg,2026-01-07 11:52:05,10,642
manual_capture_2026-01-07T06:22:00.550Z.jpg,2026-01-07 11:52:05,12,616
manual_capture_2026-01-07T06:22:01.999Z.jpg,2026-01-07 11:52:06,7,618
manual_capture_2026-01-07T06:22:04.165Z.jpg,2026-01-07 11:52:07,9,610
manual_capture_2026-01-07T06:22:05.781Z.jpg,2026-01-07 11:52:10,13,647
manual_capture_2026-01-07T06:22:06.586Z.jpg,2026-01-07 11:52:11,11,621
manual_capture_2026-01-07T06:22:07.363Z.jpg,2026-01-07 11:52:11,8,625
manual_capture_2026-01-07T06:22:07.724Z.jpg,2026-01-07 11:52:12,12,632
manual_capture_2026-01-07T06:22:09.432Z.jpg,2026-01-07 11:52:13,8,615
manual_capture_2026-01-07T06:22:11.151Z.jpg,2026-01-07 11:52:16,11,654
manual_capture_2026-01-07T06:22:12.122Z.jpg,2026-01-07 11:52:17,12,619
manual_capture_2026-01-07T06:22:12.878Z.jpg,2026-01-07 11:52:18,12,612
manual_capture_2026-01-07T06:22:13.493Z.jpg,2026-01-07 11:52:18,8,610
manual_capture_2026-01-07T06:22:15.570Z.jpg,2026-01-07 11:52:19,11,610
manual_capture_2026-01-07T06:22:16.278Z.jpg,2026-01-07 11:52:23,9,631
manual_capture_2026-01-07T06:22:22.207Z.jpg,2026-01-07 11:52:23,6,615
manual_capture_2026-01-07T06:22:22.412Z.jpg,2026-01-07 11:52:27,12,656
manual_capture_2026-01-07T06:22:23.982Z.jpg,2026-01-07 11:52:27,8,620
manual_capture_2026-01-07T06:22:25.150Z.jpg,2026-01-07 11:52:28,12,614
manual_capture_2026-01-07T06:22:25.192Z.jpg,2026-01-07 11:52:29,10,615
manual_capture_2026-01-07T06:22:25.615Z.jpg,2026-01-07 11:52:29,14,627
manual_capture_2026-01-07T06:22:25.997Z.jpg,2026-01-07 11:52:30,12,627
manual_capture_2026-01-07T06:22:26.018Z.jpg,2026-01-07 11:52:31,10,604
manual_capture_2026-01-07T06:22:27.642Z.jpg,2026-01-07 11:52:34,14,644
manual_capture_2026-01-07T06:22:28.967Z.jpg,2026-01-07 11:52:35,15,608
manual_capture_2026-01-07T06:22:29.738Z.jpg,2026-01-07 11:52:35,12,613
manual_capture_2026-01-07T06:22:31.274Z.jpg,2026-01-07 11:52:36,15,614
manual_capture_2026-01-07T06:22:31.425Z.jpg,2026-01-07 11:52:37,12,604
manual_capture_2026-01-07T06:22:32.499Z.jpg,2026-01-07 11:52:37,10,616
manual_capture_2026-01-07T06:22:33.447Z.jpg,2026-01-07 11:52:38,13,610
manual_capture_2026-01-07T06:22:34.540Z.jpg,2026-01-07 11:52:41,8,644
manual_capture_2026-01-07T06:22:35.155Z.jpg,2026-01-07 11:52:42,10,617
manual_capture_2026-01-07T06:22:36.691Z.jpg,2026-01-07 11:52:43,14,617
manual_capture_2026-01-07T06:22:37.760Z.jpg,2026-01-07 11:52:43,11,611
manual_capture_2026-01-07T06:22:38.919Z.jpg,2026-01-07 11:52:44,10,602
manual_capture_2026-01-07T06:22:39.477Z.jpg,2026-01-07 11:52:45,9,600
manual_capture_2026-01-07T06:22:42.612Z.jpg,2026-01-07 11:52:48,12,640
manual_capture_2026-01-07T06:22:48.260Z.jpg,2026-01-07 11:52:52,11,641
manual_capture_2026-01-07T06:22:48.287Z.jpg,2026-01-07 11:52:52,10,613
manual_capture_2026-01-07T06:22:49.270Z.jpg,2026-01-07 11:52:53,12,611
manual_capture_2026-01-07T06:22:49.543Z.jpg,2026-01-07 11:52:54,10,607
manual_capture_2026-01-07T06:22:53.274Z.jpg,2026-01-07 11:52:57,13,645
manual_capture_2026-01-07T06:22:55.645Z.jpg,2026-01-07 11:52:58,12,605
manual_capture_2026-01-07T06:22:57.077Z.jpg,2026-01-07 11:52:59,16,613
manual_capture_2026-01-07T06:22:57.908Z.jpg,2026-01-07 11:53:02,13,641
manual_capture_2026-01-07T06:22:58.883Z.jpg,2026-01-07 11:53:03,15,620
manual_capture_2026-01-07T06:23:00.768Z.jpg,2026-01-07 11:53:03,12,615
manual_capture_2026-01-07T06:23:03.225Z.jpg,2026-01-07 11:53:07,10,663
manual_capture_2026-01-07T06:23:06.467Z.jpg,2026-01-07 11:53:08,16,620
manual_capture_2026-01-07T06:23:07.426Z.jpg,2026-01-07 11:53:11,13,659
manual_capture_2026-01-07T06:23:07.448Z.jpg,2026-01-07 11:53:12,14,610
manual_capture_2026-01-07T06:23:08.069Z.jpg,2026-01-07 11:53:13,11,619
manual_capture_2026-01-07T06:23:08.802Z.jpg,2026-01-07 11:53:13,10,613
manual_capture_2026-01-07T06:23:10.206Z.jpg,2026-01-07 11:53:14,13,632
manual_capture_2026-01-07T06:23:12.067Z.jpg,2026-01-07 11:53:18,13,640
manual_capture_2026-01-07T06:23:13.672Z.jpg,2026-01-07 11:53:18,12,599
manual_capture_2026-01-07T06:23:14.902Z.jpg,2026-01-07 11:53:19,13,609
manual_capture_2026-01-07T06:23:18.397Z.jpg,2026-01-07 11:53:22,12,650
manual_capture_2026-01-07T06:23:19.411Z.jpg,2026-01-07 11:53:23,12,604
manual_capture_2026-01-07T06:23:20.680Z.jpg,2026-01-07 11:53:24,11,605
manual_capture_2026-01-07T06:23:21.197Z.jpg,2026-01-07 11:53:24,13,611
manual_capture_2026-01-07T06:23:22.130Z.jpg,2026-01-07 11:53:25,18,613
manual_capture_2026-01-07T06:23:23.053Z.jpg,2026-01-07 11:53:29,13,656
manual_capture_2026-01-07T06:23:24.263Z.jpg,2026-01-07 11:53:29,14,617
manual_capture_2026-01-07T06:23:25.258Z.jpg,2026-01-07 11:53:30,14,600
manual_capture_2026-01-07T06:23:26.083Z.jpg,2026-01-07 11:53:30,13,610
manual_capture_2026-01-07T06:23:26.576Z.jpg,2026-01-07 11:53:31,16,612
manual_capture_2026-01-07T06:23:27.290Z.jpg,2026-01-07 11:53:32,11,619
manual_capture_2026-01-07T06:23:27.590Z.jpg,2026-01-07 11:53:32,10,608
manual_capture_2026-01-07T06:23:28.265Z.jpg,2026-01-07 11:53:33,14,623
manual_capture_2026-01-07T06:23:28.904Z.jpg,2026-01-07 11:53:37,13,653
manual_capture_2026-01-07T06:23:29.046Z.jpg,2026-01-07 11:53:37,12,616
manual_capture_2026-01-07T06:23:29.815Z.jpg,2026-01-07 11:53:38,12,612
manual_capture_2026-01-07T06:23:31.082Z.jpg,2026-01-07 11:53:38,14,607
manual_capture_2026-01-07T06:23:31.693Z.jpg,2026-01-07 11:53:39,11,612
manual_capture_2026-01-07T06:23:32.262Z.jpg,2026-01-07 11:53:40,13,612
manual_capture_2026-01-07T06:23:32.828Z.jpg,2026-01-07 11:53:40,14,609
manual_capture_2026-01-07T06:23:33.617Z.jpg,2026-01-07 11:53:41,12,624
manual_capture_2026-01-07T06:23:33.737Z.jpg,2026-01-07 11:53:41,12,609
manual_capture_2026-01-07T06:23:35.235Z.jpg,2026-01-07 11:53:42,11,628
manual_capture_2026-01-07T06:23:35.999Z.jpg,2026-01-07 11:53:43,11,603
manual_capture_2026-01-07T06:23:36.487Z.jpg,2026-01-07 11:53:46,9,649
manual_capture_2026-01-07T06:23:36.676Z.jpg,2026-01-07 11:53:47,12,625
manual_capture_2026-01-07T06:23:37.147Z.jpg,2026-01-07 11:53:48,9,606
manual_capture_2026-01-07T06:23:37.866Z.jpg,2026-01-07 11:53:48,11,608
manual_capture_2026-01-07T06:23:38.750Z.jpg,2026-01-07 11:53:49,9,608
manual_capture_2026-01-07T06:23:38.809Z.jpg,2026-01-07 11:53:49,9,614
manual_capture_2026-01-07T06:23:41.009Z.jpg,2026-01-07 11:53:50,8,594
manual_capture_2026-01-07T06:23:42.404Z.jpg,2026-01-07 11:53:51,10,610
manual_capture_2026-01-07T06:23:44.091Z.jpg,2026-01-07 11:53:51,15,616
manual_capture_2026-01-07T06:23:44.665Z.jpg,2026-01-07 11:53:52,14,610
manual_capture_2026-01-07T06:23:45.982Z.jpg,2026-01-07 11:53:52,13,615
manual_capture_2026-01-07T06:23:46.919Z.jpg,2026-01-07 11:53:56,19,647
manual_capture_2026-01-07T06:23:48.367Z.jpg,2026-01-07 11:53:57,17,607
manual_capture_2026-01-07T06:23:50.742Z.jpg,2026-01-07 11:53:57,14,597
manual_capture_2026-01-07T06:23:51.631Z.jpg,2026-01-07 11:53:58,16,610
manual_capture_2026-01-07T06:23:51.649Z.jpg,2026-01-07 11:53:59,13,597
manual_capture_2026-01-07T06:23:52.190Z.jpg,2026-01-07 11:53:59,11,604
manual_capture_2026-01-07T06:23:53.636Z.jpg,2026-01-07 11:54:00,11,620
manual_capture_2026-01-07T06:23:54.910Z.jpg,2026-01-07 11:54:00,11,609
manual_capture_2026-01-07T06:23:56.235Z.jpg,2026-01-07 11:54:04,12,641
manual_capture_2026-01-07T06:23:58.902Z.jpg,2026-01-07 11:54:05,10,607
manual_capture_2026-01-07T06:24:00.607Z.jpg,2026-01-07 11:54:05,13,619
manual_capture_2026-01-07T06:24:02.959Z.jpg,2026-01-07 11:54:06,8,613
manual_capture_2026-01-07T06:24:03.065Z.jpg,2026-01-07 11:54:07,11,630
manual_capture_2026-01-07T06:24:04.434Z.jpg,2026-01-07 11:54:10,6,683
manual_capture_2026-01-07T06:24:05.475Z.jpg,2026-01-07 11:54:11,11,599
manual_capture_2026-01-07T06:24:06.651Z.jpg,2026-01-07 11:54:11,13,621
manual_capture_2026-01-07T06:24:07.143Z.jpg,2026-01-07 11:54:12,8,615
manual_capture_2026-01-07T06:24:08.837Z.jpg,2026-01-07 11:54:13,11,606
manual_capture_2026-01-07T06:24:09.230Z.jpg,2026-01-07 11:54:13,8,596
manual_capture_2026-01-07T06:24:10.342Z.jpg,2026-01-07 11:54:17,7,676
manual_capture_2026-01-07T06:24:11.550Z.jpg,2026-01-07 11:54:18,10,637
manual_capture_2026-01-07T06:24:12.198Z.jpg,2026-01-07 11:54:18,11,815
manual_capture_2026-01-07T06:24:12.799Z.jpg,2026-01-07 11:54:19,11,678
manual_capture_2026-01-07T06:24:14.840Z.jpg,2026-01-07 11:54:20,13,894
manual_capture_2026-01-07T06:24:15.380Z.jpg,2026-01-07 11:54:21,11,653
manual_capture_2026-01-07T06:24:15.387Z.jpg,2026-01-07 11:54:21,10,653
manual_capture_2026-01-07T06:24:16.655Z.jpg,2026-01-07 11:54:22,12,640
manual_capture_2026-01-07T06:24:17.306Z.jpg,2026-01-07 11:54:26,14,673
manual_capture_2026-01-07T06:24:17.997Z.jpg,2026-01-07 11:54:26,15,637
manual_capture_2026-01-07T06:24:19.256Z.jpg,2026-01-07 11:54:27,15,677
manual_capture_2026-01-07T06:24:20.523Z.jpg,2026-01-07 11:54:28,13,603
manual_capture_2026-01-07T06:24:21.637Z.jpg,2026-01-07 11:54:28,10,608
manual_capture_2026-01-07T06:24:22.458Z.jpg,2026-01-07 11:54:29,19,713
manual_capture_2026-01-07T06:24:23.396Z.jpg,2026-01-07 11:54:30,16,627
manual_capture_2026-01-07T06:24:26.853Z.jpg,2026-01-07 11:54:33,13,665
manual_capture_2026-01-07T06:24:27.482Z.jpg,2026-01-07 11:54:34,15,656
manual_capture_2026-01-07T06:24:27.519Z.jpg,2026-01-07 11:54:35,13,644
manual_capture_2026-01-07T06:24:29.555Z.jpg,2026-01-07 11:54:35,10,612
manual_capture_2026-01-07T06:24:29.913Z.jpg,2026-01-07 11:54:36,11,610
manual_capture_2026-01-07T06:24:31.906Z.jpg,2026-01-07 11:54:36,15,619
manual_capture_2026-01-07T06:24:32.961Z.jpg,2026-01-07 11:54:37,14,610
manual_capture_2026-01-07T06:24:34.352Z.jpg,2026-01-07 11:54:41,15,633
manual_capture_2026-01-07T06:24:37.891Z.jpg,2026-01-07 11:54:41,15,598
manual_capture_2026-01-07T06:24:38.930Z.jpg,2026-01-07 11:54:42,13,604
manual_capture_2026-01-07T06:24:41.030Z.jpg,2026-01-07 11:54:45,12,631
manual_capture_2026-01-07T06:24:46.024Z.jpg,2026-01-07 11:54:49,11,637
manual_capture_2026-01-07T06:24:46.074Z.jpg,2026-01-07 11:54:50,13,611
manual_capture_2026-01-07T06:24:46.381Z.jpg,2026-01-07 11:54:50,12,601
manual_capture_2026-01-07T06:24:47.233Z.jpg,2026-01-07 11:54:51,14,613
manual_capture_2026-01-07T06:24:48.599Z.jpg,2026-01-07 11:54:52,15,616
manual_capture_2026-01-07T06:24:49.215Z.jpg,2026-01-07 11:54:55,14,681
manual_capture_2026-01-07T06:24:50.588Z.jpg,2026-01-07 11:54:56,12,622
manual_capture_2026-01-07T06:24:54.814Z.jpg,2026-01-07 11:54:57,17,637
manual_capture_2026-01-07T06:24:57.177Z.jpg,2026-01-07 11:55:00,15,685
manual_capture_2026-01-07T06:24:57.617Z.jpg,2026-01-07 11:55:01,12,622
manual_capture_2026-01-07T06:24:58.727Z.jpg,2026-01-07 11:55:01,12,610
manual_capture_2026-01-07T06:25:00.249Z.jpg,2026-01-07 11:55:05,13,640
manual_capture_2026-01-07T06:25:00.338Z.jpg,2026-01-07 11:55:06,15,608
manual_capture_2026-01-07T06:25:02.577Z.jpg,2026-01-07 11:55:06,14,610
manual_capture_2026-01-07T06:25:11.219Z.jpg,2026-01-07 11:55:13,14,631
manual_capture_2026-01-07T06:25:16.012Z.jpg,2026-01-07 11:55:17,17,645
manual_capture_2026-01-07T06:25:16.187Z.jpg,2026-01-07 11:55:17,12,608
manual_capture_2026-01-07T06:25:27.754Z.jpg,2026-01-07 11:55:30,10,656
manual_capture_2026-01-07T06:25:43.843Z.jpg,2026-01-07 11:55:46,22,662
manual_capture_2026-01-07T06:25:46.074Z.jpg,2026-01-07 11:55:49,12,650
manual_capture_2026-01-07T06:25:46.576Z.jpg,2026-01-07 11:55:50,12,610
manual_capture_2026-01-07T06:25:46.602Z.jpg,2026-01-07 11:55:50,10,611
manual_capture_2026-01-07T06:25:47.656Z.jpg,2026-01-07 11:55:51,11,606
manual_capture_2026-01-07T06:25:59.556Z.jpg,2026-01-07 11:56:01,11,638
manual_capture_2026-01-07T06:26:02.252Z.jpg,2026-01-07 11:56:04,13,645
manual_capture_2026-01-07T06:26:05.613Z.jpg,2026-01-07 11:56:08,9,641
manual_capture_2026-01-07T06:26:05.960Z.jpg,2026-01-07 11:56:09,9,625
manual_capture_2026-01-07T06:26:08.736Z.jpg,2026-01-07 11:56:12,10,647
manual_capture_2026-01-07T06:26:11.135Z.jpg,2026-01-07 11:56:13,9,608
manual_capture_2026-01-07T06:26:17.931Z.jpg,2026-01-07 11:56:20,8,641
manual_capture_2026-01-07T06:26:19.087Z.jpg,2026-01-07 11:56:20,9,623
manual_capture_2026-01-07T06:26:20.526Z.jpg,2026-01-07 11:56:24,11,640
manual_capture_2026-01-07T06:26:21.326Z.jpg,2026-01-07 11:56:24,8,601
manual_capture_2026-01-07T06:26:21.917Z.jpg,2026-01-07 11:56:25,9,615
manual_capture_2026-01-07T06:26:22.443Z.jpg,2026-01-07 11:56:26,12,618
manual_capture_2026-01-07T06:26:26.473Z.jpg,2026-01-07 11:56:29,10,657
manual_capture_2026-01-07T06:26:27.181Z.jpg,2026-01-07 11:56:30,10,613
manual_capture_2026-01-07T06:26:28.637Z.jpg,2026-01-07 11:56:31,10,608
manual_capture_2026-01-07T06:26:34.336Z.jpg,2026-01-07 11:56:37,9,649
manual_capture_2026-01-07T06:26:35.648Z.jpg,2026-01-07 11:56:38,9,608
manual_capture_2026-01-07T06:26:39.472Z.jpg,2026-01-07 11:56:41,10,635
manual_capture_2026-01-07T06:26:40.373Z.jpg,2026-01-07 11:56:42,9,612
manual_capture_2026-01-07T06:26:40.415Z.jpg,2026-01-07 11:56:43,8,610
manual_capture_2026-01-07T06:26:41.549Z.jpg,2026-01-07 11:56:46,8,649
manual_capture_2026-01-07T06:26:42.111Z.jpg,2026-01-07 11:56:47,11,622
manual_capture_2026-01-07T06:26:42.430Z.jpg,2026-01-07 11:56:48,9,611
manual_capture_2026-01-07T06:26:43.303Z.jpg,2026-01-07 11:56:48,9,622
manual_capture_2026-01-07T06:26:44.585Z.jpg,2026-01-07 11:56:49,9,617
manual_capture_2026-01-07T06:26:45.826Z.jpg,2026-01-07 11:56:49,8,619
manual_capture_2026-01-07T06:26:46.518Z.jpg,2026-01-07 11:56:53,10,649
manual_capture_2026-01-07T06:26:47.558Z.jpg,2026-01-07 11:56:54,7,618
manual_capture_2026-01-07T06:26:47.782Z.jpg,2026-01-07 11:56:54,6,646
manual_capture_2026-01-07T06:26:49.916Z.jpg,2026-01-07 11:56:55,9,647
manual_capture_2026-01-07T06:26:50.809Z.jpg,2026-01-07 11:56:56,10,614
manual_capture_2026-01-07T06:26:55.768Z.jpg,2026-01-07 11:56:59,8,648
manual_capture_2026-01-07T06:26:56.164Z.jpg,2026-01-07 11:57:00,7,613
manual_capture_2026-01-07T06:26:59.303Z.jpg,2026-01-07 11:57:04,6,638
manual_capture_2026-01-07T06:27:00.578Z.jpg,2026-01-07 11:57:04,6,608
manual_capture_2026-01-07T06:27:01.562Z.jpg,2026-01-07 11:57:05,9,604
manual_capture_2026-01-07T06:27:03.475Z.jpg,2026-01-07 11:57:08,10,636
manual_capture_2026-01-07T06:27:03.497Z.jpg,2026-01-07 11:57:09,8,606
manual_capture_2026-01-07T06:27:05.750Z.jpg,2026-01-07 11:57:10,10,611
manual_capture_2026-01-07T06:27:06.727Z.jpg,2026-01-07 11:57:10,9,614
manual_capture_2026-01-07T06:27:09.277Z.jpg,2026-01-07 11:57:14,8,639
manual_capture_2026-01-07T06:27:10.992Z.jpg,2026-01-07 11:57:15,15,612
manual_capture_2026-01-07T06:27:13.479Z.jpg,2026-01-07 11:57:15,9,622
manual_capture_2026-01-07T06:27:13.576Z.jpg,2026-01-07 11:57:16,13,617
manual_capture_2026-01-07T06:27:14.461Z.jpg,2026-01-07 11:57:19,8,655
manual_capture_2026-01-07T06:27:15.379Z.jpg,2026-01-07 11:57:20,9,631
manual_capture_2026-01-07T06:27:15.996Z.jpg,2026-01-07 11:57:21,10,615
manual_capture_2026-01-07T06:27:17.798Z.jpg,2026-01-07 11:57:21,10,612
manual_capture_2026-01-07T06:27:19.131Z.jpg,2026-01-07 11:57:22,12,617
manual_capture_2026-01-07T06:27:26.130Z.jpg,2026-01-07 11:57:29,11,633
manual_capture_2026-01-07T06:27:26.513Z.jpg,2026-01-07 11:57:29,11,609
manual_capture_2026-01-07T06:27:27.747Z.jpg,2026-01-07 11:57:30,12,602
manual_capture_2026-01-07T06:27:31.131Z.jpg,2026-01-07 11:57:33,8,640
manual_capture_2026-01-07T06:27:33.768Z.jpg,2026-01-07 11:57:37,11,652
manual_capture_2026-01-07T06:27:36.454Z.jpg,2026-01-07 11:57:38,9,613
manual_capture_2026-01-07T06:27:38.205Z.jpg,2026-01-07 11:57:41,14,654
manual_capture_2026-01-07T06:27:38.817Z.jpg,2026-01-07 11:57:42,11,615
manual_capture_2026-01-07T06:27:47.797Z.jpg,2026-01-07 11:57:49,19,651
manual_capture_2026-01-07T06:27:49.471Z.jpg,2026-01-07 11:57:52,16,652
manual_capture_2026-01-07T06:27:52.912Z.jpg,2026-01-07 11:57:56,11,651
manual_capture_2026-01-07T06:28:08.075Z.jpg,2026-01-07 11:58:09,6,644
manual_capture_2026-01-07T06:28:25.308Z.jpg,2026-01-07 11:58:27,7,649
manual_capture_2026-01-07T06:28:28.759Z.jpg,2026-01-07 11:58:31,8,678
manual_capture_2026-01-07T06:28:42.105Z.jpg,2026-01-07 11:58:44,7,651
manual_capture_2026-01-07T06:28:42.761Z.jpg,2026-01-07 11:58:44,9,619
manual_capture_2026-01-07T06:28:42.955Z.jpg,2026-01-07 11:58:45,11,606
manual_capture_2026-01-07T06:28:50.534Z.jpg,2026-01-07 11:58:52,6,652
manual_capture_2026-01-07T06:28:55.430Z.jpg,2026-01-07 11:58:58,5,656
manual_capture_2026-01-07T06:28:57.763Z.jpg,2026-01-07 11:58:59,7,604
manual_capture_2026-01-07T06:28:58.674Z.jpg,2026-01-07 11:59:02,7,643
manual_capture_2026-01-07T06:29:00.050Z.jpg,2026-01-07 11:59:03,6,604
manual_capture_2026-01-07T06:29:00.739Z.jpg,2026-01-07 11:59:04,9,621
manual_capture_2026-01-07T06:29:00.960Z.jpg,2026-01-07 11:59:04,6,609
manual_capture_2026-01-07T06:29:01.039Z.jpg,2026-01-07 11:59:05,6,602
manual_capture_2026-01-07T06:29:02.469Z.jpg,2026-01-07 11:59:09,6,646
manual_capture_2026-01-07T06:29:02.985Z.jpg,2026-01-07 11:59:09,7,617
manual_capture_2026-01-07T06:29:05.400Z.jpg,2026-01-07 11:59:10,8,614
manual_capture_2026-01-07T06:30:52.534Z.jpg,2026-01-07 12:00:56,7,662
manual_capture_2026-01-07T06:31:19.028Z.jpg,2026-01-07 12:01:20,8,643
manual_capture_2026-01-07T06:31:19.792Z.jpg,2026-01-07 12:01:21,9,618
manual_capture_2026-01-07T06:31:24.847Z.jpg,2026-01-07 12:01:28,4,648
manual_capture_2026-01-07T06:31:45.083Z.jpg,2026-01-07 12:01:46,12,657
manual_capture_2026-01-07T06:31:48.217Z.jpg,2026-01-07 12:01:50,9,657
manual_capture_2026-01-07T06:31:50.219Z.jpg,2026-01-07 12:01:54,7,661
manual_capture_2026-01-07T06:31:52.575Z.jpg,2026-01-07 12:01:54,4,586
manual_capture_2026-01-07T06:31:56.165Z.jpg,2026-01-07 12:01:58,9,644
manual_capture_2026-01-07T06:31:57.265Z.jpg,2026-01-07 12:01:59,9,638
manual_capture_2026-01-07T06:31:57.959Z.jpg,2026-01-07 12:02:02,8,660
manual_capture_2026-01-07T06:32:03.204Z.jpg,2026-01-07 12:02:06,14,630
manual_capture_2026-01-07T06:32:04.847Z.jpg,2026-01-07 12:02:06,4,629
manual_capture_2026-01-07T06:32:11.195Z.jpg,2026-01-07 12:02:13,8,630
manual_capture_2026-01-07T06:32:14.254Z.jpg,2026-01-07 12:02:17,5,656
manual_capture_2026-01-07T06:32:16.244Z.jpg,2026-01-07 12:02:17,4,611
manual_capture_2026-01-07T06:32:18.792Z.jpg,2026-01-07 12:02:21,7,646
manual_capture_2026-01-07T06:32:21.112Z.jpg,2026-01-07 12:02:25,8,632
manual_capture_2026-01-07T06:32:21.956Z.jpg,2026-01-07 12:02:25,12,598
manual_capture_2026-01-07T06:32:23.447Z.jpg,2026-01-07 12:02:26,6,601
manual_capture_2026-01-07T06:32:24.106Z.jpg,2026-01-07 12:02:27,17,602
manual_capture_2026-01-07T06:32:26.148Z.jpg,2026-01-07 12:02:30,10,623
manual_capture_2026-01-07T06:32:29.474Z.jpg,2026-01-07 12:02:31,4,603
manual_capture_2026-01-07T06:32:34.966Z.jpg,2026-01-07 12:02:37,5,627
manual_capture_2026-01-07T06:32:38.075Z.jpg,2026-01-07 12:02:41,6,641
manual_capture_2026-01-07T06:32:56.560Z.jpg,2026-01-07 12:03:00,8,634
manual_capture_2026-01-07T06:33:01.649Z.jpg,2026-01-07 12:03:03,10,628
manual_capture_2026-01-07T06:33:02.659Z.jpg,2026-01-07 12:03:04,9,611
manual_capture_2026-01-07T06:33:03.858Z.jpg,2026-01-07 12:03:08,9,629
manual_capture_2026-01-07T06:33:07.139Z.jpg,2026-01-07 12:03:08,7,596
manual_capture_2026-01-07T06:33:07.693Z.jpg,2026-01-07 12:03:12,12,625
manual_capture_2026-01-07T06:33:10.970Z.jpg,2026-01-07 12:03:12,6,598
manual_capture_2026-01-07T06:33:12.725Z.jpg,2026-01-07 12:03:16,10,639
manual_capture_2026-01-07T06:33:12.907Z.jpg,2026-01-07 12:03:17,10,592
manual_capture_2026-01-07T06:33:13.699Z.jpg,2026-01-07 12:03:17,8,614
manual_capture_2026-01-07T06:33:14.474Z.jpg,2026-01-07 12:03:18,14,604
manual_capture_2026-01-07T06:33:15.399Z.jpg,2026-01-07 12:03:18,4,583
manual_capture_2026-01-07T06:33:20.660Z.jpg,2026-01-07 12:03:22,9,613
manual_capture_2026-01-07T06:33:21.209Z.jpg,2026-01-07 12:03:23,9,601
manual_capture_2026-01-07T06:33:22.943Z.jpg,2026-01-07 12:03:26,6,638
manual_capture_2026-01-07T06:33:25.590Z.jpg,2026-01-07 12:03:27,9,606
manual_capture_2026-01-07T06:33:26.265Z.jpg,2026-01-07 12:03:31,9,631
manual_capture_2026-01-07T06:33:27.116Z.jpg,2026-01-07 12:03:31,11,600
manual_capture_2026-01-07T06:33:28.431Z.jpg,2026-01-07 12:03:32,9,615
manual_capture_2026-01-07T06:33:28.511Z.jpg,2026-01-07 12:03:32,6,598
manual_capture_2026-01-07T06:33:28.754Z.jpg,2026-01-07 12:03:33,4,597
manual_capture_2026-01-07T06:33:29.377Z.jpg,2026-01-07 12:03:34,6,593
manual_capture_2026-01-07T06:33:30.252Z.jpg,2026-01-07 12:03:34,7,588
manual_capture_2026-01-07T06:33:30.623Z.jpg,2026-01-07 12:03:38,12,629
manual_capture_2026-01-07T06:33:32.708Z.jpg,2026-01-07 12:03:38,12,596
manual_capture_2026-01-07T06:33:36.653Z.jpg,2026-01-07 12:03:39,8,590
manual_capture_2026-01-07T06:33:36.714Z.jpg,2026-01-07 12:03:40,11,606
manual_capture_2026-01-07T06:33:38.282Z.jpg,2026-01-07 12:03:43,9,627
manual_capture_2026-01-07T06:33:39.281Z.jpg,2026-01-07 12:03:44,6,580
manual_capture_2026-01-07T06:33:40.561Z.jpg,2026-01-07 12:03:44,11,604
manual_capture_2026-01-07T06:33:41.391Z.jpg,2026-01-07 12:03:45,5,602
manual_capture_2026-01-07T06:33:42.798Z.jpg,2026-01-07 12:03:46,10,593
manual_capture_2026-01-07T06:33:43.081Z.jpg,2026-01-07 12:03:46,4,591
manual_capture_2026-01-07T06:33:44.467Z.jpg,2026-01-07 12:03:50,6,633
manual_capture_2026-01-07T06:33:44.530Z.jpg,2026-01-07 12:03:50,4,617
manual_capture_2026-01-07T06:33:45.133Z.jpg,2026-01-07 12:03:51,9,601
manual_capture_2026-01-07T06:33:46.566Z.jpg,2026-01-07 12:03:52,12,598
manual_capture_2026-01-07T06:33:47.820Z.jpg,2026-01-07 12:03:52,9,582
manual_capture_2026-01-07T06:33:50.958Z.jpg,2026-01-07 12:03:56,5,634
manual_capture_2026-01-07T06:33:52.999Z.jpg,2026-01-07 12:03:57,5,589
manual_capture_2026-01-07T06:33:54.502Z.jpg,2026-01-07 12:03:57,9,607
manual_capture_2026-01-07T06:33:55.113Z.jpg,2026-01-07 12:03:58,7,609
manual_capture_2026-01-07T06:33:56.528Z.jpg,2026-01-07 12:04:01,8,624
manual_capture_2026-01-07T06:33:57.908Z.jpg,2026-01-07 12:04:02,6,593
manual_capture_2026-01-07T06:33:58.573Z.jpg,2026-01-07 12:04:03,5,614
manual_capture_2026-01-07T06:33:59.841Z.jpg,2026-01-07 12:04:03,7,601
manual_capture_2026-01-07T06:33:59.843Z.jpg,2026-01-07 12:04:04,9,605
manual_capture_2026-01-07T06:34:01.459Z.jpg,2026-01-07 12:04:07,9,605
manual_capture_2026-01-07T06:34:02.822Z.jpg,2026-01-07 12:04:08,10,601
manual_capture_2026-01-07T06:34:03.112Z.jpg,2026-01-07 12:04:09,15,604
manual_capture_2026-01-07T06:34:04.556Z.jpg,2026-01-07 12:04:09,12,619
manual_capture_2026-01-07T06:34:05.686Z.jpg,2026-01-07 12:04:10,9,610
manual_capture_2026-01-07T06:34:07.178Z.jpg,2026-01-07 12:04:10,9,594
manual_capture_2026-01-07T06:34:07.852Z.jpg,2026-01-07 12:04:14,10,609
manual_capture_2026-01-07T06:34:09.226Z.jpg,2026-01-07 12:04:15,15,608
manual_capture_2026-01-07T06:34:09.698Z.jpg,2026-01-07 12:04:15,12,622
manual_capture_2026-01-07T06:34:11.174Z.jpg,2026-01-07 12:04:16,9,583
manual_capture_2026-01-07T06:34:12.686Z.jpg,2026-01-07 12:04:16,9,582
manual_capture_2026-01-07T06:34:12.948Z.jpg,2026-01-07 12:04:17,8,596
manual_capture_2026-01-07T06:34:16.764Z.jpg,2026-01-07 12:04:21,10,651
manual_capture_2026-01-07T06:34:17.925Z.jpg,2026-01-07 12:04:21,14,599
manual_capture_2026-01-07T06:34:18.007Z.jpg,2026-01-07 12:04:22,14,604
manual_capture_2026-01-07T06:34:18.124Z.jpg,2026-01-07 12:04:23,10,602
manual_capture_2026-01-07T06:34:20.849Z.jpg,2026-01-07 12:04:26,10,612
manual_capture_2026-01-07T06:34:21.662Z.jpg,2026-01-07 12:04:27,5,596
manual_capture_2026-01-07T06:34:22.241Z.jpg,2026-01-07 12:04:27,6,608
manual_capture_2026-01-07T06:34:23.706Z.jpg,2026-01-07 12:04:28,6,607
manual_capture_2026-01-07T06:34:24.359Z.jpg,2026-01-07 12:04:29,5,601
manual_capture_2026-01-07T06:34:25.364Z.jpg,2026-01-07 12:04:29,5,616
manual_capture_2026-01-07T06:34:25.972Z.jpg,2026-01-07 12:04:30,9,609
manual_capture_2026-01-07T06:34:27.547Z.jpg,2026-01-07 12:04:33,5,635
manual_capture_2026-01-07T06:34:29.523Z.jpg,2026-01-07 12:04:34,8,623
manual_capture_2026-01-07T06:34:30.757Z.jpg,2026-01-07 12:04:35,8,598
manual_capture_2026-01-07T06:34:31.949Z.jpg,2026-01-07 12:04:35,7,590
manual_capture_2026-01-07T06:34:32.274Z.jpg,2026-01-07 12:04:36,6,582
manual_capture_2026-01-07T06:34:33.357Z.jpg,2026-01-07 12:04:39,7,619
manual_capture_2026-01-07T06:34:35.330Z.jpg,2026-01-07 12:04:40,8,602
manual_capture_2026-01-07T06:34:35.754Z.jpg,2026-01-07 12:04:41,9,602
manual_capture_2026-01-07T06:34:37.596Z.jpg,2026-01-07 12:04:41,6,603
manual_capture_2026-01-07T06:34:40.324Z.jpg,2026-01-07 12:04:45,7,636
manual_capture_2026-01-07T06:34:40.506Z.jpg,2026-01-07 12:04:46,7,603
manual_capture_2026-01-07T06:34:47.360Z.jpg,2026-01-07 12:04:49,12,615
manual_capture_2026-01-07T06:34:48.003Z.jpg,2026-01-07 12:04:50,7,600
manual_capture_2026-01-07T06:34:50.876Z.jpg,2026-01-07 12:04:53,7,618
manual_capture_2026-01-07T06:34:51.530Z.jpg,2026-01-07 12:04:54,7,603
manual_capture_2026-01-07T06:34:51.702Z.jpg,2026-01-07 12:04:55,10,630
manual_capture_2026-01-07T06:34:52.140Z.jpg,2026-01-07 12:04:55,9,611
manual_capture_2026-01-07T06:34:53.024Z.jpg,2026-01-07 12:04:56,12,602
manual_capture_2026-01-07T06:34:53.323Z.jpg,2026-01-07 12:04:59,8,636
manual_capture_2026-01-07T06:34:53.631Z.jpg,2026-01-07 12:05:00,13,588
manual_capture_2026-01-07T06:34:55.452Z.jpg,2026-01-07 12:05:01,13,597
manual_capture_2026-01-07T06:35:00.635Z.jpg,2026-01-07 12:05:04,8,636
manual_capture_2026-01-07T06:35:06.384Z.jpg,2026-01-07 12:05:08,11,624
manual_capture_2026-01-07T06:35:06.949Z.jpg,2026-01-07 12:05:09,10,596
manual_capture_2026-01-07T06:35:07.357Z.jpg,2026-01-07 12:05:09,14,599
manual_capture_2026-01-07T06:35:07.684Z.jpg,2026-01-07 12:05:10,15,607
manual_capture_2026-01-07T06:35:08.330Z.jpg,2026-01-07 12:05:13,20,633
manual_capture_2026-01-07T06:35:09.099Z.jpg,2026-01-07 12:05:14,16,604
manual_capture_2026-01-07T06:35:09.591Z.jpg,2026-01-07 12:05:15,14,592
manual_capture_2026-01-07T06:35:11.196Z.jpg,2026-01-07 12:05:15,16,587
manual_capture_2026-01-07T06:35:11.521Z.jpg,2026-01-07 12:05:16,14,609
manual_capture_2026-01-07T06:35:12.695Z.jpg,2026-01-07 12:05:16,11,610
manual_capture_2026-01-07T06:35:15.218Z.jpg,2026-01-07 12:05:20,9,641
manual_capture_2026-01-07T06:35:17.694Z.jpg,2026-01-07 12:05:21,10,617
manual_capture_2026-01-07T06:35:18.195Z.jpg,2026-01-07 12:05:21,7,624
manual_capture_2026-01-07T06:35:21.974Z.jpg,2026-01-07 12:05:25,10,647
manual_capture_2026-01-07T06:35:22.532Z.jpg,2026-01-07 12:05:26,12,619
manual_capture_2026-01-07T06:35:23.923Z.jpg,2026-01-07 12:05:26,9,630
manual_capture_2026-01-07T06:35:24.972Z.jpg,2026-01-07 12:05:30,9,650
manual_capture_2026-01-07T06:35:25.323Z.jpg,2026-01-07 12:05:31,13,628
manual_capture_2026-01-07T06:35:27.120Z.jpg,2026-01-07 12:05:31,11,620
manual_capture_2026-01-07T06:35:29.998Z.jpg,2026-01-07 12:05:35,11,639
manual_capture_2026-01-07T06:35:31.552Z.jpg,2026-01-07 12:05:35,13,658
manual_capture_2026-01-07T06:35:32.267Z.jpg,2026-01-07 12:05:36,13,620
manual_capture_2026-01-07T06:35:32.425Z.jpg,2026-01-07 12:05:37,11,609
manual_capture_2026-01-07T06:35:32.761Z.jpg,2026-01-07 12:05:37,13,597
manual_capture_2026-01-07T06:35:33.534Z.jpg,2026-01-07 12:05:38,9,621
manual_capture_2026-01-07T06:35:33.863Z.jpg,2026-01-07 12:05:39,7,618
manual_capture_2026-01-07T06:35:34.296Z.jpg,2026-01-07 12:05:39,13,606
manual_capture_2026-01-07T06:35:35.792Z.jpg,2026-01-07 12:05:43,13,642
manual_capture_2026-01-07T06:35:36.554Z.jpg,2026-01-07 12:05:43,9,612
manual_capture_2026-01-07T06:35:36.937Z.jpg,2026-01-07 12:05:44,10,615
manual_capture_2026-01-07T06:35:37.388Z.jpg,2026-01-07 12:05:45,10,595
manual_capture_2026-01-07T06:35:38.891Z.jpg,2026-01-07 12:05:45,12,606
manual_capture_2026-01-07T06:35:40.206Z.jpg,2026-01-07 12:05:46,10,629
manual_capture_2026-01-07T06:35:40.492Z.jpg,2026-01-07 12:05:46,13,605
manual_capture_2026-01-07T06:35:43.108Z.jpg,2026-01-07 12:05:50,8,640
manual_capture_2026-01-07T06:35:44.465Z.jpg,2026-01-07 12:05:51,7,609
manual_capture_2026-01-07T06:35:45.550Z.jpg,2026-01-07 12:05:51,9,611
manual_capture_2026-01-07T06:35:46.771Z.jpg,2026-01-07 12:05:52,11,610
manual_capture_2026-01-07T06:35:47.960Z.jpg,2026-01-07 12:05:53,12,617
manual_capture_2026-01-07T06:35:48.334Z.jpg,2026-01-07 12:05:53,10,605
manual_capture_2026-01-07T06:35:52.680Z.jpg,2026-01-07 12:05:57,4,648
manual_capture_2026-01-07T06:35:53.091Z.jpg,2026-01-07 12:05:57,6,613
manual_capture_2026-01-07T06:35:54.875Z.jpg,2026-01-07 12:05:58,5,619
manual_capture_2026-01-07T06:35:57.286Z.jpg,2026-01-07 12:06:02,7,705
manual_capture_2026-01-07T06:36:09.520Z.jpg,2026-01-07 12:06:11,11,660
manual_capture_2026-01-07T06:36:10.866Z.jpg,2026-01-07 12:06:12,7,643
manual_capture_2026-01-07T06:36:14.508Z.jpg,2026-01-07 12:06:16,6,647
manual_capture_2026-01-07T06:36:23.010Z.jpg,2026-01-07 12:06:25,12,627
manual_capture_2026-01-07T06:36:23.511Z.jpg,2026-01-07 12:06:26,2,601
manual_capture_2026-01-07T06:36:25.473Z.jpg,2026-01-07 12:06:30,8,642
manual_capture_2026-01-07T06:36:26.755Z.jpg,2026-01-07 12:06:30,11,599
manual_capture_2026-01-07T06:36:29.461Z.jpg,2026-01-07 12:06:31,6,589
manual_capture_2026-01-07T06:36:33.479Z.jpg,2026-01-07 12:06:35,7,655
manual_capture_2026-01-07T06:36:39.220Z.jpg,2026-01-07 12:06:41,11,636
manual_capture_2026-01-07T06:36:40.891Z.jpg,2026-01-07 12:06:42,8,595
manual_capture_2026-01-07T06:36:42.955Z.jpg,2026-01-07 12:06:45,6,637
manual_capture_2026-01-07T06:36:42.968Z.jpg,2026-01-07 12:06:46,9,594
manual_capture_2026-01-07T06:36:43.612Z.jpg,2026-01-07 12:06:47,5,599
manual_capture_2026-01-07T06:36:52.620Z.jpg,2026-01-07 12:06:53,4,637
manual_capture_2026-01-07T06:36:54.793Z.jpg,2026-01-07 12:06:57,9,635
manual_capture_2026-01-07T06:37:06.205Z.jpg,2026-01-07 12:07:07,8,640
manual_capture_2026-01-07T06:37:07.761Z.jpg,2026-01-07 12:07:10,12,629
manual_capture_2026-01-07T06:37:10.468Z.jpg,2026-01-07 12:07:14,15,649
manual_capture_2026-01-07T06:37:13.186Z.jpg,2026-01-07 12:07:14,9,595
manual_capture_2026-01-07T06:37:15.243Z.jpg,2026-01-07 12:07:18,11,638
manual_capture_2026-01-07T06:37:18.338Z.jpg,2026-01-07 12:07:22,10,624
manual_capture_2026-01-07T06:37:18.521Z.jpg,2026-01-07 12:07:22,6,696
manual_capture_2026-01-07T06:37:22.106Z.jpg,2026-01-07 12:07:26,5,646
manual_capture_2026-01-07T06:37:23.499Z.jpg,2026-01-07 12:07:27,10,603
manual_capture_2026-01-07T06:37:23.852Z.jpg,2026-01-07 12:07:27,7,631
manual_capture_2026-01-07T06:37:23.987Z.jpg,2026-01-07 12:07:28,9,617
manual_capture_2026-01-07T06:37:24.674Z.jpg,2026-01-07 12:07:29,10,622
manual_capture_2026-01-07T06:37:25.348Z.jpg,2026-01-07 12:07:29,9,609
manual_capture_2026-01-07T06:37:26.082Z.jpg,2026-01-07 12:07:33,8,656
manual_capture_2026-01-07T06:37:27.563Z.jpg,2026-01-07 12:07:33,9,613
manual_capture_2026-01-07T06:37:31.605Z.jpg,2026-01-07 12:07:34,11,611
manual_capture_2026-01-07T06:37:32.742Z.jpg,2026-01-07 12:07:38,12,647
manual_capture_2026-01-07T06:37:32.777Z.jpg,2026-01-07 12:07:38,13,598
manual_capture_2026-01-07T06:37:34.018Z.jpg,2026-01-07 12:07:39,12,617
manual_capture_2026-01-07T06:37:34.717Z.jpg,2026-01-07 12:07:40,14,622
manual_capture_2026-01-07T06:37:35.337Z.jpg,2026-01-07 12:07:40,11,621
manual_capture_2026-01-07T06:37:36.586Z.jpg,2026-01-07 12:07:41,14,607
manual_capture_2026-01-07T06:37:37.590Z.jpg,2026-01-07 12:07:44,16,652
manual_capture_2026-01-07T06:37:38.904Z.jpg,2026-01-07 12:07:45,18,620
manual_capture_2026-01-07T06:37:39.364Z.jpg,2026-01-07 12:07:46,15,609
manual_capture_2026-01-07T06:37:39.561Z.jpg,2026-01-07 12:07:46,13,615
manual_capture_2026-01-07T06:37:40.314Z.jpg,2026-01-07 12:07:47,15,619
manual_capture_2026-01-07T06:37:41.415Z.jpg,2026-01-07 12:07:48,17,615
manual_capture_2026-01-07T06:37:42.703Z.jpg,2026-01-07 12:07:48,10,630
manual_capture_2026-01-07T06:37:43.207Z.jpg,2026-01-07 12:07:49,14,616
manual_capture_2026-01-07T06:37:44.577Z.jpg,2026-01-07 12:07:52,12,646
manual_capture_2026-01-07T06:37:45.451Z.jpg,2026-01-07 12:07:53,10,615
manual_capture_2026-01-07T06:37:46.236Z.jpg,2026-01-07 12:07:54,6,603
manual_capture_2026-01-07T06:37:46.624Z.jpg,2026-01-07 12:07:54,12,622
manual_capture_2026-01-07T06:37:48.101Z.jpg,2026-01-07 12:07:55,6,614
manual_capture_2026-01-07T06:37:48.778Z.jpg,2026-01-07 12:07:56,9,603
manual_capture_2026-01-07T06:37:49.165Z.jpg,2026-01-07 12:07:56,9,620
manual_capture_2026-01-07T06:37:50.154Z.jpg,2026-01-07 12:07:57,6,621
manual_capture_2026-01-07T06:37:50.993Z.jpg,2026-01-07 12:07:57,12,614
manual_capture_2026-01-07T06:37:51.125Z.jpg,2026-01-07 12:07:58,7,611
manual_capture_2026-01-07T06:37:52.423Z.jpg,2026-01-07 12:08:02,11,650
manual_capture_2026-01-07T06:37:52.909Z.jpg,2026-01-07 12:08:02,14,616
manual_capture_2026-01-07T06:37:53.463Z.jpg,2026-01-07 12:08:03,15,614
manual_capture_2026-01-07T06:37:53.946Z.jpg,2026-01-07 12:08:04,8,619
manual_capture_2026-01-07T06:37:54.794Z.jpg,2026-01-07 12:08:04,10,612
manual_capture_2026-01-07T06:37:56.078Z.jpg,2026-01-07 12:08:05,10,610
manual_capture_2026-01-07T06:37:56.930Z.jpg,2026-01-07 12:08:05,10,622
manual_capture_2026-01-07T06:37:58.975Z.jpg,2026-01-07 12:08:06,15,617
manual_capture_2026-01-07T06:37:59.665Z.jpg,2026-01-07 12:08:07,14,607
manual_capture_2026-01-07T06:38:01.524Z.jpg,2026-01-07 12:08:07,11,619
manual_capture_2026-01-07T06:38:03.173Z.jpg,2026-01-07 12:08:11,14,651
manual_capture_2026-01-07T06:38:03.975Z.jpg,2026-01-07 12:08:12,10,615
manual_capture_2026-01-07T06:38:05.578Z.jpg,2026-01-07 12:08:12,15,633
manual_capture_2026-01-07T06:38:06.183Z.jpg,2026-01-07 12:08:13,16,613
manual_capture_2026-01-07T06:38:07.713Z.jpg,2026-01-07 12:08:13,12,598
manual_capture_2026-01-07T06:38:08.351Z.jpg,2026-01-07 12:08:14,13,613
manual_capture_2026-01-07T06:38:09.838Z.jpg,2026-01-07 12:08:15,10,609
manual_capture_2026-01-07T06:38:11.320Z.jpg,2026-01-07 12:08:18,13,654
manual_capture_2026-01-07T06:38:12.258Z.jpg,2026-01-07 12:08:19,8,598
manual_capture_2026-01-07T06:38:13.221Z.jpg,2026-01-07 12:08:19,15,625
manual_capture_2026-01-07T06:38:13.984Z.jpg,2026-01-07 12:08:20,11,613
manual_capture_2026-01-07T06:38:15.002Z.jpg,2026-01-07 12:08:21,14,606
manual_capture_2026-01-07T06:38:15.228Z.jpg,2026-01-07 12:08:21,12,610
manual_capture_2026-01-07T06:38:15.995Z.jpg,2026-01-07 12:08:22,14,615
manual_capture_2026-01-07T06:38:16.554Z.jpg,2026-01-07 12:08:23,16,617
manual_capture_2026-01-07T06:38:17.390Z.jpg,2026-01-07 12:08:23,11,622
manual_capture_2026-01-07T06:38:18.084Z.jpg,2026-01-07 12:08:24,13,622
manual_capture_2026-01-07T06:38:18.509Z.jpg,2026-01-07 12:08:28,11,709
manual_capture_2026-01-07T06:38:18.627Z.jpg,2026-01-07 12:08:28,6,630
manual_capture_2026-01-07T06:38:19.521Z.jpg,2026-01-07 12:08:29,8,627
manual_capture_2026-01-07T06:38:20.238Z.jpg,2026-01-07 12:08:29,10,667
manual_capture_2026-01-07T06:38:20.484Z.jpg,2026-01-07 12:08:30,10,614
manual_capture_2026-01-07T06:38:21.199Z.jpg,2026-01-07 12:08:31,7,632
manual_capture_2026-01-07T06:38:22.665Z.jpg,2026-01-07 12:08:31,9,622
manual_capture_2026-01-07T06:38:23.336Z.jpg,2026-01-07 12:08:32,12,616
manual_capture_2026-01-07T06:38:24.139Z.jpg,2026-01-07 12:08:33,8,612
manual_capture_2026-01-07T06:38:24.533Z.jpg,2026-01-07 12:08:33,12,657
manual_capture_2026-01-07T06:38:25.052Z.jpg,2026-01-07 12:08:34,10,622
manual_capture_2026-01-07T06:38:25.635Z.jpg,2026-01-07 12:08:34,11,626
manual_capture_2026-01-07T06:38:26.117Z.jpg,2026-01-07 12:08:35,13,610
manual_capture_2026-01-07T06:38:27.417Z.jpg,2026-01-07 12:08:39,11,645
manual_capture_2026-01-07T06:38:27.418Z.jpg,2026-01-07 12:08:39,6,624
manual_capture_2026-01-07T06:38:28.461Z.jpg,2026-01-07 12:08:40,11,619
manual_capture_2026-01-07T06:38:30.353Z.jpg,2026-01-07 12:08:41,11,624
manual_capture_2026-01-07T06:38:30.357Z.jpg,2026-01-07 12:08:41,9,624
manual_capture_2026-01-07T06:38:30.696Z.jpg,2026-01-07 12:08:42,5,606
manual_capture_2026-01-07T06:38:32.131Z.jpg,2026-01-07 12:08:42,8,607
manual_capture_2026-01-07T06:38:32.521Z.jpg,2026-01-07 12:08:43,10,610
manual_capture_2026-01-07T06:38:32.771Z.jpg,2026-01-07 12:08:44,11,612
manual_capture_2026-01-07T06:38:33.187Z.jpg,2026-01-07 12:08:44,13,612
manual_capture_2026-01-07T06:38:33.209Z.jpg,2026-01-07 12:08:45,13,611
manual_capture_2026-01-07T06:38:33.265Z.jpg,2026-01-07 12:08:46,16,613
manual_capture_2026-01-07T06:38:35.715Z.jpg,2026-01-07 12:08:46,14,604
manual_capture_2026-01-07T06:38:36.147Z.jpg,2026-01-07 12:08:47,13,614
manual_capture_2026-01-07T06:38:36.153Z.jpg,2026-01-07 12:08:47,12,598
manual_capture_2026-01-07T06:38:36.348Z.jpg,2026-01-07 12:08:48,13,597
manual_capture_2026-01-07T06:38:37.678Z.jpg,2026-01-07 12:08:49,14,598
manual_capture_2026-01-07T06:38:37.680Z.jpg,2026-01-07 12:08:49,9,607
manual_capture_2026-01-07T06:38:37.773Z.jpg,2026-01-07 12:08:50,12,621
manual_capture_2026-01-07T06:38:39.114Z.jpg,2026-01-07 12:08:53,11,636
manual_capture_2026-01-07T06:38:39.683Z.jpg,2026-01-07 12:08:54,13,611
manual_capture_2026-01-07T06:38:40.348Z.jpg,2026-01-07 12:08:55,12,615
manual_capture_2026-01-07T06:38:40.658Z.jpg,2026-01-07 12:08:55,14,624
manual_capture_2026-01-07T06:38:41.337Z.jpg,2026-01-07 12:08:56,14,617
manual_capture_2026-01-07T06:38:42.351Z.jpg,2026-01-07 12:08:57,15,615
manual_capture_2026-01-07T06:38:43.580Z.jpg,2026-01-07 12:08:57,14,615
manual_capture_2026-01-07T06:38:44.383Z.jpg,2026-01-07 12:08:58,11,610
manual_capture_2026-01-07T06:38:45.292Z.jpg,2026-01-07 12:08:58,9,607
manual_capture_2026-01-07T06:38:46.582Z.jpg,2026-01-07 12:08:59,9,598
manual_capture_2026-01-07T06:38:47.236Z.jpg,2026-01-07 12:09:00,12,617
manual_capture_2026-01-07T06:38:48.536Z.jpg,2026-01-07 12:09:00,11,623
manual_capture_2026-01-07T06:38:49.594Z.jpg,2026-01-07 12:09:01,13,624
manual_capture_2026-01-07T06:38:50.679Z.jpg,2026-01-07 12:09:01,12,616
manual_capture_2026-01-07T06:38:51.577Z.jpg,2026-01-07 12:09:02,14,616
manual_capture_2026-01-07T06:38:52.710Z.jpg,2026-01-07 12:09:03,13,616
manual_capture_2026-01-07T06:38:53.189Z.jpg,2026-01-07 12:09:03,16,596
manual_capture_2026-01-07T06:38:56.127Z.jpg,2026-01-07 12:09:07,14,651
manual_capture_2026-01-07T06:38:56.723Z.jpg,2026-01-07 12:09:08,14,605
manual_capture_2026-01-07T06:38:57.146Z.jpg,2026-01-07 12:09:08,10,622
manual_capture_2026-01-07T06:38:57.461Z.jpg,2026-01-07 12:09:09,13,617
manual_capture_2026-01-07T06:38:57.860Z.jpg,2026-01-07 12:09:09,13,618
manual_capture_2026-01-07T06:38:58.379Z.jpg,2026-01-07 12:09:10,14,603
manual_capture_2026-01-07T06:38:59.046Z.jpg,2026-01-07 12:09:11,8,620
manual_capture_2026-01-07T06:38:59.238Z.jpg,2026-01-07 12:09:11,13,607
manual_capture_2026-01-07T06:39:00.849Z.jpg,2026-01-07 12:09:12,8,613
manual_capture_2026-01-07T06:39:01.636Z.jpg,2026-01-07 12:09:13,9,615
manual_capture_2026-01-07T06:39:01.969Z.jpg,2026-01-07 12:09:13,12,608
manual_capture_2026-01-07T06:39:02.737Z.jpg,2026-01-07 12:09:14,11,601
manual_capture_2026-01-07T06:39:03.783Z.jpg,2026-01-07 12:09:14,14,606
manual_capture_2026-01-07T06:39:04.382Z.jpg,2026-01-07 12:09:15,16,619
manual_capture_2026-01-07T06:39:05.332Z.jpg,2026-01-07 12:09:16,17,621
manual_capture_2026-01-07T06:39:06.048Z.jpg,2026-01-07 12:09:16,14,608
manual_capture_2026-01-07T06:39:07.909Z.jpg,2026-01-07 12:09:20,8,644
manual_capture_2026-01-07T06:39:10.108Z.jpg,2026-01-07 12:09:20,11,611
manual_capture_2026-01-07T06:39:10.351Z.jpg,2026-01-07 12:09:21,11,616
manual_capture_2026-01-07T06:39:11.124Z.jpg,2026-01-07 12:09:22,8,604
manual_capture_2026-01-07T06:39:11.131Z.jpg,2026-01-07 12:09:22,10,615
manual_capture_2026-01-07T06:39:11.842Z.jpg,2026-01-07 12:09:23,10,617
manual_capture_2026-01-07T06:39:11.989Z.jpg,2026-01-07 12:09:24,10,620
manual_capture_2026-01-07T06:39:12.602Z.jpg,2026-01-07 12:09:24,7,601
manual_capture_2026-01-07T06:39:13.237Z.jpg,2026-01-07 12:09:25,11,619
manual_capture_2026-01-07T06:39:14.570Z.jpg,2026-01-07 12:09:25,7,612
manual_capture_2026-01-07T06:39:15.045Z.jpg,2026-01-07 12:09:26,12,611
manual_capture_2026-01-07T06:39:15.129Z.jpg,2026-01-07 12:09:27,10,625
manual_capture_2026-01-07T06:39:16.083Z.jpg,2026-01-07 12:09:27,7,616
manual_capture_2026-01-07T06:39:16.562Z.jpg,2026-01-07 12:09:28,9,614
manual_capture_2026-01-07T06:39:16.621Z.jpg,2026-01-07 12:09:28,9,610
manual_capture_2026-01-07T06:39:17.258Z.jpg,2026-01-07 12:09:29,9,625
manual_capture_2026-01-07T06:39:17.500Z.jpg,2026-01-07 12:09:30,6,614
manual_capture_2026-01-07T06:39:18.210Z.jpg,2026-01-07 12:09:30,15,607
manual_capture_2026-01-07T06:39:18.849Z.jpg,2026-01-07 12:09:31,9,601
manual_capture_2026-01-07T06:39:19.152Z.jpg,2026-01-07 12:09:32,8,626
manual_capture_2026-01-07T06:39:19.799Z.jpg,2026-01-07 12:09:35,11,636
manual_capture_2026-01-07T06:39:19.988Z.jpg,2026-01-07 12:09:36,12,606
manual_capture_2026-01-07T06:39:21.305Z.jpg,2026-01-07 12:09:36,11,604
manual_capture_2026-01-07T06:39:21.504Z.jpg,2026-01-07 12:09:37,15,626
manual_capture_2026-01-07T06:39:22.211Z.jpg,2026-01-07 12:09:38,12,618
manual_capture_2026-01-07T06:39:22.532Z.jpg,2026-01-07 12:09:38,14,617
manual_capture_2026-01-07T06:39:23.245Z.jpg,2026-01-07 12:09:39,7,617
manual_capture_2026-01-07T06:39:23.980Z.jpg,2026-01-07 12:09:40,14,602
manual_capture_2026-01-07T06:39:24.686Z.jpg,2026-01-07 12:09:40,10,615
manual_capture_2026-01-07T06:39:25.738Z.jpg,2026-01-07 12:09:41,8,607
manual_capture_2026-01-07T06:39:26.265Z.jpg,2026-01-07 12:09:41,12,619
manual_capture_2026-01-07T06:39:26.799Z.jpg,2026-01-07 12:09:42,15,611
manual_capture_2026-01-07T06:39:27.368Z.jpg,2026-01-07 12:09:43,13,610
manual_capture_2026-01-07T06:39:27.634Z.jpg,2026-01-07 12:09:43,10,599
manual_capture_2026-01-07T06:39:28.485Z.jpg,2026-01-07 12:09:44,8,607
manual_capture_2026-01-07T06:39:28.963Z.jpg,2026-01-07 12:09:44,12,614
manual_capture_2026-01-07T06:39:29.115Z.jpg,2026-01-07 12:09:45,11,623
manual_capture_2026-01-07T06:39:29.825Z.jpg,2026-01-07 12:09:46,12,619
manual_capture_2026-01-07T06:39:30.438Z.jpg,2026-01-07 12:09:46,10,611
manual_capture_2026-01-07T06:39:30.625Z.jpg,2026-01-07 12:09:47,12,601
manual_capture_2026-01-07T06:39:30.908Z.jpg,2026-01-07 12:09:48,12,611
manual_capture_2026-01-07T06:39:31.412Z.jpg,2026-01-07 12:09:48,11,606
manual_capture_2026-01-07T06:39:32.045Z.jpg,2026-01-07 12:09:49,12,617
manual_capture_2026-01-07T06:39:32.712Z.jpg,2026-01-07 12:09:49,12,623
manual_capture_2026-01-07T06:39:33.538Z.jpg,2026-01-07 12:09:50,12,610
manual_capture_2026-01-07T06:39:33.637Z.jpg,2026-01-07 12:09:51,14,617
manual_capture_2026-01-07T06:39:33.996Z.jpg,2026-01-07 12:09:51,12,609
manual_capture_2026-01-07T06:39:34.237Z.jpg,2026-01-07 12:09:52,8,616
manual_capture_2026-01-07T06:39:34.821Z.jpg,2026-01-07 12:09:52,10,611
manual_capture_2026-01-07T06:39:35.204Z.jpg,2026-01-07 12:09:56,8,652
manual_capture_2026-01-07T06:39:35.775Z.jpg,2026-01-07 12:09:57,11,603
manual_capture_2026-01-07T06:39:36.358Z.jpg,2026-01-07 12:09:57,8,619
manual_capture_2026-01-07T06:39:37.069Z.jpg,2026-01-07 12:09:58,14,605
manual_capture_2026-01-07T06:39:37.161Z.jpg,2026-01-07 12:09:59,10,601
manual_capture_2026-01-07T06:39:37.483Z.jpg,2026-01-07 12:09:59,6,605
manual_capture_2026-01-07T06:39:37.843Z.jpg,2026-01-07 12:10:00,15,622
manual_capture_2026-01-07T06:39:38.102Z.jpg,2026-01-07 12:10:00,14,609
manual_capture_2026-01-07T06:39:38.847Z.jpg,2026-01-07 12:10:01,10,623
manual_capture_2026-01-07T06:39:39.729Z.jpg,2026-01-07 12:10:02,7,610
manual_capture_2026-01-07T06:39:40.110Z.jpg,2026-01-07 12:10:02,10,618
manual_capture_2026-01-07T06:39:40.627Z.jpg,2026-01-07 12:10:03,8,607
manual_capture_2026-01-07T06:39:41.280Z.jpg,2026-01-07 12:10:03,9,625
manual_capture_2026-01-07T06:39:41.669Z.jpg,2026-01-07 12:10:04,10,619
manual_capture_2026-01-07T06:39:42.102Z.jpg,2026-01-07 12:10:05,12,623
manual_capture_2026-01-07T06:39:42.236Z.jpg,2026-01-07 12:10:05,8,609
manual_capture_2026-01-07T06:39:42.865Z.jpg,2026-01-07 12:10:06,9,606
manual_capture_2026-01-07T06:39:43.422Z.jpg,2026-01-07 12:10:07,14,614
manual_capture_2026-01-07T06:39:44.057Z.jpg,2026-01-07 12:10:07,13,600
manual_capture_2026-01-07T06:39:44.696Z.jpg,2026-01-07 12:10:08,10,635
manual_capture_2026-01-07T06:39:45.393Z.jpg,2026-01-07 12:10:08,13,615
manual_capture_2026-01-07T06:39:45.638Z.jpg,2026-01-07 12:10:09,6,614
manual_capture_2026-01-07T06:39:46.591Z.jpg,2026-01-07 12:10:10,10,606
manual_capture_2026-01-07T06:39:47.124Z.jpg,2026-01-07 12:10:10,8,611
manual_capture_2026-01-07T06:39:48.164Z.jpg,2026-01-07 12:10:11,14,620
manual_capture_2026-01-07T06:39:49.381Z.jpg,2026-01-07 12:10:11,9,610
manual_capture_2026-01-07T06:39:50.069Z.jpg,2026-01-07 12:10:12,10,607
manual_capture_2026-01-07T06:39:50.961Z.jpg,2026-01-07 12:10:13,10,614
manual_capture_2026-01-07T06:39:51.541Z.jpg,2026-01-07 12:10:13,13,600
manual_capture_2026-01-07T06:39:51.910Z.jpg,2026-01-07 12:10:14,11,610
manual_capture_2026-01-07T06:39:52.230Z.jpg,2026-01-07 12:10:15,11,621
manual_capture_2026-01-07T06:39:53.716Z.jpg,2026-01-07 12:10:15,11,608
manual_capture_2026-01-07T06:39:54.250Z.jpg,2026-01-07 12:10:16,11,606
manual_capture_2026-01-07T06:39:54.406Z.jpg,2026-01-07 12:10:16,15,617
manual_capture_2026-01-07T06:39:55.280Z.jpg,2026-01-07 12:10:17,8,613
manual_capture_2026-01-07T06:39:56.661Z.jpg,2026-01-07 12:10:21,10,638
manual_capture_2026-01-07T06:39:57.103Z.jpg,2026-01-07 12:10:21,10,617
manual_capture_2026-01-07T06:39:57.783Z.jpg,2026-01-07 12:10:22,5,632
manual_capture_2026-01-07T06:39:58.694Z.jpg,2026-01-07 12:10:23,8,615
manual_capture_2026-01-07T06:39:59.085Z.jpg,2026-01-07 12:10:23,10,612
manual_capture_2026-01-07T06:39:59.218Z.jpg,2026-01-07 12:10:24,14,607
manual_capture_2026-01-07T06:40:00.298Z.jpg,2026-01-07 12:10:24,9,621
manual_capture_2026-01-07T06:40:00.760Z.jpg,2026-01-07 12:10:25,8,606
manual_capture_2026-01-07T06:40:00.846Z.jpg,2026-01-07 12:10:26,9,608
manual_capture_2026-01-07T06:40:01.680Z.jpg,2026-01-07 12:10:26,15,619
manual_capture_2026-01-07T06:40:01.754Z.jpg,2026-01-07 12:10:27,10,616
manual_capture_2026-01-07T06:40:02.451Z.jpg,2026-01-07 12:10:27,7,624
manual_capture_2026-01-07T06:40:03.766Z.jpg,2026-01-07 12:10:28,11,632
manual_capture_2026-01-07T06:40:06.062Z.jpg,2026-01-07 12:10:29,9,611
manual_capture_2026-01-07T06:40:06.597Z.jpg,2026-01-07 12:10:29,13,612
manual_capture_2026-01-07T06:40:07.552Z.jpg,2026-01-07 12:10:30,7,629
manual_capture_2026-01-07T06:40:08.204Z.jpg,2026-01-07 12:10:31,10,616
manual_capture_2026-01-07T06:40:09.074Z.jpg,2026-01-07 12:10:31,6,621
manual_capture_2026-01-07T06:40:09.481Z.jpg,2026-01-07 12:10:32,10,612
manual_capture_2026-01-07T06:40:10.462Z.jpg,2026-01-07 12:10:32,8,591
manual_capture_2026-01-07T06:40:11.868Z.jpg,2026-01-07 12:10:33,8,607
manual_capture_2026-01-07T06:40:12.429Z.jpg,2026-01-07 12:10:34,8,612
manual_capture_2026-01-07T06:40:12.902Z.jpg,2026-01-07 12:10:34,10,620
manual_capture_2026-01-07T06:40:14.185Z.jpg,2026-01-07 12:10:35,9,628
manual_capture_2026-01-07T06:40:14.773Z.jpg,2026-01-07 12:10:36,10,621
manual_capture_2026-01-07T06:40:15.326Z.jpg,2026-01-07 12:10:36,10,628
manual_capture_2026-01-07T06:40:16.324Z.jpg,2026-01-07 12:10:37,9,609
manual_capture_2026-01-07T06:40:16.878Z.jpg,2026-01-07 12:10:37,9,611
manual_capture_2026-01-07T06:40:17.312Z.jpg,2026-01-07 12:10:38,10,612
manual_capture_2026-01-07T06:40:18.599Z.jpg,2026-01-07 12:10:39,10,608
manual_capture_2026-01-07T06:40:19.711Z.jpg,2026-01-07 12:10:39,10,614
manual_capture_2026-01-07T06:40:20.387Z.jpg,2026-01-07 12:10:40,12,610
manual_capture_2026-01-07T06:40:20.723Z.jpg,2026-01-07 12:10:43,14,644
manual_capture_2026-01-07T06:40:20.831Z.jpg,2026-01-07 12:10:44,12,613
manual_capture_2026-01-07T06:40:21.937Z.jpg,2026-01-07 12:10:45,11,607
manual_capture_2026-01-07T06:40:22.988Z.jpg,2026-01-07 12:10:45,8,607
manual_capture_2026-01-07T06:40:23.897Z.jpg,2026-01-07 12:10:46,16,620
manual_capture_2026-01-07T06:40:24.555Z.jpg,2026-01-07 12:10:47,12,639
manual_capture_2026-01-07T06:40:25.744Z.jpg,2026-01-07 12:10:47,11,621
manual_capture_2026-01-07T06:40:26.740Z.jpg,2026-01-07 12:10:48,16,616
manual_capture_2026-01-07T06:40:28.024Z.jpg,2026-01-07 12:10:48,10,603
manual_capture_2026-01-07T06:40:28.671Z.jpg,2026-01-07 12:10:49,9,607
manual_capture_2026-01-07T06:40:29.255Z.jpg,2026-01-07 12:10:50,7,609
manual_capture_2026-01-07T06:40:29.383Z.jpg,2026-01-07 12:10:50,12,624
manual_capture_2026-01-07T06:40:29.818Z.jpg,2026-01-07 12:10:51,8,613
manual_capture_2026-01-07T06:40:30.516Z.jpg,2026-01-07 12:10:51,8,611
manual_capture_2026-01-07T06:40:30.561Z.jpg,2026-01-07 12:10:52,5,617
manual_capture_2026-01-07T06:40:30.885Z.jpg,2026-01-07 12:10:53,6,621
manual_capture_2026-01-07T06:40:31.459Z.jpg,2026-01-07 12:10:53,11,610
manual_capture_2026-01-07T06:40:31.977Z.jpg,2026-01-07 12:10:54,8,617
manual_capture_2026-01-07T06:40:33.063Z.jpg,2026-01-07 12:10:55,7,605
manual_capture_2026-01-07T06:40:33.763Z.jpg,2026-01-07 12:10:55,9,606
manual_capture_2026-01-07T06:40:34.366Z.jpg,2026-01-07 12:10:56,8,621
manual_capture_2026-01-07T06:40:34.641Z.jpg,2026-01-07 12:10:56,10,610
manual_capture_2026-01-07T06:40:35.075Z.jpg,2026-01-07 12:10:57,7,613
manual_capture_2026-01-07T06:40:35.704Z.jpg,2026-01-07 12:10:58,10,602
manual_capture_2026-01-07T06:40:36.268Z.jpg,2026-01-07 12:10:58,9,615
manual_capture_2026-01-07T06:40:36.603Z.jpg,2026-01-07 12:10:59,5,614
manual_capture_2026-01-07T06:40:37.262Z.jpg,2026-01-07 12:11:00,8,615
manual_capture_2026-01-07T06:40:37.726Z.jpg,2026-01-07 12:11:00,10,607
manual_capture_2026-01-07T06:40:38.303Z.jpg,2026-01-07 12:11:01,10,615
manual_capture_2026-01-07T06:40:38.720Z.jpg,2026-01-07 12:11:01,12,607
manual_capture_2026-01-07T06:40:39.145Z.jpg,2026-01-07 12:11:02,7,608
manual_capture_2026-01-07T06:40:39.888Z.jpg,2026-01-07 12:11:03,9,610
manual_capture_2026-01-07T06:40:40.859Z.jpg,2026-01-07 12:11:03,7,602
manual_capture_2026-01-07T06:40:41.723Z.jpg,2026-01-07 12:11:04,13,616
manual_capture_2026-01-07T06:40:42.373Z.jpg,2026-01-07 12:11:04,11,607
manual_capture_2026-01-07T06:40:42.909Z.jpg,2026-01-07 12:11:05,8,606
manual_capture_2026-01-07T06:40:43.235Z.jpg,2026-01-07 12:11:06,13,617
manual_capture_2026-01-07T06:40:43.576Z.jpg,2026-01-07 12:11:09,13,649
manual_capture_2026-01-07T06:40:43.709Z.jpg,2026-01-07 12:11:10,9,614
manual_capture_2026-01-07T06:40:44.436Z.jpg,2026-01-07 12:11:11,6,611
manual_capture_2026-01-07T06:40:44.832Z.jpg,2026-01-07 12:11:11,8,616
manual_capture_2026-01-07T06:40:44.950Z.jpg,2026-01-07 12:11:12,8,606
manual_capture_2026-01-07T06:40:45.754Z.jpg,2026-01-07 12:11:12,8,609
manual_capture_2026-01-07T06:40:46.588Z.jpg,2026-01-07 12:11:13,15,610
manual_capture_2026-01-07T06:40:47.112Z.jpg,2026-01-07 12:11:14,9,606
manual_capture_2026-01-07T06:40:47.779Z.jpg,2026-01-07 12:11:14,8,592
manual_capture_2026-01-07T06:40:48.575Z.jpg,2026-01-07 12:11:15,13,614
manual_capture_2026-01-07T06:40:49.352Z.jpg,2026-01-07 12:11:15,16,615
manual_capture_2026-01-07T06:40:49.640Z.jpg,2026-01-07 12:11:16,14,620
manual_capture_2026-01-07T06:40:50.674Z.jpg,2026-01-07 12:11:17,10,614
manual_capture_2026-01-07T06:40:51.264Z.jpg,2026-01-07 12:11:17,8,627
manual_capture_2026-01-07T06:40:51.441Z.jpg,2026-01-07 12:11:18,11,618
manual_capture_2026-01-07T06:40:53.043Z.jpg,2026-01-07 12:11:19,10,618
manual_capture_2026-01-07T06:40:54.164Z.jpg,2026-01-07 12:11:19,9,603
manual_capture_2026-01-07T06:40:56.077Z.jpg,2026-01-07 12:11:20,13,610
manual_capture_2026-01-07T06:40:56.531Z.jpg,2026-01-07 12:11:20,13,613
manual_capture_2026-01-07T06:40:58.035Z.jpg,2026-01-07 12:11:21,12,603
manual_capture_2026-01-07T06:40:59.312Z.jpg,2026-01-07 12:11:22,9,616
manual_capture_2026-01-07T06:41:00.052Z.jpg,2026-01-07 12:11:22,11,607
manual_capture_2026-01-07T06:41:00.644Z.jpg,2026-01-07 12:11:23,9,611
manual_capture_2026-01-07T06:41:01.169Z.jpg,2026-01-07 12:11:23,10,614
manual_capture_2026-01-07T06:41:01.597Z.jpg,2026-01-07 12:11:24,11,605
manual_capture_2026-01-07T06:41:01.867Z.jpg,2026-01-07 12:11:25,12,605
manual_capture_2026-01-07T06:41:03.729Z.jpg,2026-01-07 12:11:25,12,607
manual_capture_2026-01-07T06:41:04.562Z.jpg,2026-01-07 12:11:26,15,602
manual_capture_2026-01-07T06:41:04.680Z.jpg,2026-01-07 12:11:26,14,611
manual_capture_2026-01-07T06:41:06.557Z.jpg,2026-01-07 12:11:27,15,602
manual_capture_2026-01-07T06:41:07.616Z.jpg,2026-01-07 12:11:28,7,622
manual_capture_2026-01-07T06:41:08.891Z.jpg,2026-01-07 12:11:28,7,618
manual_capture_2026-01-07T06:41:09.834Z.jpg,2026-01-07 12:11:32,13,652
manual_capture_2026-01-07T06:41:10.921Z.jpg,2026-01-07 12:11:33,14,609
manual_capture_2026-01-07T06:41:12.111Z.jpg,2026-01-07 12:11:33,13,616
manual_capture_2026-01-07T06:41:12.725Z.jpg,2026-01-07 12:11:34,10,605
manual_capture_2026-01-07T06:41:13.257Z.jpg,2026-01-07 12:11:34,16,613
manual_capture_2026-01-07T06:41:14.637Z.jpg,2026-01-07 12:11:35,10,621
manual_capture_2026-01-07T06:41:15.887Z.jpg,2026-01-07 12:11:36,9,600
manual_capture_2026-01-07T06:41:16.581Z.jpg,2026-01-07 12:11:36,11,607
manual_capture_2026-01-07T06:41:17.738Z.jpg,2026-01-07 12:11:37,9,612
manual_capture_2026-01-07T06:41:18.165Z.jpg,2026-01-07 12:11:37,12,609
manual_capture_2026-01-07T06:41:19.042Z.jpg,2026-01-07 12:11:38,12,616
manual_capture_2026-01-07T06:41:20.163Z.jpg,2026-01-07 12:11:39,11,615
manual_capture_2026-01-07T06:41:20.561Z.jpg,2026-01-07 12:11:39,12,614
manual_capture_2026-01-07T06:41:21.167Z.jpg,2026-01-07 12:11:40,11,615
manual_capture_2026-01-07T06:41:21.676Z.jpg,2026-01-07 12:11:41,18,612
manual_capture_2026-01-07T06:41:22.366Z.jpg,2026-01-07 12:11:41,17,614
manual_capture_2026-01-07T06:41:22.993Z.jpg,2026-01-07 12:11:42,14,619
manual_capture_2026-01-07T06:41:23.784Z.jpg,2026-01-07 12:11:42,10,619
manual_capture_2026-01-07T06:41:24.554Z.jpg,2026-01-07 12:11:43,10,613
manual_capture_2026-01-07T06:41:25.828Z.jpg,2026-01-07 12:11:44,22,648
manual_capture_2026-01-07T06:41:27.629Z.jpg,2026-01-07 12:11:44,15,604
manual_capture_2026-01-07T06:41:30.214Z.jpg,2026-01-07 12:11:45,13,615
manual_capture_2026-01-07T06:41:30.634Z.jpg,2026-01-07 12:11:46,13,629
manual_capture_2026-01-07T06:41:30.743Z.jpg,2026-01-07 12:11:46,13,613
manual_capture_2026-01-07T06:41:32.540Z.jpg,2026-01-07 12:11:50,18,650
manual_capture_2026-01-07T06:41:33.311Z.jpg,2026-01-07 12:11:50,7,617
manual_capture_2026-01-07T06:41:33.852Z.jpg,2026-01-07 12:11:51,12,606
manual_capture_2026-01-07T06:41:34.527Z.jpg,2026-01-07 12:11:52,9,607
manual_capture_2026-01-07T06:41:34.618Z.jpg,2026-01-07 12:11:52,11,605
manual_capture_2026-01-07T06:41:36.619Z.jpg,2026-01-07 12:11:53,13,613
manual_capture_2026-01-07T06:41:37.278Z.jpg,2026-01-07 12:11:54,13,628
manual_capture_2026-01-07T06:41:37.776Z.jpg,2026-01-07 12:11:54,12,604
manual_capture_2026-01-07T06:41:38.328Z.jpg,2026-01-07 12:11:55,8,609
manual_capture_2026-01-07T06:41:39.126Z.jpg,2026-01-07 12:11:55,12,626
manual_capture_2026-01-07T06:41:39.496Z.jpg,2026-01-07 12:11:56,8,605
manual_capture_2026-01-07T06:41:39.561Z.jpg,2026-01-07 12:11:57,11,615
manual_capture_2026-01-07T06:41:40.868Z.jpg,2026-01-07 12:11:57,13,606
manual_capture_2026-01-07T06:41:41.152Z.jpg,2026-01-07 12:11:58,12,648
manual_capture_2026-01-07T06:41:41.450Z.jpg,2026-01-07 12:11:58,17,629
manual_capture_2026-01-07T06:41:41.906Z.jpg,2026-01-07 12:11:59,10,606
manual_capture_2026-01-07T06:41:42.723Z.jpg,2026-01-07 12:12:00,10,624
manual_capture_2026-01-07T06:41:43.331Z.jpg,2026-01-07 12:12:00,8,612
manual_capture_2026-01-07T06:41:43.460Z.jpg,2026-01-07 12:12:01,9,609
manual_capture_2026-01-07T06:41:43.799Z.jpg,2026-01-07 12:12:02,5,607
manual_capture_2026-01-07T06:41:44.217Z.jpg,2026-01-07 12:12:02,8,622
manual_capture_2026-01-07T06:41:44.988Z.jpg,2026-01-07 12:12:03,10,625
manual_capture_2026-01-07T06:41:45.323Z.jpg,2026-01-07 12:12:03,10,612
manual_capture_2026-01-07T06:41:45.863Z.jpg,2026-01-07 12:12:04,12,617
manual_capture_2026-01-07T06:41:46.810Z.jpg,2026-01-07 12:12:05,12,619
manual_capture_2026-01-07T06:41:47.268Z.jpg,2026-01-07 12:12:05,12,610
manual_capture_2026-01-07T06:41:47.761Z.jpg,2026-01-07 12:12:06,12,605
manual_capture_2026-01-07T06:41:48.509Z.jpg,2026-01-07 12:12:07,8,621
manual_capture_2026-01-07T06:41:49.564Z.jpg,2026-01-07 12:12:07,14,606
manual_capture_2026-01-07T06:41:50.564Z.jpg,2026-01-07 12:12:11,16,651
manual_capture_2026-01-07T06:41:51.227Z.jpg,2026-01-07 12:12:11,11,607
manual_capture_2026-01-07T06:41:52.061Z.jpg,2026-01-07 12:12:12,14,613
manual_capture_2026-01-07T06:41:52.834Z.jpg,2026-01-07 12:12:13,13,599
manual_capture_2026-01-07T06:41:53.245Z.jpg,2026-01-07 12:12:13,16,618
manual_capture_2026-01-07T06:41:54.016Z.jpg,2026-01-07 12:12:14,8,619
manual_capture_2026-01-07T06:41:54.714Z.jpg,2026-01-07 12:12:14,15,597
manual_capture_2026-01-07T06:41:54.915Z.jpg,2026-01-07 12:12:15,9,601
manual_capture_2026-01-07T06:41:55.823Z.jpg,2026-01-07 12:12:16,8,602
manual_capture_2026-01-07T06:41:56.858Z.jpg,2026-01-07 12:12:16,12,610
manual_capture_2026-01-07T06:41:57.529Z.jpg,2026-01-07 12:12:17,15,601
manual_capture_2026-01-07T06:41:58.656Z.jpg,2026-01-07 12:12:17,8,617
manual_capture_2026-01-07T06:41:58.960Z.jpg,2026-01-07 12:12:18,12,613
manual_capture_2026-01-07T06:41:59.818Z.jpg,2026-01-07 12:12:19,14,623
manual_capture_2026-01-07T06:42:00.485Z.jpg,2026-01-07 12:12:19,15,617
manual_capture_2026-01-07T06:42:01.030Z.jpg,2026-01-07 12:12:20,11,597
manual_capture_2026-01-07T06:42:02.168Z.jpg,2026-01-07 12:12:21,13,615
manual_capture_2026-01-07T06:42:02.506Z.jpg,2026-01-07 12:12:21,11,604
manual_capture_2026-01-07T06:42:03.686Z.jpg,2026-01-07 12:12:22,12,607
manual_capture_2026-01-07T06:42:04.545Z.jpg,2026-01-07 12:12:22,11,613
manual_capture_2026-01-07T06:42:04.937Z.jpg,2026-01-07 12:12:23,11,607
manual_capture_2026-01-07T06:42:05.670Z.jpg,2026-01-07 12:12:24,13,606
manual_capture_2026-01-07T06:42:06.594Z.jpg,2026-01-07 12:12:24,11,608
manual_capture_2026-01-07T06:42:07.076Z.jpg,2026-01-07 12:12:25,16,614
manual_capture_2026-01-07T06:42:09.021Z.jpg,2026-01-07 12:12:25,12,618
manual_capture_2026-01-07T06:42:09.640Z.jpg,2026-01-07 12:12:26,16,617
manual_capture_2026-01-07T06:42:10.231Z.jpg,2026-01-07 12:12:27,11,618
manual_capture_2026-01-07T06:42:11.231Z.jpg,2026-01-07 12:12:30,11,638
manual_capture_2026-01-07T06:42:12.022Z.jpg,2026-01-07 12:12:31,8,607
manual_capture_2026-01-07T06:42:13.358Z.jpg,2026-01-07 12:12:32,12,615
manual_capture_2026-01-07T06:42:13.844Z.jpg,2026-01-07 12:12:32,10,615
manual_capture_2026-01-07T06:42:14.797Z.jpg,2026-01-07 12:12:33,12,637
manual_capture_2026-01-07T06:42:15.246Z.jpg,2026-01-07 12:12:33,12,620
manual_capture_2026-01-07T06:42:15.939Z.jpg,2026-01-07 12:12:34,11,601
manual_capture_2026-01-07T06:42:16.077Z.jpg,2026-01-07 12:12:35,11,615
manual_capture_2026-01-07T06:42:16.538Z.jpg,2026-01-07 12:12:35,9,621
manual_capture_2026-01-07T06:42:17.145Z.jpg,2026-01-07 12:12:36,6,621
manual_capture_2026-01-07T06:42:17.532Z.jpg,2026-01-07 12:12:37,8,607
manual_capture_2026-01-07T06:42:17.922Z.jpg,2026-01-07 12:12:37,9,606
manual_capture_2026-01-07T06:42:18.326Z.jpg,2026-01-07 12:12:38,13,608
manual_capture_2026-01-07T06:42:18.437Z.jpg,2026-01-07 12:12:38,11,611
manual_capture_2026-01-07T06:42:19.203Z.jpg,2026-01-07 12:12:39,13,619
manual_capture_2026-01-07T06:42:20.498Z.jpg,2026-01-07 12:12:40,15,618
manual_capture_2026-01-07T06:42:21.570Z.jpg,2026-01-07 12:12:40,14,611
manual_capture_2026-01-07T06:42:22.031Z.jpg,2026-01-07 12:12:41,13,607
manual_capture_2026-01-07T06:42:23.236Z.jpg,2026-01-07 12:12:41,9,614
manual_capture_2026-01-07T06:42:23.574Z.jpg,2026-01-07 12:12:42,11,602
manual_capture_2026-01-07T06:42:23.908Z.jpg,2026-01-07 12:12:43,10,603
manual_capture_2026-01-07T06:42:23.954Z.jpg,2026-01-07 12:12:43,9,619
manual_capture_2026-01-07T06:42:24.176Z.jpg,2026-01-07 12:12:44,12,618
manual_capture_2026-01-07T06:42:25.382Z.jpg,2026-01-07 12:12:45,12,615
manual_capture_2026-01-07T06:42:26.062Z.jpg,2026-01-07 12:12:45,13,602
manual_capture_2026-01-07T06:42:26.630Z.jpg,2026-01-07 12:12:46,12,616
manual_capture_2026-01-07T06:42:26.649Z.jpg,2026-01-07 12:12:46,15,614
manual_capture_2026-01-07T06:42:27.534Z.jpg,2026-01-07 12:12:47,13,614
manual_capture_2026-01-07T06:42:28.255Z.jpg,2026-01-07 12:12:48,9,615
manual_capture_2026-01-07T06:42:28.686Z.jpg,2026-01-07 12:12:48,15,611
manual_capture_2026-01-07T06:42:29.436Z.jpg,2026-01-07 12:12:49,9,601
manual_capture_2026-01-07T06:42:29.751Z.jpg,2026-01-07 12:12:49,12,617
manual_capture_2026-01-07T06:42:30.872Z.jpg,2026-01-07 12:12:53,11,652
manual_capture_2026-01-07T06:42:31.674Z.jpg,2026-01-07 12:12:54,16,609
manual_capture_2026-01-07T06:42:31.784Z.jpg,2026-01-07 12:12:54,14,603
manual_capture_2026-01-07T06:42:32.748Z.jpg,2026-01-07 12:12:55,10,619
manual_capture_2026-01-07T06:42:33.249Z.jpg,2026-01-07 12:12:56,13,635
manual_capture_2026-01-07T06:42:33.480Z.jpg,2026-01-07 12:12:56,8,623
manual_capture_2026-01-07T06:42:33.835Z.jpg,2026-01-07 12:12:57,9,617
manual_capture_2026-01-07T06:42:34.658Z.jpg,2026-01-07 12:12:57,11,627
manual_capture_2026-01-07T06:42:35.103Z.jpg,2026-01-07 12:12:58,11,608
manual_capture_2026-01-07T06:42:35.587Z.jpg,2026-01-07 12:12:59,17,616
manual_capture_2026-01-07T06:42:35.743Z.jpg,2026-01-07 12:12:59,10,621
manual_capture_2026-01-07T06:42:36.569Z.jpg,2026-01-07 12:13:00,7,607
manual_capture_2026-01-07T06:42:37.053Z.jpg,2026-01-07 12:13:01,9,621
manual_capture_2026-01-07T06:42:37.397Z.jpg,2026-01-07 12:13:01,11,606
manual_capture_2026-01-07T06:42:38.210Z.jpg,2026-01-07 12:13:02,8,627
manual_capture_2026-01-07T06:42:38.693Z.jpg,2026-01-07 12:13:02,13,612
manual_capture_2026-01-07T06:42:38.821Z.jpg,2026-01-07 12:13:03,10,617
manual_capture_2026-01-07T06:42:39.791Z.jpg,2026-01-07 12:13:04,11,613
manual_capture_2026-01-07T06:42:39.961Z.jpg,2026-01-07 12:13:04,12,622
manual_capture_2026-01-07T06:42:40.658Z.jpg,2026-01-07 12:13:05,9,613
manual_capture_2026-01-07T06:42:41.508Z.jpg,2026-01-07 12:13:05,14,608
manual_capture_2026-01-07T06:42:41.646Z.jpg,2026-01-07 12:13:06,8,610
manual_capture_2026-01-07T06:42:42.483Z.jpg,2026-01-07 12:13:07,10,617
manual_capture_2026-01-07T06:42:43.165Z.jpg,2026-01-07 12:13:07,12,615
manual_capture_2026-01-07T06:42:43.797Z.jpg,2026-01-07 12:13:08,7,607
manual_capture_2026-01-07T06:42:44.119Z.jpg,2026-01-07 12:13:09,12,608
manual_capture_2026-01-07T06:42:44.699Z.jpg,2026-01-07 12:13:09,10,615
manual_capture_2026-01-07T06:42:45.207Z.jpg,2026-01-07 12:13:10,14,605
manual_capture_2026-01-07T06:42:45.556Z.jpg,2026-01-07 12:13:10,9,611
manual_capture_2026-01-07T06:42:45.677Z.jpg,2026-01-07 12:13:11,12,616
manual_capture_2026-01-07T06:42:46.003Z.jpg,2026-01-07 12:13:12,9,609
manual_capture_2026-01-07T06:42:46.565Z.jpg,2026-01-07 12:13:12,10,608
manual_capture_2026-01-07T06:42:47.225Z.jpg,2026-01-07 12:13:13,11,616
manual_capture_2026-01-07T06:42:47.756Z.jpg,2026-01-07 12:13:13,12,621
manual_capture_2026-01-07T06:42:48.580Z.jpg,2026-01-07 12:13:14,13,613
manual_capture_2026-01-07T06:42:49.079Z.jpg,2026-01-07 12:13:15,15,615
manual_capture_2026-01-07T06:42:49.788Z.jpg,2026-01-07 12:13:15,12,612
manual_capture_2026-01-07T06:42:49.920Z.jpg,2026-01-07 12:13:16,13,614
manual_capture_2026-01-07T06:42:50.271Z.jpg,2026-01-07 12:13:17,7,621
manual_capture_2026-01-07T06:42:50.994Z.jpg,2026-01-07 12:13:17,11,601
manual_capture_2026-01-07T06:42:51.128Z.jpg,2026-01-07 12:13:18,9,603
manual_capture_2026-01-07T06:42:51.854Z.jpg,2026-01-07 12:13:18,9,610
manual_capture_2026-01-07T06:42:51.904Z.jpg,2026-01-07 12:13:19,9,611
manual_capture_2026-01-07T06:42:52.301Z.jpg,2026-01-07 12:13:20,11,613
manual_capture_2026-01-07T06:42:53.292Z.jpg,2026-01-07 12:13:23,9,636
manual_capture_2026-01-07T06:42:53.317Z.jpg,2026-01-07 12:13:24,12,620
manual_capture_2026-01-07T06:42:54.756Z.jpg,2026-01-07 12:13:25,16,637
manual_capture_2026-01-07T06:42:55.104Z.jpg,2026-01-07 12:13:25,9,612
manual_capture_2026-01-07T06:42:55.246Z.jpg,2026-01-07 12:13:26,10,611
manual_capture_2026-01-07T06:42:55.894Z.jpg,2026-01-07 12:13:26,7,616
manual_capture_2026-01-07T06:42:55.998Z.jpg,2026-01-07 12:13:27,10,625
manual_capture_2026-01-07T06:42:56.963Z.jpg,2026-01-07 12:13:28,7,606
manual_capture_2026-01-07T06:42:57.654Z.jpg,2026-01-07 12:13:28,12,610
manual_capture_2026-01-07T06:42:57.946Z.jpg,2026-01-07 12:13:29,8,626
manual_capture_2026-01-07T06:42:58.387Z.jpg,2026-01-07 12:13:29,16,620
manual_capture_2026-01-07T06:43:00.239Z.jpg,2026-01-07 12:13:30,12,618
manual_capture_2026-01-07T06:43:01.020Z.jpg,2026-01-07 12:13:31,16,616
manual_capture_2026-01-07T06:43:01.349Z.jpg,2026-01-07 12:13:31,14,617
manual_capture_2026-01-07T06:43:02.470Z.jpg,2026-01-07 12:13:32,14,604
manual_capture_2026-01-07T06:43:02.965Z.jpg,2026-01-07 12:13:33,12,616
manual_capture_2026-01-07T06:43:03.133Z.jpg,2026-01-07 12:13:33,19,628
manual_capture_2026-01-07T06:43:04.025Z.jpg,2026-01-07 12:13:34,14,605
manual_capture_2026-01-07T06:43:04.633Z.jpg,2026-01-07 12:13:34,17,620
manual_capture_2026-01-07T06:43:04.791Z.jpg,2026-01-07 12:13:35,10,610
manual_capture_2026-01-07T06:43:05.237Z.jpg,2026-01-07 12:13:36,13,610
manual_capture_2026-01-07T06:43:05.622Z.jpg,2026-01-07 12:13:36,14,618
manual_capture_2026-01-07T06:43:06.103Z.jpg,2026-01-07 12:13:37,12,624
manual_capture_2026-01-07T06:43:06.600Z.jpg,2026-01-07 12:13:38,10,611
manual_capture_2026-01-07T06:43:07.248Z.jpg,2026-01-07 12:13:38,12,603
manual_capture_2026-01-07T06:43:08.397Z.jpg,2026-01-07 12:13:39,8,621
manual_capture_2026-01-07T06:43:08.838Z.jpg,2026-01-07 12:13:39,11,619
manual_capture_2026-01-07T06:43:09.464Z.jpg,2026-01-07 12:13:40,7,599
manual_capture_2026-01-07T06:43:10.303Z.jpg,2026-01-07 12:13:41,12,614
manual_capture_2026-01-07T06:43:10.621Z.jpg,2026-01-07 12:13:41,11,614
manual_capture_2026-01-07T06:43:11.170Z.jpg,2026-01-07 12:13:42,11,614
manual_capture_2026-01-07T06:43:12.219Z.jpg,2026-01-07 12:13:42,9,612
manual_capture_2026-01-07T06:43:12.971Z.jpg,2026-01-07 12:13:43,9,619
manual_capture_2026-01-07T06:43:13.793Z.jpg,2026-01-07 12:13:44,11,618
manual_capture_2026-01-07T06:43:14.039Z.jpg,2026-01-07 12:13:44,11,611
manual_capture_2026-01-07T06:43:15.650Z.jpg,2026-01-07 12:13:45,12,615
manual_capture_2026-01-07T06:43:16.685Z.jpg,2026-01-07 12:13:46,10,610
manual_capture_2026-01-07T06:43:17.599Z.jpg,2026-01-07 12:13:46,12,604
manual_capture_2026-01-07T06:43:18.187Z.jpg,2026-01-07 12:13:47,14,621
manual_capture_2026-01-07T06:43:18.441Z.jpg,2026-01-07 12:13:47,11,628
manual_capture_2026-01-07T06:43:19.440Z.jpg,2026-01-07 12:13:48,15,609
manual_capture_2026-01-07T06:43:19.884Z.jpg,2026-01-07 12:13:49,15,611
manual_capture_2026-01-07T06:43:20.639Z.jpg,2026-01-07 12:13:49,11,604
manual_capture_2026-01-07T06:43:21.238Z.jpg,2026-01-07 12:13:50,11,621
manual_capture_2026-01-07T06:43:21.863Z.jpg,2026-01-07 12:13:50,11,600
manual_capture_2026-01-07T06:43:23.195Z.jpg,2026-01-07 12:13:54,13,642
manual_capture_2026-01-07T06:43:24.041Z.jpg,2026-01-07 12:13:55,15,627
manual_capture_2026-01-07T06:43:24.834Z.jpg,2026-01-07 12:13:55,13,613
manual_capture_2026-01-07T06:43:25.586Z.jpg,2026-01-07 12:13:56,13,621
manual_capture_2026-01-07T06:43:26.327Z.jpg,2026-01-07 12:13:57,16,615
manual_capture_2026-01-07T06:43:26.906Z.jpg,2026-01-07 12:13:57,18,618
manual_capture_2026-01-07T06:43:27.749Z.jpg,2026-01-07 12:13:58,20,610
manual_capture_2026-01-07T06:43:28.854Z.jpg,2026-01-07 12:13:58,14,610
manual_capture_2026-01-07T06:43:29.751Z.jpg,2026-01-07 12:13:59,13,613
manual_capture_2026-01-07T06:43:30.269Z.jpg,2026-01-07 12:14:00,12,619
manual_capture_2026-01-07T06:43:30.844Z.jpg,2026-01-07 12:14:00,12,615
manual_capture_2026-01-07T06:43:31.480Z.jpg,2026-01-07 12:14:01,11,613
manual_capture_2026-01-07T06:43:32.432Z.jpg,2026-01-07 12:14:02,17,626
manual_capture_2026-01-07T06:43:33.528Z.jpg,2026-01-07 12:14:02,11,615
manual_capture_2026-01-07T06:43:34.233Z.jpg,2026-01-07 12:14:03,10,608
manual_capture_2026-01-07T06:43:34.442Z.jpg,2026-01-07 12:14:03,14,608
manual_capture_2026-01-07T06:43:35.645Z.jpg,2026-01-07 12:14:04,15,605
manual_capture_2026-01-07T06:43:36.394Z.jpg,2026-01-07 12:14:05,16,612
manual_capture_2026-01-07T06:43:37.123Z.jpg,2026-01-07 12:14:05,12,617
manual_capture_2026-01-07T06:43:37.686Z.jpg,2026-01-07 12:14:06,14,616
manual_capture_2026-01-07T06:43:38.028Z.jpg,2026-01-07 12:14:06,12,611
manual_capture_2026-01-07T06:43:38.163Z.jpg,2026-01-07 12:14:07,17,618
manual_capture_2026-01-07T06:43:38.617Z.jpg,2026-01-07 12:14:08,10,612
manual_capture_2026-01-07T06:43:39.301Z.jpg,2026-01-07 12:14:08,9,609
manual_capture_2026-01-07T06:43:40.669Z.jpg,2026-01-07 12:14:09,10,610
manual_capture_2026-01-07T06:43:41.096Z.jpg,2026-01-07 12:14:10,11,610
manual_capture_2026-01-07T06:43:41.678Z.jpg,2026-01-07 12:14:10,10,605
manual_capture_2026-01-07T06:43:42.428Z.jpg,2026-01-07 12:14:11,13,623
manual_capture_2026-01-07T06:43:44.054Z.jpg,2026-01-07 12:14:11,9,608
manual_capture_2026-01-07T06:43:45.303Z.jpg,2026-01-07 12:14:12,14,612
manual_capture_2026-01-07T06:43:46.356Z.jpg,2026-01-07 12:14:13,12,609
manual_capture_2026-01-07T06:43:47.180Z.jpg,2026-01-07 12:14:13,12,601
manual_capture_2026-01-07T06:43:47.826Z.jpg,2026-01-07 12:14:14,16,611
manual_capture_2026-01-07T06:43:49.426Z.jpg,2026-01-07 12:14:14,14,599
manual_capture_2026-01-07T06:43:50.710Z.jpg,2026-01-07 12:14:15,11,607
manual_capture_2026-01-07T06:43:51.823Z.jpg,2026-01-07 12:14:16,10,616
manual_capture_2026-01-07T06:43:52.419Z.jpg,2026-01-07 12:14:16,12,615
manual_capture_2026-01-07T06:43:52.556Z.jpg,2026-01-07 12:14:17,12,607
manual_capture_2026-01-07T06:43:53.604Z.jpg,2026-01-07 12:14:17,10,619
manual_capture_2026-01-07T06:43:53.964Z.jpg,2026-01-07 12:14:21,9,641
manual_capture_2026-01-07T06:43:54.069Z.jpg,2026-01-07 12:14:22,12,635
manual_capture_2026-01-07T06:43:54.874Z.jpg,2026-01-07 12:14:22,9,607
manual_capture_2026-01-07T06:43:55.033Z.jpg,2026-01-07 12:14:23,10,605
manual_capture_2026-01-07T06:43:56.144Z.jpg,2026-01-07 12:14:24,10,614
manual_capture_2026-01-07T06:43:56.437Z.jpg,2026-01-07 12:14:24,11,625
manual_capture_2026-01-07T06:43:57.019Z.jpg,2026-01-07 12:14:25,13,616
manual_capture_2026-01-07T06:43:57.680Z.jpg,2026-01-07 12:14:25,10,608
manual_capture_2026-01-07T06:43:58.307Z.jpg,2026-01-07 12:14:26,10,602
manual_capture_2026-01-07T06:43:58.786Z.jpg,2026-01-07 12:14:27,10,602
manual_capture_2026-01-07T06:43:59.607Z.jpg,2026-01-07 12:14:27,12,607
manual_capture_2026-01-07T06:44:00.328Z.jpg,2026-01-07 12:14:28,12,616
manual_capture_2026-01-07T06:44:00.390Z.jpg,2026-01-07 12:14:29,12,618
manual_capture_2026-01-07T06:44:01.120Z.jpg,2026-01-07 12:14:29,14,628
manual_capture_2026-01-07T06:44:01.458Z.jpg,2026-01-07 12:14:30,12,621
manual_capture_2026-01-07T06:44:01.568Z.jpg,2026-01-07 12:14:30,12,620
manual_capture_2026-01-07T06:44:02.358Z.jpg,2026-01-07 12:14:31,13,608
manual_capture_2026-01-07T06:44:02.461Z.jpg,2026-01-07 12:14:32,16,613
manual_capture_2026-01-07T06:44:03.372Z.jpg,2026-01-07 12:14:32,9,619
manual_capture_2026-01-07T06:44:03.590Z.jpg,2026-01-07 12:14:33,12,609
manual_capture_2026-01-07T06:44:04.353Z.jpg,2026-01-07 12:14:33,14,619
manual_capture_2026-01-07T06:44:04.486Z.jpg,2026-01-07 12:14:34,15,620
manual_capture_2026-01-07T06:44:04.727Z.jpg,2026-01-07 12:14:35,19,615
manual_capture_2026-01-07T06:44:05.082Z.jpg,2026-01-07 12:14:35,13,615
manual_capture_2026-01-07T06:44:05.556Z.jpg,2026-01-07 12:14:36,16,613
manual_capture_2026-01-07T06:44:05.795Z.jpg,2026-01-07 12:14:37,17,617
manual_capture_2026-01-07T06:44:07.045Z.jpg,2026-01-07 12:14:37,8,603
manual_capture_2026-01-07T06:44:07.886Z.jpg,2026-01-07 12:14:38,12,615
manual_capture_2026-01-07T06:44:08.534Z.jpg,2026-01-07 12:14:38,12,609
manual_capture_2026-01-07T06:44:09.049Z.jpg,2026-01-07 12:14:39,10,620
manual_capture_2026-01-07T06:44:09.386Z.jpg,2026-01-07 12:14:40,13,610
manual_capture_2026-01-07T06:44:09.776Z.jpg,2026-01-07 12:14:40,10,618
manual_capture_2026-01-07T06:44:10.677Z.jpg,2026-01-07 12:14:41,10,612
manual_capture_2026-01-07T06:44:10.778Z.jpg,2026-01-07 12:14:41,12,610
manual_capture_2026-01-07T06:44:11.367Z.jpg,2026-01-07 12:14:42,12,617
manual_capture_2026-01-07T06:44:12.080Z.jpg,2026-01-07 12:14:43,8,631
manual_capture_2026-01-07T06:44:12.343Z.jpg,2026-01-07 12:14:43,11,606
manual_capture_2026-01-07T06:44:12.669Z.jpg,2026-01-07 12:14:44,10,621
manual_capture_2026-01-07T06:44:13.025Z.jpg,2026-01-07 12:14:45,7,620
manual_capture_2026-01-07T06:44:13.253Z.jpg,2026-01-07 12:14:45,10,608
manual_capture_2026-01-07T06:44:14.045Z.jpg,2026-01-07 12:14:46,11,626
manual_capture_2026-01-07T06:44:15.148Z.jpg,2026-01-07 12:14:46,12,618
manual_capture_2026-01-07T06:44:15.694Z.jpg,2026-01-07 12:14:47,6,598
manual_capture_2026-01-07T06:44:16.327Z.jpg,2026-01-07 12:14:48,9,608
manual_capture_2026-01-07T06:44:16.777Z.jpg,2026-01-07 12:14:48,9,613
manual_capture_2026-01-07T06:44:17.763Z.jpg,2026-01-07 12:14:49,11,621
manual_capture_2026-01-07T06:44:18.278Z.jpg,2026-01-07 12:14:50,12,611
manual_capture_2026-01-07T06:44:19.107Z.jpg,2026-01-07 12:14:50,10,605
manual_capture_2026-01-07T06:44:19.734Z.jpg,2026-01-07 12:14:51,11,601
manual_capture_2026-01-07T06:44:20.074Z.jpg,2026-01-07 12:14:51,9,602
manual_capture_2026-01-07T06:44:20.449Z.jpg,2026-01-07 12:14:52,10,624
manual_capture_2026-01-07T06:44:21.574Z.jpg,2026-01-07 12:14:56,6,655
manual_capture_2026-01-07T06:44:22.247Z.jpg,2026-01-07 12:14:56,14,617
manual_capture_2026-01-07T06:44:23.815Z.jpg,2026-01-07 12:14:57,13,607
manual_capture_2026-01-07T06:44:25.119Z.jpg,2026-01-07 12:14:57,13,612
manual_capture_2026-01-07T06:44:25.934Z.jpg,2026-01-07 12:14:58,14,601
manual_capture_2026-01-07T06:44:26.257Z.jpg,2026-01-07 12:14:59,8,609
manual_capture_2026-01-07T06:44:27.206Z.jpg,2026-01-07 12:14:59,10,602
manual_capture_2026-01-07T06:44:27.654Z.jpg,2026-01-07 12:15:00,12,629
manual_capture_2026-01-07T06:44:28.306Z.jpg,2026-01-07 12:15:01,11,615
manual_capture_2026-01-07T06:44:29.635Z.jpg,2026-01-07 12:15:01,11,617
manual_capture_2026-01-07T06:44:30.052Z.jpg,2026-01-07 12:15:02,13,603
manual_capture_2026-01-07T06:44:30.764Z.jpg,2026-01-07 12:15:02,12,631
manual_capture_2026-01-07T06:44:31.100Z.jpg,2026-01-07 12:15:03,15,603
manual_capture_2026-01-07T06:44:31.843Z.jpg,2026-01-07 12:15:04,10,616
manual_capture_2026-01-07T06:44:32.687Z.jpg,2026-01-07 12:15:04,12,618
manual_capture_2026-01-07T06:44:32.896Z.jpg,2026-01-07 12:15:05,18,620
manual_capture_2026-01-07T06:44:33.719Z.jpg,2026-01-07 12:15:05,18,613
manual_capture_2026-01-07T06:44:33.918Z.jpg,2026-01-07 12:15:06,14,604
manual_capture_2026-01-07T06:44:35.377Z.jpg,2026-01-07 12:15:07,13,615
manual_capture_2026-01-07T06:44:36.248Z.jpg,2026-01-07 12:15:07,13,614
manual_capture_2026-01-07T06:44:36.833Z.jpg,2026-01-07 12:15:08,14,609
manual_capture_2026-01-07T06:44:38.078Z.jpg,2026-01-07 12:15:09,16,627
manual_capture_2026-01-07T06:44:38.727Z.jpg,2026-01-07 12:15:09,15,610
manual_capture_2026-01-07T06:44:39.204Z.jpg,2026-01-07 12:15:10,13,618
manual_capture_2026-01-07T06:44:39.426Z.jpg,2026-01-07 12:15:10,14,615
manual_capture_2026-01-07T06:44:40.132Z.jpg,2026-01-07 12:15:11,13,609
manual_capture_2026-01-07T06:44:40.210Z.jpg,2026-01-07 12:15:12,11,626
manual_capture_2026-01-07T06:44:41.348Z.jpg,2026-01-07 12:15:12,11,610
manual_capture_2026-01-07T06:44:42.069Z.jpg,2026-01-07 12:15:13,13,613
manual_capture_2026-01-07T06:44:42.775Z.jpg,2026-01-07 12:15:14,13,607
manual_capture_2026-01-07T06:44:43.130Z.jpg,2026-01-07 12:15:14,17,615
manual_capture_2026-01-07T06:44:43.402Z.jpg,2026-01-07 12:15:15,15,614
manual_capture_2026-01-07T06:44:44.091Z.jpg,2026-01-07 12:15:15,13,600
manual_capture_2026-01-07T06:44:44.744Z.jpg,2026-01-07 12:15:16,15,605
manual_capture_2026-01-07T06:44:45.411Z.jpg,2026-01-07 12:15:17,15,620
manual_capture_2026-01-07T06:44:45.808Z.jpg,2026-01-07 12:15:17,12,614
manual_capture_2026-01-07T06:44:46.262Z.jpg,2026-01-07 12:15:18,15,607
manual_capture_2026-01-07T06:44:46.319Z.jpg,2026-01-07 12:15:18,17,613
manual_capture_2026-01-07T06:44:46.894Z.jpg,2026-01-07 12:15:19,17,603
manual_capture_2026-01-07T06:44:47.778Z.jpg,2026-01-07 12:15:20,19,619
manual_capture_2026-01-07T06:44:48.280Z.jpg,2026-01-07 12:15:20,11,606
manual_capture_2026-01-07T06:44:48.936Z.jpg,2026-01-07 12:15:21,14,618
manual_capture_2026-01-07T06:44:49.941Z.jpg,2026-01-07 12:15:22,10,626
manual_capture_2026-01-07T06:44:50.339Z.jpg,2026-01-07 12:15:22,18,621
manual_capture_2026-01-07T06:44:51.118Z.jpg,2026-01-07 12:15:23,15,613
manual_capture_2026-01-07T06:44:51.678Z.jpg,2026-01-07 12:15:23,14,616
manual_capture_2026-01-07T06:44:52.007Z.jpg,2026-01-07 12:15:24,12,609
manual_capture_2026-01-07T06:44:53.145Z.jpg,2026-01-07 12:15:25,16,607
manual_capture_2026-01-07T06:44:53.735Z.jpg,2026-01-07 12:15:25,14,602
manual_capture_2026-01-07T06:44:55.051Z.jpg,2026-01-07 12:15:26,17,616
manual_capture_2026-01-07T06:44:56.076Z.jpg,2026-01-07 12:15:29,17,667
manual_capture_2026-01-07T06:44:57.465Z.jpg,2026-01-07 12:15:30,18,624
manual_capture_2026-01-07T06:44:57.630Z.jpg,2026-01-07 12:15:31,18,610
manual_capture_2026-01-07T06:44:58.339Z.jpg,2026-01-07 12:15:31,13,615
manual_capture_2026-01-07T06:44:58.847Z.jpg,2026-01-07 12:15:32,16,623
manual_capture_2026-01-07T06:44:59.583Z.jpg,2026-01-07 12:15:33,18,635
manual_capture_2026-01-07T06:45:00.130Z.jpg,2026-01-07 12:15:33,21,618
manual_capture_2026-01-07T06:45:01.072Z.jpg,2026-01-07 12:15:34,18,630
manual_capture_2026-01-07T06:45:01.364Z.jpg,2026-01-07 12:15:34,16,596
manual_capture_2026-01-07T06:45:02.433Z.jpg,2026-01-07 12:15:35,17,605
manual_capture_2026-01-07T06:45:02.827Z.jpg,2026-01-07 12:15:36,14,609
manual_capture_2026-01-07T06:45:04.560Z.jpg,2026-01-07 12:15:36,13,615
manual_capture_2026-01-07T06:45:05.343Z.jpg,2026-01-07 12:15:37,16,616
manual_capture_2026-01-07T06:45:05.928Z.jpg,2026-01-07 12:15:38,15,624
manual_capture_2026-01-07T06:45:06.917Z.jpg,2026-01-07 12:15:38,16,605
manual_capture_2026-01-07T06:45:07.369Z.jpg,2026-01-07 12:15:39,9,608
manual_capture_2026-01-07T06:45:08.008Z.jpg,2026-01-07 12:15:39,14,624
manual_capture_2026-01-07T06:45:08.184Z.jpg,2026-01-07 12:15:40,8,612
manual_capture_2026-01-07T06:45:08.852Z.jpg,2026-01-07 12:15:41,9,630
manual_capture_2026-01-07T06:45:09.330Z.jpg,2026-01-07 12:15:41,8,617
manual_capture_2026-01-07T06:45:09.737Z.jpg,2026-01-07 12:15:42,9,605
manual_capture_2026-01-07T06:45:10.363Z.jpg,2026-01-07 12:15:42,6,623
manual_capture_2026-01-07T06:45:10.503Z.jpg,2026-01-07 12:15:43,10,616
manual_capture_2026-01-07T06:45:11.963Z.jpg,2026-01-07 12:15:44,9,623
manual_capture_2026-01-07T06:45:12.118Z.jpg,2026-01-07 12:15:44,8,603
manual_capture_2026-01-07T06:45:13.718Z.jpg,2026-01-07 12:15:45,11,624
manual_capture_2026-01-07T06:45:13.972Z.jpg,2026-01-07 12:15:46,11,612
manual_capture_2026-01-07T06:45:15.074Z.jpg,2026-01-07 12:15:46,5,612
manual_capture_2026-01-07T06:45:15.832Z.jpg,2026-01-07 12:15:47,17,618
manual_capture_2026-01-07T06:45:16.631Z.jpg,2026-01-07 12:15:47,10,617
manual_capture_2026-01-07T06:45:17.737Z.jpg,2026-01-07 12:15:48,8,631
manual_capture_2026-01-07T06:45:18.959Z.jpg,2026-01-07 12:15:49,6,613
manual_capture_2026-01-07T06:45:19.792Z.jpg,2026-01-07 12:15:49,11,620
manual_capture_2026-01-07T06:45:20.238Z.jpg,2026-01-07 12:15:50,9,613
manual_capture_2026-01-07T06:45:21.609Z.jpg,2026-01-07 12:15:51,8,627
manual_capture_2026-01-07T06:45:22.588Z.jpg,2026-01-07 12:15:51,9,612
manual_capture_2026-01-07T06:45:23.328Z.jpg,2026-01-07 12:15:52,10,613
manual_capture_2026-01-07T06:45:24.215Z.jpg,2026-01-07 12:15:52,10,619
manual_capture_2026-01-07T06:45:25.361Z.jpg,2026-01-07 12:15:53,11,609
manual_capture_2026-01-07T06:45:25.964Z.jpg,2026-01-07 12:15:54,10,612
manual_capture_2026-01-07T06:45:26.552Z.jpg,2026-01-07 12:15:54,6,619
manual_capture_2026-01-07T06:45:26.786Z.jpg,2026-01-07 12:15:55,5,634
manual_capture_2026-01-07T06:45:28.286Z.jpg,2026-01-07 12:15:56,4,624
manual_capture_2026-01-07T06:45:29.385Z.jpg,2026-01-07 12:15:59,6,648
manual_capture_2026-01-07T06:45:29.780Z.jpg,2026-01-07 12:16:00,8,625
manual_capture_2026-01-07T06:45:30.690Z.jpg,2026-01-07 12:16:00,6,616
manual_capture_2026-01-07T06:45:31.122Z.jpg,2026-01-07 12:16:01,13,610
manual_capture_2026-01-07T06:45:31.595Z.jpg,2026-01-07 12:16:02,5,613
manual_capture_2026-01-07T06:45:32.030Z.jpg,2026-01-07 12:16:02,7,617
manual_capture_2026-01-07T06:45:32.460Z.jpg,2026-01-07 12:16:03,11,640
manual_capture_2026-01-07T06:45:32.625Z.jpg,2026-01-07 12:16:04,10,643
manual_capture_2026-01-07T06:45:33.939Z.jpg,2026-01-07 12:16:04,11,615
manual_capture_2026-01-07T06:45:35.258Z.jpg,2026-01-07 12:16:05,10,613
manual_capture_2026-01-07T06:45:35.393Z.jpg,2026-01-07 12:16:05,14,609
manual_capture_2026-01-07T06:45:36.101Z.jpg,2026-01-07 12:16:06,7,601
manual_capture_2026-01-07T06:45:36.415Z.jpg,2026-01-07 12:16:07,9,605
manual_capture_2026-01-07T06:45:37.314Z.jpg,2026-01-07 12:16:07,7,601
manual_capture_2026-01-07T06:45:38.090Z.jpg,2026-01-07 12:16:08,6,611
manual_capture_2026-01-07T06:45:38.314Z.jpg,2026-01-07 12:16:08,9,616
manual_capture_2026-01-07T06:45:39.298Z.jpg,2026-01-07 12:16:09,8,606
manual_capture_2026-01-07T06:45:39.693Z.jpg,2026-01-07 12:16:10,5,594
manual_capture_2026-01-07T06:45:39.799Z.jpg,2026-01-07 12:16:10,6,604
manual_capture_2026-01-07T06:45:40.227Z.jpg,2026-01-07 12:16:11,7,613
manual_capture_2026-01-07T06:45:40.530Z.jpg,2026-01-07 12:16:11,9,607
manual_capture_2026-01-07T06:45:40.910Z.jpg,2026-01-07 12:16:12,10,633
manual_capture_2026-01-07T06:45:41.520Z.jpg,2026-01-07 12:16:13,11,660
manual_capture_2026-01-07T06:45:41.884Z.jpg,2026-01-07 12:16:13,16,624
manual_capture_2026-01-07T06:45:42.806Z.jpg,2026-01-07 12:16:14,14,620
manual_capture_2026-01-07T06:45:43.132Z.jpg,2026-01-07 12:16:15,13,611
manual_capture_2026-01-07T06:45:44.215Z.jpg,2026-01-07 12:16:15,13,625
manual_capture_2026-01-07T06:45:44.704Z.jpg,2026-01-07 12:16:16,11,620
manual_capture_2026-01-07T06:45:45.199Z.jpg,2026-01-07 12:16:17,16,618
manual_capture_2026-01-07T06:45:46.902Z.jpg,2026-01-07 12:16:17,5,603
manual_capture_2026-01-07T06:45:47.973Z.jpg,2026-01-07 12:16:18,13,612
manual_capture_2026-01-07T06:45:48.662Z.jpg,2026-01-07 12:16:18,12,602
manual_capture_2026-01-07T06:45:49.461Z.jpg,2026-01-07 12:16:19,9,610
manual_capture_2026-01-07T06:45:49.819Z.jpg,2026-01-07 12:16:20,9,606
manual_capture_2026-01-07T06:45:50.703Z.jpg,2026-01-07 12:16:20,9,626
manual_capture_2026-01-07T06:45:51.493Z.jpg,2026-01-07 12:16:21,11,624
manual_capture_2026-01-07T06:45:52.107Z.jpg,2026-01-07 12:16:21,11,620
manual_capture_2026-01-07T06:45:52.421Z.jpg,2026-01-07 12:16:22,7,610
manual_capture_2026-01-07T06:45:53.608Z.jpg,2026-01-07 12:16:23,8,629
manual_capture_2026-01-07T06:45:54.624Z.jpg,2026-01-07 12:16:23,11,603
manual_capture_2026-01-07T06:45:55.197Z.jpg,2026-01-07 12:16:24,12,628
manual_capture_2026-01-07T06:45:56.831Z.jpg,2026-01-07 12:16:25,13,616
manual_capture_2026-01-07T06:45:57.463Z.jpg,2026-01-07 12:16:25,12,618
manual_capture_2026-01-07T06:45:58.139Z.jpg,2026-01-07 12:16:26,12,610
manual_capture_2026-01-07T06:45:59.350Z.jpg,2026-01-07 12:16:29,9,649
manual_capture_2026-01-07T06:46:00.124Z.jpg,2026-01-07 12:16:30,12,618
manual_capture_2026-01-07T06:46:00.807Z.jpg,2026-01-07 12:16:31,8,606
manual_capture_2026-01-07T06:46:01.519Z.jpg,2026-01-07 12:16:31,12,606
manual_capture_2026-01-07T06:46:02.393Z.jpg,2026-01-07 12:16:32,11,623
manual_capture_2026-01-07T06:46:03.076Z.jpg,2026-01-07 12:16:33,8,618
manual_capture_2026-01-07T06:46:03.439Z.jpg,2026-01-07 12:16:33,14,610
manual_capture_2026-01-07T06:46:03.947Z.jpg,2026-01-07 12:16:34,13,610
manual_capture_2026-01-07T06:46:05.176Z.jpg,2026-01-07 12:16:34,13,614
manual_capture_2026-01-07T06:46:05.943Z.jpg,2026-01-07 12:16:35,15,598
manual_capture_2026-01-07T06:46:06.321Z.jpg,2026-01-07 12:16:36,15,616
manual_capture_2026-01-07T06:46:07.278Z.jpg,2026-01-07 12:16:36,16,626
manual_capture_2026-01-07T06:46:07.948Z.jpg,2026-01-07 12:16:37,13,609
manual_capture_2026-01-07T06:46:08.266Z.jpg,2026-01-07 12:16:37,14,627
manual_capture_2026-01-07T06:46:08.963Z.jpg,2026-01-07 12:16:38,9,612
manual_capture_2026-01-07T06:46:10.235Z.jpg,2026-01-07 12:16:39,12,599
manual_capture_2026-01-07T06:46:10.882Z.jpg,2026-01-07 12:16:39,12,609
manual_capture_2026-01-07T06:46:11.270Z.jpg,2026-01-07 12:16:40,10,613
manual_capture_2026-01-07T06:46:11.795Z.jpg,2026-01-07 12:16:41,11,626
manual_capture_2026-01-07T06:46:12.433Z.jpg,2026-01-07 12:16:41,10,611
manual_capture_2026-01-07T06:46:12.794Z.jpg,2026-01-07 12:16:42,10,610
manual_capture_2026-01-07T06:46:13.232Z.jpg,2026-01-07 12:16:42,9,628
manual_capture_2026-01-07T06:46:13.761Z.jpg,2026-01-07 12:16:43,11,602
manual_capture_2026-01-07T06:46:14.545Z.jpg,2026-01-07 12:16:44,10,618
manual_capture_2026-01-07T06:46:14.703Z.jpg,2026-01-07 12:16:44,11,622
manual_capture_2026-01-07T06:46:15.745Z.jpg,2026-01-07 12:16:45,13,621
manual_capture_2026-01-07T06:46:15.871Z.jpg,2026-01-07 12:16:45,10,611
manual_capture_2026-01-07T06:46:16.231Z.jpg,2026-01-07 12:16:46,11,616
manual_capture_2026-01-07T06:46:16.801Z.jpg,2026-01-07 12:16:47,9,616
manual_capture_2026-01-07T06:46:18.198Z.jpg,2026-01-07 12:16:47,10,629
manual_capture_2026-01-07T06:46:19.554Z.jpg,2026-01-07 12:16:48,10,610
manual_capture_2026-01-07T06:46:20.441Z.jpg,2026-01-07 12:16:49,8,624
manual_capture_2026-01-07T06:46:20.751Z.jpg,2026-01-07 12:16:49,9,611
manual_capture_2026-01-07T06:46:21.114Z.jpg,2026-01-07 12:16:50,8,606
manual_capture_2026-01-07T06:46:21.865Z.jpg,2026-01-07 12:16:50,11,602
manual_capture_2026-01-07T06:46:22.859Z.jpg,2026-01-07 12:16:51,11,619
manual_capture_2026-01-07T06:46:23.587Z.jpg,2026-01-07 12:16:52,10,612
manual_capture_2026-01-07T06:46:23.971Z.jpg,2026-01-07 12:16:52,14,615
manual_capture_2026-01-07T06:46:24.431Z.jpg,2026-01-07 12:16:53,9,606
manual_capture_2026-01-07T06:46:25.471Z.jpg,2026-01-07 12:16:53,11,603
manual_capture_2026-01-07T06:46:25.605Z.jpg,2026-01-07 12:16:54,8,612
manual_capture_2026-01-07T06:46:26.481Z.jpg,2026-01-07 12:16:55,5,625
manual_capture_2026-01-07T06:46:26.848Z.jpg,2026-01-07 12:16:55,5,631
manual_capture_2026-01-07T06:46:28.010Z.jpg,2026-01-07 12:16:56,2,615
manual_capture_2026-01-07T06:46:28.589Z.jpg,2026-01-07 12:16:57,8,612
manual_capture_2026-01-07T06:46:29.471Z.jpg,2026-01-07 12:17:00,3,671
manual_capture_2026-01-07T06:46:30.031Z.jpg,2026-01-07 12:17:01,8,613
manual_capture_2026-01-07T06:46:31.347Z.jpg,2026-01-07 12:17:02,8,623
manual_capture_2026-01-07T06:46:31.788Z.jpg,2026-01-07 12:17:02,10,614
manual_capture_2026-01-07T06:46:32.513Z.jpg,2026-01-07 12:17:03,11,633
manual_capture_2026-01-07T06:46:33.517Z.jpg,2026-01-07 12:17:03,9,610
manual_capture_2026-01-07T06:46:34.358Z.jpg,2026-01-07 12:17:04,11,613
manual_capture_2026-01-07T06:46:34.787Z.jpg,2026-01-07 12:17:05,14,605
manual_capture_2026-01-07T06:46:34.867Z.jpg,2026-01-07 12:17:05,14,619
manual_capture_2026-01-07T06:46:35.295Z.jpg,2026-01-07 12:17:06,13,625
manual_capture_2026-01-07T06:46:35.828Z.jpg,2026-01-07 12:17:06,10,613
manual_capture_2026-01-07T06:46:37.507Z.jpg,2026-01-07 12:17:07,11,609
manual_capture_2026-01-07T06:46:37.907Z.jpg,2026-01-07 12:17:08,11,620
manual_capture_2026-01-07T06:46:38.017Z.jpg,2026-01-07 12:17:08,12,609
manual_capture_2026-01-07T06:46:38.781Z.jpg,2026-01-07 12:17:09,13,595
manual_capture_2026-01-07T06:46:38.934Z.jpg,2026-01-07 12:17:10,12,616
manual_capture_2026-01-07T06:46:40.331Z.jpg,2026-01-07 12:17:10,11,594
manual_capture_2026-01-07T06:46:40.912Z.jpg,2026-01-07 12:17:11,11,605
manual_capture_2026-01-07T06:46:41.754Z.jpg,2026-01-07 12:17:11,6,605
manual_capture_2026-01-07T06:46:42.771Z.jpg,2026-01-07 12:17:12,10,614
manual_capture_2026-01-07T06:46:43.618Z.jpg,2026-01-07 12:17:13,8,623
manual_capture_2026-01-07T06:46:43.655Z.jpg,2026-01-07 12:17:13,9,613
manual_capture_2026-01-07T06:46:44.119Z.jpg,2026-01-07 12:17:14,7,627
manual_capture_2026-01-07T06:46:44.700Z.jpg,2026-01-07 12:17:14,3,612
manual_capture_2026-01-07T06:46:45.698Z.jpg,2026-01-07 12:17:15,8,615
manual_capture_2026-01-07T06:46:46.080Z.jpg,2026-01-07 12:17:16,4,606
manual_capture_2026-01-07T06:46:46.613Z.jpg,2026-01-07 12:17:16,8,619
manual_capture_2026-01-07T06:46:47.261Z.jpg,2026-01-07 12:17:17,9,622
manual_capture_2026-01-07T06:46:47.452Z.jpg,2026-01-07 12:17:18,9,616
manual_capture_2026-01-07T06:46:48.974Z.jpg,2026-01-07 12:17:18,6,612
manual_capture_2026-01-07T06:46:49.841Z.jpg,2026-01-07 12:17:19,9,618
manual_capture_2026-01-07T06:46:51.688Z.jpg,2026-01-07 12:17:19,12,614
manual_capture_2026-01-07T06:46:52.521Z.jpg,2026-01-07 12:17:20,11,610
manual_capture_2026-01-07T06:46:53.825Z.jpg,2026-01-07 12:17:21,12,612
manual_capture_2026-01-07T06:46:55.131Z.jpg,2026-01-07 12:17:21,10,625
manual_capture_2026-01-07T06:46:55.858Z.jpg,2026-01-07 12:17:22,11,607
manual_capture_2026-01-07T06:46:56.367Z.jpg,2026-01-07 12:17:22,12,608
manual_capture_2026-01-07T06:46:56.974Z.jpg,2026-01-07 12:17:23,11,610
manual_capture_2026-01-07T06:46:57.563Z.jpg,2026-01-07 12:17:24,10,618
manual_capture_2026-01-07T06:46:57.751Z.jpg,2026-01-07 12:17:24,8,626
manual_capture_2026-01-07T06:46:58.281Z.jpg,2026-01-07 12:17:25,11,601
manual_capture_2026-01-07T06:46:59.795Z.jpg,2026-01-07 12:17:26,13,615
manual_capture_2026-01-07T06:47:01.684Z.jpg,2026-01-07 12:17:29,9,645
manual_capture_2026-01-07T06:47:02.217Z.jpg,2026-01-07 12:17:30,8,619
manual_capture_2026-01-07T06:47:03.281Z.jpg,2026-01-07 12:17:30,12,618
manual_capture_2026-01-07T06:47:03.340Z.jpg,2026-01-07 12:17:31,10,623
manual_capture_2026-01-07T06:47:03.505Z.jpg,2026-01-07 12:17:32,7,619
manual_capture_2026-01-07T06:47:04.338Z.jpg,2026-01-07 12:17:32,11,627
manual_capture_2026-01-07T06:47:04.718Z.jpg,2026-01-07 12:17:33,14,653
manual_capture_2026-01-07T06:47:05.639Z.jpg,2026-01-07 12:17:34,9,610
manual_capture_2026-01-07T06:47:06.012Z.jpg,2026-01-07 12:17:34,9,607
manual_capture_2026-01-07T06:47:06.398Z.jpg,2026-01-07 12:17:35,9,617
manual_capture_2026-01-07T06:47:06.738Z.jpg,2026-01-07 12:17:35,8,622
manual_capture_2026-01-07T06:47:07.034Z.jpg,2026-01-07 12:17:36,9,607
manual_capture_2026-01-07T06:47:07.534Z.jpg,2026-01-07 12:17:37,9,615
manual_capture_2026-01-07T06:47:07.631Z.jpg,2026-01-07 12:17:37,13,608
manual_capture_2026-01-07T06:47:08.629Z.jpg,2026-01-07 12:17:38,6,616
manual_capture_2026-01-07T06:47:08.732Z.jpg,2026-01-07 12:17:39,10,624
manual_capture_2026-01-07T06:47:09.982Z.jpg,2026-01-07 12:17:39,12,608
manual_capture_2026-01-07T06:47:10.601Z.jpg,2026-01-07 12:17:40,6,614
manual_capture_2026-01-07T06:47:11.236Z.jpg,2026-01-07 12:17:40,9,606
manual_capture_2026-01-07T06:47:11.445Z.jpg,2026-01-07 12:17:41,13,627
manual_capture_2026-01-07T06:47:12.194Z.jpg,2026-01-07 12:17:42,12,618
manual_capture_2026-01-07T06:47:12.284Z.jpg,2026-01-07 12:17:42,11,615
manual_capture_2026-01-07T06:47:14.224Z.jpg,2026-01-07 12:17:43,13,623
manual_capture_2026-01-07T06:47:14.652Z.jpg,2026-01-07 12:17:44,12,615
manual_capture_2026-01-07T06:47:15.918Z.jpg,2026-01-07 12:17:44,11,615
manual_capture_2026-01-07T06:47:16.278Z.jpg,2026-01-07 12:17:45,8,613
manual_capture_2026-01-07T06:47:18.096Z.jpg,2026-01-07 12:17:45,9,621
manual_capture_2026-01-07T06:47:21.713Z.jpg,2026-01-07 12:17:46,8,614
manual_capture_2026-01-07T06:47:26.290Z.jpg,2026-01-07 12:17:47,10,617
manual_capture_2026-01-07T06:47:26.752Z.jpg,2026-01-07 12:17:47,7,610
manual_capture_2026-01-07T06:47:30.939Z.jpg,2026-01-07 12:17:51,10,655
manual_capture_2026-01-07T06:47:31.522Z.jpg,2026-01-07 12:17:52,12,623
manual_capture_2026-01-07T06:47:31.794Z.jpg,2026-01-07 12:17:52,8,611
manual_capture_2026-01-07T06:47:31.933Z.jpg,2026-01-07 12:17:53,11,622
manual_capture_2026-01-07T06:47:32.178Z.jpg,2026-01-07 12:17:53,8,619
manual_capture_2026-01-07T06:47:32.986Z.jpg,2026-01-07 12:17:54,11,626
manual_capture_2026-01-07T06:47:33.360Z.jpg,2026-01-07 12:17:55,8,610
manual_capture_2026-01-07T06:47:34.782Z.jpg,2026-01-07 12:17:55,12,606
manual_capture_2026-01-07T06:47:35.957Z.jpg,2026-01-07 12:17:56,10,611
manual_capture_2026-01-07T06:47:37.322Z.jpg,2026-01-07 12:17:56,12,598
manual_capture_2026-01-07T06:47:38.755Z.jpg,2026-01-07 12:17:57,11,608
manual_capture_2026-01-07T06:47:40.125Z.jpg,2026-01-07 12:17:58,10,605
manual_capture_2026-01-07T06:47:42.009Z.jpg,2026-01-07 12:17:58,7,618
manual_capture_2026-01-07T06:47:43.642Z.jpg,2026-01-07 12:17:59,7,614
manual_capture_2026-01-07T06:47:44.105Z.jpg,2026-01-07 12:17:59,9,601
manual_capture_2026-01-07T06:47:44.144Z.jpg,2026-01-07 12:18:00,9,624
manual_capture_2026-01-07T06:47:45.542Z.jpg,2026-01-07 12:18:01,11,609
manual_capture_2026-01-07T06:47:46.120Z.jpg,2026-01-07 12:18:01,10,609
manual_capture_2026-01-07T06:47:47.066Z.jpg,2026-01-07 12:18:02,12,622
manual_capture_2026-01-07T06:47:47.992Z.jpg,2026-01-07 12:18:03,9,610
manual_capture_2026-01-07T06:47:49.686Z.jpg,2026-01-07 12:18:03,7,604
manual_capture_2026-01-07T06:47:50.215Z.jpg,2026-01-07 12:18:04,8,594
manual_capture_2026-01-07T06:47:50.442Z.jpg,2026-01-07 12:18:04,12,621
manual_capture_2026-01-07T06:47:51.364Z.jpg,2026-01-07 12:18:08,11,639
manual_capture_2026-01-07T06:47:52.616Z.jpg,2026-01-07 12:18:09,10,611
manual_capture_2026-01-07T06:47:53.584Z.jpg,2026-01-07 12:18:09,8,611
manual_capture_2026-01-07T06:47:54.571Z.jpg,2026-01-07 12:18:10,10,614
manual_capture_2026-01-07T06:47:54.967Z.jpg,2026-01-07 12:18:11,8,620
manual_capture_2026-01-07T06:47:55.745Z.jpg,2026-01-07 12:18:11,12,619
manual_capture_2026-01-07T06:47:56.832Z.jpg,2026-01-07 12:18:12,10,607
manual_capture_2026-01-07T06:48:03.071Z.jpg,2026-01-07 12:18:12,8,617
manual_capture_2026-01-07T06:48:04.357Z.jpg,2026-01-07 12:18:13,8,617
manual_capture_2026-01-07T06:48:04.366Z.jpg,2026-01-07 12:18:14,10,614
manual_capture_2026-01-07T06:48:04.991Z.jpg,2026-01-07 12:18:14,8,603
manual_capture_2026-01-07T06:48:05.316Z.jpg,2026-01-07 12:18:15,10,618
manual_capture_2026-01-07T06:48:06.154Z.jpg,2026-01-07 12:18:15,12,613
manual_capture_2026-01-07T06:48:06.700Z.jpg,2026-01-07 12:18:16,12,633
manual_capture_2026-01-07T06:48:07.617Z.jpg,2026-01-07 12:18:17,11,614
manual_capture_2026-01-07T06:48:08.009Z.jpg,2026-01-07 12:18:20,11,636
manual_capture_2026-01-07T06:48:08.234Z.jpg,2026-01-07 12:18:21,11,614
manual_capture_2026-01-07T06:48:09.096Z.jpg,2026-01-07 12:18:22,6,615
manual_capture_2026-01-07T06:48:10.093Z.jpg,2026-01-07 12:18:22,7,615
manual_capture_2026-01-07T06:48:11.796Z.jpg,2026-01-07 12:18:23,6,618
manual_capture_2026-01-07T06:48:14.746Z.jpg,2026-01-07 12:18:23,9,601
manual_capture_2026-01-07T06:48:14.909Z.jpg,2026-01-07 12:18:24,10,620
manual_capture_2026-01-07T06:48:17.087Z.jpg,2026-01-07 12:18:25,12,622
manual_capture_2026-01-07T06:48:18.691Z.jpg,2026-01-07 12:18:25,11,623
manual_capture_2026-01-07T06:48:19.575Z.jpg,2026-01-07 12:18:26,11,617
manual_capture_2026-01-07T06:48:19.742Z.jpg,2026-01-07 12:18:27,10,606
manual_capture_2026-01-07T06:48:20.209Z.jpg,2026-01-07 12:18:27,9,593
manual_capture_2026-01-07T06:48:21.197Z.jpg,2026-01-07 12:18:31,11,639
manual_capture_2026-01-07T06:48:22.640Z.jpg,2026-01-07 12:18:31,10,621
manual_capture_2026-01-07T06:48:22.741Z.jpg,2026-01-07 12:18:32,14,604
manual_capture_2026-01-07T06:48:24.069Z.jpg,2026-01-07 12:18:33,9,621
manual_capture_2026-01-07T06:48:25.124Z.jpg,2026-01-07 12:18:33,14,608
manual_capture_2026-01-07T06:48:26.207Z.jpg,2026-01-07 12:18:34,16,653
manual_capture_2026-01-07T06:48:26.763Z.jpg,2026-01-07 12:18:35,20,623
manual_capture_2026-01-07T06:48:26.903Z.jpg,2026-01-07 12:18:35,13,600
manual_capture_2026-01-07T06:48:27.716Z.jpg,2026-01-07 12:18:36,15,611
manual_capture_2026-01-07T06:48:28.781Z.jpg,2026-01-07 12:18:36,13,606
manual_capture_2026-01-07T06:48:29.134Z.jpg,2026-01-07 12:18:37,12,600
manual_capture_2026-01-07T06:48:29.520Z.jpg,2026-01-07 12:18:38,13,627
manual_capture_2026-01-07T06:48:30.333Z.jpg,2026-01-07 12:18:38,15,618
manual_capture_2026-01-07T06:48:30.500Z.jpg,2026-01-07 12:18:39,12,615
manual_capture_2026-01-07T06:48:31.088Z.jpg,2026-01-07 12:18:42,15,640
manual_capture_2026-01-07T06:48:31.444Z.jpg,2026-01-07 12:18:43,20,619
manual_capture_2026-01-07T06:48:31.844Z.jpg,2026-01-07 12:18:44,13,615
manual_capture_2026-01-07T06:48:32.725Z.jpg,2026-01-07 12:18:44,14,663
manual_capture_2026-01-07T06:48:34.456Z.jpg,2026-01-07 12:18:45,13,648
manual_capture_2026-01-07T06:48:35.850Z.jpg,2026-01-07 12:18:46,15,600
manual_capture_2026-01-07T06:48:38.975Z.jpg,2026-01-07 12:18:46,14,612
manual_capture_2026-01-07T06:48:41.112Z.jpg,2026-01-07 12:18:47,14,623
manual_capture_2026-01-07T06:48:42.716Z.jpg,2026-01-07 12:18:51,11,650
manual_capture_2026-01-07T06:48:43.383Z.jpg,2026-01-07 12:18:51,15,608
manual_capture_2026-01-07T06:48:43.783Z.jpg,2026-01-07 12:18:52,13,598
manual_capture_2026-01-07T06:48:44.040Z.jpg,2026-01-07 12:18:52,15,612
manual_capture_2026-01-07T06:48:45.997Z.jpg,2026-01-07 12:18:53,16,604
manual_capture_2026-01-07T06:48:46.671Z.jpg,2026-01-07 12:18:54,15,614
manual_capture_2026-01-07T06:48:47.670Z.jpg,2026-01-07 12:18:54,16,628
manual_capture_2026-01-07T06:48:48.492Z.jpg,2026-01-07 12:18:55,14,619
manual_capture_2026-01-07T06:48:49.258Z.jpg,2026-01-07 12:18:55,10,607
manual_capture_2026-01-07T06:48:50.236Z.jpg,2026-01-07 12:18:56,11,616
manual_capture_2026-01-07T06:48:50.375Z.jpg,2026-01-07 12:18:57,9,622
manual_capture_2026-01-07T06:48:51.001Z.jpg,2026-01-07 12:19:00,8,665
manual_capture_2026-01-07T06:48:52.106Z.jpg,2026-01-07 12:19:01,14,607
manual_capture_2026-01-07T06:48:52.752Z.jpg,2026-01-07 12:19:02,11,605
manual_capture_2026-01-07T06:48:52.897Z.jpg,2026-01-07 12:19:02,11,617
manual_capture_2026-01-07T06:48:53.733Z.jpg,2026-01-07 12:19:03,6,612
manual_capture_2026-01-07T06:48:54.496Z.jpg,2026-01-07 12:19:03,10,629
manual_capture_2026-01-07T06:48:54.598Z.jpg,2026-01-07 12:19:04,12,622
manual_capture_2026-01-07T06:48:56.657Z.jpg,2026-01-07 12:19:05,13,606
manual_capture_2026-01-07T06:48:57.618Z.jpg,2026-01-07 12:19:05,9,609
manual_capture_2026-01-07T06:48:58.566Z.jpg,2026-01-07 12:19:06,9,610
manual_capture_2026-01-07T06:48:59.727Z.jpg,2026-01-07 12:19:07,9,627
manual_capture_2026-01-07T06:49:00.359Z.jpg,2026-01-07 12:19:10,11,647
manual_capture_2026-01-07T06:49:01.003Z.jpg,2026-01-07 12:19:11,11,618
manual_capture_2026-01-07T06:49:02.139Z.jpg,2026-01-07 12:19:11,16,623
manual_capture_2026-01-07T06:49:03.651Z.jpg,2026-01-07 12:19:12,12,622
manual_capture_2026-01-07T06:49:04.486Z.jpg,2026-01-07 12:19:13,11,624
manual_capture_2026-01-07T06:49:05.138Z.jpg,2026-01-07 12:19:13,11,610
manual_capture_2026-01-07T06:49:06.296Z.jpg,2026-01-07 12:19:14,11,617
manual_capture_2026-01-07T06:49:08.227Z.jpg,2026-01-07 12:19:15,7,618
manual_capture_2026-01-07T06:49:09.586Z.jpg,2026-01-07 12:19:15,13,620
manual_capture_2026-01-07T06:49:09.849Z.jpg,2026-01-07 12:19:16,9,621
manual_capture_2026-01-07T06:49:11.423Z.jpg,2026-01-07 12:19:19,6,651
manual_capture_2026-01-07T06:49:12.696Z.jpg,2026-01-07 12:19:20,10,613
manual_capture_2026-01-07T06:49:12.886Z.jpg,2026-01-07 12:19:21,10,617
manual_capture_2026-01-07T06:49:17.424Z.jpg,2026-01-07 12:19:21,10,624
manual_capture_2026-01-07T06:49:22.495Z.jpg,2026-01-07 12:19:25,9,646
manual_capture_2026-01-07T06:49:24.387Z.jpg,2026-01-07 12:19:26,13,601
manual_capture_2026-01-07T06:49:24.413Z.jpg,2026-01-07 12:19:26,11,612
manual_capture_2026-01-07T06:49:24.938Z.jpg,2026-01-07 12:19:30,10,646
manual_capture_2026-01-07T06:49:27.260Z.jpg,2026-01-07 12:19:30,16,620
manual_capture_2026-01-07T06:49:27.832Z.jpg,2026-01-07 12:19:31,11,599
manual_capture_2026-01-07T06:49:27.976Z.jpg,2026-01-07 12:19:32,10,611
manual_capture_2026-01-07T06:49:29.418Z.jpg,2026-01-07 12:19:32,9,622
manual_capture_2026-01-07T06:49:29.555Z.jpg,2026-01-07 12:19:33,9,620
manual_capture_2026-01-07T06:49:31.093Z.jpg,2026-01-07 12:19:37,8,645
manual_capture_2026-01-07T06:49:32.824Z.jpg,2026-01-07 12:19:37,8,624
manual_capture_2026-01-07T06:49:34.341Z.jpg,2026-01-07 12:19:38,10,617
manual_capture_2026-01-07T06:49:36.109Z.jpg,2026-01-07 12:19:38,8,623
manual_capture_2026-01-07T06:49:36.149Z.jpg,2026-01-07 12:19:39,13,628
manual_capture_2026-01-07T06:49:39.561Z.jpg,2026-01-07 12:19:43,8,656
manual_capture_2026-01-07T06:49:39.649Z.jpg,2026-01-07 12:19:43,7,628
manual_capture_2026-01-07T06:49:41.426Z.jpg,2026-01-07 12:19:44,10,596
manual_capture_2026-01-07T06:49:42.057Z.jpg,2026-01-07 12:19:45,5,610
manual_capture_2026-01-07T06:49:43.061Z.jpg,2026-01-07 12:19:48,10,658
manual_capture_2026-01-07T06:49:44.951Z.jpg,2026-01-07 12:19:49,12,643
manual_capture_2026-01-07T06:49:45.116Z.jpg,2026-01-07 12:19:50,10,618
manual_capture_2026-01-07T06:49:46.608Z.jpg,2026-01-07 12:19:50,10,605
manual_capture_2026-01-07T06:49:47.742Z.jpg,2026-01-07 12:19:51,7,615
manual_capture_2026-01-07T06:49:48.872Z.jpg,2026-01-07 12:19:54,11,659
manual_capture_2026-01-07T06:49:53.732Z.jpg,2026-01-07 12:19:55,9,622
manual_capture_2026-01-07T06:49:53.925Z.jpg,2026-01-07 12:19:56,8,615
manual_capture_2026-01-07T06:49:54.259Z.jpg,2026-01-07 12:19:56,6,611
manual_capture_2026-01-07T06:49:54.823Z.jpg,2026-01-07 12:20:00,8,650
manual_capture_2026-01-07T06:49:56.278Z.jpg,2026-01-07 12:20:01,5,629
manual_capture_2026-01-07T06:49:59.223Z.jpg,2026-01-07 12:20:01,8,610
manual_capture_2026-01-07T06:50:00.799Z.jpg,2026-01-07 12:20:05,12,651
manual_capture_2026-01-07T06:50:02.072Z.jpg,2026-01-07 12:20:06,8,615
manual_capture_2026-01-07T06:50:02.312Z.jpg,2026-01-07 12:20:06,5,613
manual_capture_2026-01-07T06:50:02.414Z.jpg,2026-01-07 12:20:07,6,618
manual_capture_2026-01-07T06:50:03.254Z.jpg,2026-01-07 12:20:07,9,609
manual_capture_2026-01-07T06:50:04.113Z.jpg,2026-01-07 12:20:08,6,608
manual_capture_2026-01-07T06:50:04.521Z.jpg,2026-01-07 12:20:09,6,626
manual_capture_2026-01-07T06:50:04.764Z.jpg,2026-01-07 12:20:12,9,638
manual_capture_2026-01-07T06:50:04.804Z.jpg,2026-01-07 12:20:13,4,606
manual_capture_2026-01-07T06:50:05.811Z.jpg,2026-01-07 12:20:13,5,605
manual_capture_2026-01-07T06:50:06.011Z.jpg,2026-01-07 12:20:14,7,605
manual_capture_2026-01-07T06:50:06.177Z.jpg,2026-01-07 12:20:15,6,603
manual_capture_2026-01-07T06:50:07.048Z.jpg,2026-01-07 12:20:15,8,607
manual_capture_2026-01-07T06:50:07.313Z.jpg,2026-01-07 12:20:16,7,598
manual_capture_2026-01-07T06:50:07.859Z.jpg,2026-01-07 12:20:17,8,617
manual_capture_2026-01-07T06:50:08.217Z.jpg,2026-01-07 12:20:17,8,603
manual_capture_2026-01-07T06:50:09.039Z.jpg,2026-01-07 12:20:18,6,606
manual_capture_2026-01-07T06:50:09.877Z.jpg,2026-01-07 12:20:18,6,613
manual_capture_2026-01-07T06:50:10.208Z.jpg,2026-01-07 12:20:19,6,601
manual_capture_2026-01-07T06:50:10.264Z.jpg,2026-01-07 12:20:20,4,606
manual_capture_2026-01-07T06:50:10.571Z.jpg,2026-01-07 12:20:20,6,608
manual_capture_2026-01-07T06:50:11.609Z.jpg,2026-01-07 12:20:21,5,618
manual_capture_2026-01-07T06:50:12.094Z.jpg,2026-01-07 12:20:21,6,624
manual_capture_2026-01-07T06:50:12.771Z.jpg,2026-01-07 12:20:25,7,642
manual_capture_2026-01-07T06:50:13.540Z.jpg,2026-01-07 12:20:26,6,610
manual_capture_2026-01-07T06:50:14.220Z.jpg,2026-01-07 12:20:26,7,609
manual_capture_2026-01-07T06:50:14.657Z.jpg,2026-01-07 12:20:27,7,613
manual_capture_2026-01-07T06:50:15.350Z.jpg,2026-01-07 12:20:28,6,619
manual_capture_2026-01-07T06:50:15.826Z.jpg,2026-01-07 12:20:28,6,630
manual_capture_2026-01-07T06:50:17.592Z.jpg,2026-01-07 12:20:29,8,601
manual_capture_2026-01-07T06:50:19.192Z.jpg,2026-01-07 12:20:29,8,616
manual_capture_2026-01-07T06:50:21.266Z.jpg,2026-01-07 12:20:30,8,606
manual_capture_2026-01-07T06:50:21.941Z.jpg,2026-01-07 12:20:31,8,629
manual_capture_2026-01-07T06:50:23.944Z.jpg,2026-01-07 12:20:31,9,606
manual_capture_2026-01-07T06:50:24.862Z.jpg,2026-01-07 12:20:32,8,619
manual_capture_2026-01-07T06:50:25.061Z.jpg,2026-01-07 12:20:36,9,630
manual_capture_2026-01-07T06:50:25.674Z.jpg,2026-01-07 12:20:36,6,612
manual_capture_2026-01-07T06:50:26.275Z.jpg,2026-01-07 12:20:37,13,593
manual_capture_2026-01-07T06:50:26.786Z.jpg,2026-01-07 12:20:37,10,618
manual_capture_2026-01-07T06:50:26.952Z.jpg,2026-01-07 12:20:38,6,612
manual_capture_2026-01-07T06:50:27.669Z.jpg,2026-01-07 12:20:39,10,621
manual_capture_2026-01-07T06:50:27.717Z.jpg,2026-01-07 12:20:39,9,610
manual_capture_2026-01-07T06:50:29.361Z.jpg,2026-01-07 12:20:40,8,609
manual_capture_2026-01-07T06:50:30.325Z.jpg,2026-01-07 12:20:40,12,620
manual_capture_2026-01-07T06:50:30.876Z.jpg,2026-01-07 12:20:41,9,616
manual_capture_2026-01-07T06:50:30.964Z.jpg,2026-01-07 12:20:42,9,608
manual_capture_2026-01-07T06:50:32.912Z.jpg,2026-01-07 12:20:42,6,599
manual_capture_2026-01-07T06:50:33.161Z.jpg,2026-01-07 12:20:43,8,617
manual_capture_2026-01-07T06:50:34.062Z.jpg,2026-01-07 12:20:43,9,599
manual_capture_2026-01-07T06:50:34.672Z.jpg,2026-01-07 12:20:44,6,616
manual_capture_2026-01-07T06:50:35.055Z.jpg,2026-01-07 12:20:45,7,623
manual_capture_2026-01-07T06:50:35.405Z.jpg,2026-01-07 12:20:48,8,649
manual_capture_2026-01-07T06:50:35.939Z.jpg,2026-01-07 12:20:49,9,612
manual_capture_2026-01-07T06:50:36.461Z.jpg,2026-01-07 12:20:50,10,604
manual_capture_2026-01-07T06:50:36.704Z.jpg,2026-01-07 12:20:50,9,611
manual_capture_2026-01-07T06:50:38.179Z.jpg,2026-01-07 12:20:51,7,617
manual_capture_2026-01-07T06:50:38.999Z.jpg,2026-01-07 12:20:51,7,616
manual_capture_2026-01-07T06:50:39.984Z.jpg,2026-01-07 12:20:52,7,636
manual_capture_2026-01-07T06:50:42.268Z.jpg,2026-01-07 12:20:53,10,627
manual_capture_2026-01-07T06:50:44.494Z.jpg,2026-01-07 12:20:53,9,620
manual_capture_2026-01-07T06:50:45.207Z.jpg,2026-01-07 12:20:54,11,621
manual_capture_2026-01-07T06:50:46.601Z.jpg,2026-01-07 12:20:55,8,622
manual_capture_2026-01-07T06:50:47.015Z.jpg,2026-01-07 12:20:55,6,605
manual_capture_2026-01-07T06:50:47.640Z.jpg,2026-01-07 12:20:56,6,625
manual_capture_2026-01-07T06:50:47.726Z.jpg,2026-01-07 12:20:56,5,615
manual_capture_2026-01-07T06:50:48.010Z.jpg,2026-01-07 12:20:57,6,607
manual_capture_2026-01-07T06:50:48.728Z.jpg,2026-01-07 12:21:01,6,651
manual_capture_2026-01-07T06:50:49.568Z.jpg,2026-01-07 12:21:01,7,617
manual_capture_2026-01-07T06:50:49.839Z.jpg,2026-01-07 12:21:02,6,628
manual_capture_2026-01-07T06:50:50.290Z.jpg,2026-01-07 12:21:03,6,597
manual_capture_2026-01-07T06:50:50.916Z.jpg,2026-01-07 12:21:03,7,613
manual_capture_2026-01-07T06:50:51.081Z.jpg,2026-01-07 12:21:04,6,611
manual_capture_2026-01-07T06:50:51.904Z.jpg,2026-01-07 12:21:04,12,602
manual_capture_2026-01-07T06:50:52.758Z.jpg,2026-01-07 12:21:05,6,617
manual_capture_2026-01-07T06:50:53.026Z.jpg,2026-01-07 12:21:06,11,610
manual_capture_2026-01-07T06:50:53.536Z.jpg,2026-01-07 12:21:06,8,622
manual_capture_2026-01-07T06:50:54.055Z.jpg,2026-01-07 12:21:07,9,606
manual_capture_2026-01-07T06:50:54.398Z.jpg,2026-01-07 12:21:07,11,615
manual_capture_2026-01-07T06:50:55.022Z.jpg,2026-01-07 12:21:08,11,614
manual_capture_2026-01-07T06:50:55.485Z.jpg,2026-01-07 12:21:09,9,618
manual_capture_2026-01-07T06:50:55.812Z.jpg,2026-01-07 12:21:09,7,618
manual_capture_2026-01-07T06:50:56.346Z.jpg,2026-01-07 12:21:10,8,629
manual_capture_2026-01-07T06:50:56.894Z.jpg,2026-01-07 12:21:11,7,616
manual_capture_2026-01-07T06:50:57.358Z.jpg,2026-01-07 12:21:11,9,620
manual_capture_2026-01-07T06:50:58.553Z.jpg,2026-01-07 12:21:12,6,607
manual_capture_2026-01-07T06:50:58.779Z.jpg,2026-01-07 12:21:12,9,620
manual_capture_2026-01-07T06:50:59.296Z.jpg,2026-01-07 12:21:13,9,610
manual_capture_2026-01-07T06:50:59.703Z.jpg,2026-01-07 12:21:14,8,623
manual_capture_2026-01-07T06:51:00.480Z.jpg,2026-01-07 12:21:14,7,612
manual_capture_2026-01-07T06:51:01.656Z.jpg,2026-01-07 12:21:18,6,666
manual_capture_2026-01-07T06:51:02.560Z.jpg,2026-01-07 12:21:19,7,613
manual_capture_2026-01-07T06:51:03.485Z.jpg,2026-01-07 12:21:19,8,611
manual_capture_2026-01-07T06:51:03.709Z.jpg,2026-01-07 12:21:20,10,624
manual_capture_2026-01-07T06:51:03.849Z.jpg,2026-01-07 12:21:20,6,617
manual_capture_2026-01-07T06:51:05.341Z.jpg,2026-01-07 12:21:21,7,620
manual_capture_2026-01-07T06:51:06.288Z.jpg,2026-01-07 12:21:22,7,598
manual_capture_2026-01-07T06:51:06.584Z.jpg,2026-01-07 12:21:22,8,613
manual_capture_2026-01-07T06:51:07.237Z.jpg,2026-01-07 12:21:23,9,637
manual_capture_2026-01-07T06:51:07.770Z.jpg,2026-01-07 12:21:24,7,612
manual_capture_2026-01-07T06:51:08.504Z.jpg,2026-01-07 12:21:24,7,614
manual_capture_2026-01-07T06:51:09.156Z.jpg,2026-01-07 12:21:25,8,606
manual_capture_2026-01-07T06:51:09.251Z.jpg,2026-01-07 12:21:25,8,618
manual_capture_2026-01-07T06:51:10.258Z.jpg,2026-01-07 12:21:26,11,606
manual_capture_2026-01-07T06:51:10.846Z.jpg,2026-01-07 12:21:27,11,612
manual_capture_2026-01-07T06:51:11.580Z.jpg,2026-01-07 12:21:27,8,614
manual_capture_2026-01-07T06:51:12.165Z.jpg,2026-01-07 12:21:28,8,624
manual_capture_2026-01-07T06:51:12.497Z.jpg,2026-01-07 12:21:28,9,607
manual_capture_2026-01-07T06:51:13.311Z.jpg,2026-01-07 12:21:29,7,601
manual_capture_2026-01-07T06:51:14.059Z.jpg,2026-01-07 12:21:30,13,605
manual_capture_2026-01-07T06:51:14.723Z.jpg,2026-01-07 12:21:30,11,612
manual_capture_2026-01-07T06:51:14.835Z.jpg,2026-01-07 12:21:31,11,616
manual_capture_2026-01-07T06:51:15.571Z.jpg,2026-01-07 12:21:32,8,616
manual_capture_2026-01-07T06:51:16.236Z.jpg,2026-01-07 12:21:32,11,613
manual_capture_2026-01-07T06:51:17.411Z.jpg,2026-01-07 12:21:33,12,600
manual_capture_2026-01-07T06:51:17.781Z.jpg,2026-01-07 12:21:33,13,616
manual_capture_2026-01-07T06:51:18.490Z.jpg,2026-01-07 12:21:37,10,649
manual_capture_2026-01-07T06:51:18.909Z.jpg,2026-01-07 12:21:38,14,630
manual_capture_2026-01-07T06:51:19.597Z.jpg,2026-01-07 12:21:38,11,619
manual_capture_2026-01-07T06:51:19.956Z.jpg,2026-01-07 12:21:39,10,614
manual_capture_2026-01-07T06:51:20.060Z.jpg,2026-01-07 12:21:40,9,599
manual_capture_2026-01-07T06:51:20.424Z.jpg,2026-01-07 12:21:40,6,623
manual_capture_2026-01-07T06:51:21.342Z.jpg,2026-01-07 12:21:41,7,613
manual_capture_2026-01-07T06:51:21.822Z.jpg,2026-01-07 12:21:41,5,618
manual_capture_2026-01-07T06:51:22.777Z.jpg,2026-01-07 12:21:42,2,628
manual_capture_2026-01-07T06:51:23.908Z.jpg,2026-01-07 12:21:43,4,624
manual_capture_2026-01-07T06:51:24.143Z.jpg,2026-01-07 12:21:43,5,616
manual_capture_2026-01-07T06:51:24.581Z.jpg,2026-01-07 12:21:44,6,612
manual_capture_2026-01-07T06:51:25.026Z.jpg,2026-01-07 12:21:44,7,611
manual_capture_2026-01-07T06:51:26.337Z.jpg,2026-01-07 12:21:45,7,609
manual_capture_2026-01-07T06:51:27.026Z.jpg,2026-01-07 12:21:46,6,603
manual_capture_2026-01-07T06:51:27.830Z.jpg,2026-01-07 12:21:46,9,609
manual_capture_2026-01-07T06:51:27.933Z.jpg,2026-01-07 12:21:47,6,616
manual_capture_2026-01-07T06:51:28.742Z.jpg,2026-01-07 12:21:48,9,620
manual_capture_2026-01-07T06:51:30.020Z.jpg,2026-01-07 12:21:48,8,623
manual_capture_2026-01-07T06:51:30.608Z.jpg,2026-01-07 12:21:49,10,610
manual_capture_2026-01-07T06:51:31.059Z.jpg,2026-01-07 12:21:49,7,613
manual_capture_2026-01-07T06:51:31.546Z.jpg,2026-01-07 12:21:50,8,617
manual_capture_2026-01-07T06:51:32.579Z.jpg,2026-01-07 12:21:51,10,610
manual_capture_2026-01-07T06:51:33.525Z.jpg,2026-01-07 12:21:51,7,611
manual_capture_2026-01-07T06:51:33.779Z.jpg,2026-01-07 12:21:52,6,605
manual_capture_2026-01-07T06:51:33.908Z.jpg,2026-01-07 12:21:52,8,613
manual_capture_2026-01-07T06:51:36.365Z.jpg,2026-01-07 12:21:53,8,605
manual_capture_2026-01-07T06:51:38.177Z.jpg,2026-01-07 12:21:57,9,697
manual_capture_2026-01-07T06:51:39.159Z.jpg,2026-01-07 12:21:57,11,618
manual_capture_2026-01-07T06:51:39.709Z.jpg,2026-01-07 12:21:58,9,620
manual_capture_2026-01-07T06:51:41.008Z.jpg,2026-01-07 12:21:59,8,614
manual_capture_2026-01-07T06:51:41.225Z.jpg,2026-01-07 12:21:59,8,615
manual_capture_2026-01-07T06:51:41.656Z.jpg,2026-01-07 12:22:00,8,611
manual_capture_2026-01-07T06:51:42.100Z.jpg,2026-01-07 12:22:00,9,605
manual_capture_2026-01-07T06:51:42.975Z.jpg,2026-01-07 12:22:01,10,609
manual_capture_2026-01-07T06:51:43.740Z.jpg,2026-01-07 12:22:02,9,602
manual_capture_2026-01-07T06:51:44.437Z.jpg,2026-01-07 12:22:02,9,596
manual_capture_2026-01-07T06:51:45.370Z.jpg,2026-01-07 12:22:03,8,628
manual_capture_2026-01-07T06:51:46.383Z.jpg,2026-01-07 12:22:04,10,622
manual_capture_2026-01-07T06:51:47.596Z.jpg,2026-01-07 12:22:04,8,608
manual_capture_2026-01-07T06:51:48.395Z.jpg,2026-01-07 12:22:05,10,604
manual_capture_2026-01-07T06:51:48.867Z.jpg,2026-01-07 12:22:05,7,605
manual_capture_2026-01-07T06:51:49.409Z.jpg,2026-01-07 12:22:06,8,610
manual_capture_2026-01-07T06:51:50.457Z.jpg,2026-01-07 12:22:07,7,608
manual_capture_2026-01-07T06:51:51.077Z.jpg,2026-01-07 12:22:07,7,608
manual_capture_2026-01-07T06:51:51.372Z.jpg,2026-01-07 12:22:08,9,625
manual_capture_2026-01-07T06:51:51.934Z.jpg,2026-01-07 12:22:08,8,617
manual_capture_2026-01-07T06:51:52.930Z.jpg,2026-01-07 12:22:09,10,605
manual_capture_2026-01-07T06:51:53.743Z.jpg,2026-01-07 12:22:10,11,618
manual_capture_2026-01-07T06:51:54.362Z.jpg,2026-01-07 12:22:10,7,625
manual_capture_2026-01-07T06:51:54.744Z.jpg,2026-01-07 12:22:11,7,617
manual_capture_2026-01-07T06:51:55.801Z.jpg,2026-01-07 12:22:12,8,620
manual_capture_2026-01-07T06:51:56.513Z.jpg,2026-01-07 12:22:12,8,607
manual_capture_2026-01-07T06:51:57.047Z.jpg,2026-01-07 12:22:16,7,660
manual_capture_2026-01-07T06:51:57.897Z.jpg,2026-01-07 12:22:16,9,612
manual_capture_2026-01-07T06:51:59.021Z.jpg,2026-01-07 12:22:17,9,608
manual_capture_2026-01-07T06:51:59.809Z.jpg,2026-01-07 12:22:18,8,597
manual_capture_2026-01-07T06:52:00.222Z.jpg,2026-01-07 12:22:18,8,618
manual_capture_2026-01-07T06:52:00.865Z.jpg,2026-01-07 12:22:19,9,637
manual_capture_2026-01-07T06:52:01.151Z.jpg,2026-01-07 12:22:20,8,617
manual_capture_2026-01-07T06:52:01.313Z.jpg,2026-01-07 12:22:20,8,609
manual_capture_2026-01-07T06:52:02.720Z.jpg,2026-01-07 12:22:21,7,609
manual_capture_2026-01-07T06:52:03.546Z.jpg,2026-01-07 12:22:21,8,611
manual_capture_2026-01-07T06:52:04.301Z.jpg,2026-01-07 12:22:22,11,614
manual_capture_2026-01-07T06:52:04.788Z.jpg,2026-01-07 12:22:23,9,625
manual_capture_2026-01-07T06:52:05.933Z.jpg,2026-01-07 12:22:23,12,613
manual_capture_2026-01-07T06:52:06.918Z.jpg,2026-01-07 12:22:24,11,615
manual_capture_2026-01-07T06:52:07.391Z.jpg,2026-01-07 12:22:24,7,608
manual_capture_2026-01-07T06:52:08.032Z.jpg,2026-01-07 12:22:25,10,615
manual_capture_2026-01-07T06:52:08.436Z.jpg,2026-01-07 12:22:26,8,599
manual_capture_2026-01-07T06:52:09.274Z.jpg,2026-01-07 12:22:26,11,620
manual_capture_2026-01-07T06:52:10.198Z.jpg,2026-01-07 12:22:27,11,613
manual_capture_2026-01-07T06:52:11.177Z.jpg,2026-01-07 12:22:28,10,613
manual_capture_2026-01-07T06:52:11.360Z.jpg,2026-01-07 12:22:28,12,616
manual_capture_2026-01-07T06:52:11.796Z.jpg,2026-01-07 12:22:29,2,610
manual_capture_2026-01-07T06:52:12.194Z.jpg,2026-01-07 12:22:29,9,612
manual_capture_2026-01-07T06:52:13.355Z.jpg,2026-01-07 12:22:30,7,619
manual_capture_2026-01-07T06:52:13.803Z.jpg,2026-01-07 12:22:31,7,616
manual_capture_2026-01-07T06:52:14.239Z.jpg,2026-01-07 12:22:31,9,619
manual_capture_2026-01-07T06:52:15.005Z.jpg,2026-01-07 12:22:32,9,607
manual_capture_2026-01-07T06:52:15.326Z.jpg,2026-01-07 12:22:32,11,601
manual_capture_2026-01-07T06:52:15.975Z.jpg,2026-01-07 12:22:36,7,637
manual_capture_2026-01-07T06:52:16.568Z.jpg,2026-01-07 12:22:37,8,598
manual_capture_2026-01-07T06:52:16.950Z.jpg,2026-01-07 12:22:37,6,607
manual_capture_2026-01-07T06:52:17.421Z.jpg,2026-01-07 12:22:38,8,622
manual_capture_2026-01-07T06:52:18.371Z.jpg,2026-01-07 12:22:39,11,618
manual_capture_2026-01-07T06:52:19.209Z.jpg,2026-01-07 12:22:39,10,619
manual_capture_2026-01-07T06:52:19.750Z.jpg,2026-01-07 12:22:40,3,614
manual_capture_2026-01-07T06:52:20.013Z.jpg,2026-01-07 12:22:40,6,617
manual_capture_2026-01-07T06:52:20.329Z.jpg,2026-01-07 12:22:41,10,607
manual_capture_2026-01-07T06:52:21.012Z.jpg,2026-01-07 12:22:42,6,611
manual_capture_2026-01-07T06:52:21.313Z.jpg,2026-01-07 12:22:42,11,604
manual_capture_2026-01-07T06:52:22.497Z.jpg,2026-01-07 12:22:43,9,608
manual_capture_2026-01-07T06:52:22.580Z.jpg,2026-01-07 12:22:43,8,604
manual_capture_2026-01-07T06:52:23.371Z.jpg,2026-01-07 12:22:44,5,607
manual_capture_2026-01-07T06:52:23.525Z.jpg,2026-01-07 12:22:45,5,615
manual_capture_2026-01-07T06:52:24.430Z.jpg,2026-01-07 12:22:45,8,602
manual_capture_2026-01-07T06:52:25.308Z.jpg,2026-01-07 12:22:46,2,613
manual_capture_2026-01-07T06:52:25.952Z.jpg,2026-01-07 12:22:47,4,606
manual_capture_2026-01-07T06:52:26.077Z.jpg,2026-01-07 12:22:47,7,605
manual_capture_2026-01-07T06:52:26.499Z.jpg,2026-01-07 12:22:48,3,601
manual_capture_2026-01-07T06:52:26.812Z.jpg,2026-01-07 12:22:48,3,611
manual_capture_2026-01-07T06:52:27.864Z.jpg,2026-01-07 12:22:49,7,610
manual_capture_2026-01-07T06:52:28.163Z.jpg,2026-01-07 12:22:50,7,610
manual_capture_2026-01-07T06:52:28.329Z.jpg,2026-01-07 12:22:50,5,605
manual_capture_2026-01-07T06:52:29.045Z.jpg,2026-01-07 12:22:51,8,623
manual_capture_2026-01-07T06:52:29.319Z.jpg,2026-01-07 12:22:51,7,611
manual_capture_2026-01-07T06:52:29.639Z.jpg,2026-01-07 12:22:52,9,603
manual_capture_2026-01-07T06:52:29.665Z.jpg,2026-01-07 12:22:53,7,622
manual_capture_2026-01-07T06:52:30.315Z.jpg,2026-01-07 12:22:53,11,613
manual_capture_2026-01-07T06:52:30.389Z.jpg,2026-01-07 12:22:54,6,610
manual_capture_2026-01-07T06:52:31.036Z.jpg,2026-01-07 12:22:55,7,603
manual_capture_2026-01-07T06:52:31.382Z.jpg,2026-01-07 12:22:55,9,621
manual_capture_2026-01-07T06:52:31.475Z.jpg,2026-01-07 12:22:56,6,622
manual_capture_2026-01-07T06:52:32.300Z.jpg,2026-01-07 12:22:56,12,617
manual_capture_2026-01-07T06:52:32.645Z.jpg,2026-01-07 12:22:57,10,617
manual_capture_2026-01-07T06:52:32.848Z.jpg,2026-01-07 12:22:58,10,634
manual_capture_2026-01-07T06:52:33.397Z.jpg,2026-01-07 12:22:58,11,606
manual_capture_2026-01-07T06:52:34.070Z.jpg,2026-01-07 12:22:59,6,617
manual_capture_2026-01-07T06:52:34.156Z.jpg,2026-01-07 12:22:59,12,618
manual_capture_2026-01-07T06:52:34.504Z.jpg,2026-01-07 12:23:00,9,626
manual_capture_2026-01-07T06:52:35.313Z.jpg,2026-01-07 12:23:01,10,614
manual_capture_2026-01-07T06:52:35.404Z.jpg,2026-01-07 12:23:01,8,604
manual_capture_2026-01-07T06:52:35.795Z.jpg,2026-01-07 12:23:02,6,614
manual_capture_2026-01-07T06:52:36.126Z.jpg,2026-01-07 12:23:06,7,648
manual_capture_2026-01-07T06:52:37.626Z.jpg,2026-01-07 12:23:06,8,753
manual_capture_2026-01-07T06:52:37.898Z.jpg,2026-01-07 12:23:07,7,623
manual_capture_2026-01-07T06:52:39.642Z.jpg,2026-01-07 12:23:08,5,600
manual_capture_2026-01-07T06:52:41.959Z.jpg,2026-01-07 12:23:08,4,648
manual_capture_2026-01-07T06:52:42.366Z.jpg,2026-01-07 12:23:09,3,611
manual_capture_2026-01-07T06:52:42.889Z.jpg,2026-01-07 12:23:09,4,623
manual_capture_2026-01-07T06:52:42.908Z.jpg,2026-01-07 12:23:10,4,612
manual_capture_2026-01-07T06:52:43.088Z.jpg,2026-01-07 12:23:11,2,608
manual_capture_2026-01-07T06:52:43.566Z.jpg,2026-01-07 12:23:11,4,599
manual_capture_2026-01-07T06:52:43.647Z.jpg,2026-01-07 12:23:12,3,614
manual_capture_2026-01-07T06:52:44.256Z.jpg,2026-01-07 12:23:13,5,607
manual_capture_2026-01-07T06:52:44.889Z.jpg,2026-01-07 12:23:13,5,619
manual_capture_2026-01-07T06:52:45.164Z.jpg,2026-01-07 12:23:14,6,613
manual_capture_2026-01-07T06:52:45.811Z.jpg,2026-01-07 12:23:14,8,603
manual_capture_2026-01-07T06:52:45.966Z.jpg,2026-01-07 12:23:15,7,601
manual_capture_2026-01-07T06:52:46.536Z.jpg,2026-01-07 12:23:16,7,609
manual_capture_2026-01-07T06:52:47.207Z.jpg,2026-01-07 12:23:16,5,597
manual_capture_2026-01-07T06:52:48.170Z.jpg,2026-01-07 12:23:17,4,626
manual_capture_2026-01-07T06:52:48.928Z.jpg,2026-01-07 12:23:17,9,626
manual_capture_2026-01-07T06:52:49.475Z.jpg,2026-01-07 12:23:18,4,607
manual_capture_2026-01-07T06:52:49.902Z.jpg,2026-01-07 12:23:19,4,633
manual_capture_2026-01-07T06:52:50.139Z.jpg,2026-01-07 12:23:19,6,606
manual_capture_2026-01-07T06:52:51.333Z.jpg,2026-01-07 12:23:20,4,606
manual_capture_2026-01-07T06:52:52.330Z.jpg,2026-01-07 12:23:21,7,625
manual_capture_2026-01-07T06:52:53.158Z.jpg,2026-01-07 12:23:21,12,619
manual_capture_2026-01-07T06:52:53.773Z.jpg,2026-01-07 12:23:22,10,622
manual_capture_2026-01-07T06:52:54.010Z.jpg,2026-01-07 12:23:22,11,607
manual_capture_2026-01-07T06:52:55.107Z.jpg,2026-01-07 12:23:23,8,613
manual_capture_2026-01-07T06:52:55.783Z.jpg,2026-01-07 12:23:24,9,618
manual_capture_2026-01-07T06:52:57.713Z.jpg,2026-01-07 12:23:24,9,612
manual_capture_2026-01-07T06:52:58.424Z.jpg,2026-01-07 12:23:25,9,620
manual_capture_2026-01-07T06:53:00.087Z.jpg,2026-01-07 12:23:26,10,614
manual_capture_2026-01-07T06:53:00.877Z.jpg,2026-01-07 12:23:26,7,604
manual_capture_2026-01-07T06:53:00.896Z.jpg,2026-01-07 12:23:27,13,625
manual_capture_2026-01-07T06:53:01.068Z.jpg,2026-01-07 12:23:27,8,613
manual_capture_2026-01-07T06:53:03.606Z.jpg,2026-01-07 12:23:28,9,611
manual_capture_2026-01-07T06:53:03.843Z.jpg,2026-01-07 12:23:29,9,611
manual_capture_2026-01-07T06:53:04.252Z.jpg,2026-01-07 12:23:29,7,617
manual_capture_2026-01-07T06:53:04.312Z.jpg,2026-01-07 12:23:30,8,620
manual_capture_2026-01-07T06:53:04.789Z.jpg,2026-01-07 12:23:30,9,606
manual_capture_2026-01-07T06:53:06.351Z.jpg,2026-01-07 12:23:34,10,646
manual_capture_2026-01-07T06:53:07.237Z.jpg,2026-01-07 12:23:35,9,612
manual_capture_2026-01-07T06:53:07.488Z.jpg,2026-01-07 12:23:35,8,601
manual_capture_2026-01-07T06:53:08.050Z.jpg,2026-01-07 12:23:36,10,609
manual_capture_2026-01-07T06:53:08.818Z.jpg,2026-01-07 12:23:37,6,623
manual_capture_2026-01-07T06:53:09.365Z.jpg,2026-01-07 12:23:37,10,614
manual_capture_2026-01-07T06:53:09.435Z.jpg,2026-01-07 12:23:38,8,614
manual_capture_2026-01-07T06:53:09.752Z.jpg,2026-01-07 12:23:38,10,612
manual_capture_2026-01-07T06:53:09.963Z.jpg,2026-01-07 12:23:39,6,599
manual_capture_2026-01-07T06:53:10.458Z.jpg,2026-01-07 12:23:40,9,603
manual_capture_2026-01-07T06:53:10.480Z.jpg,2026-01-07 12:23:40,12,624
manual_capture_2026-01-07T06:53:11.412Z.jpg,2026-01-07 12:23:41,9,605
manual_capture_2026-01-07T06:53:11.497Z.jpg,2026-01-07 12:23:41,7,617
manual_capture_2026-01-07T06:53:12.629Z.jpg,2026-01-07 12:23:42,10,609
manual_capture_2026-01-07T06:53:12.943Z.jpg,2026-01-07 12:23:43,7,609
manual_capture_2026-01-07T06:53:13.425Z.jpg,2026-01-07 12:23:43,9,604
manual_capture_2026-01-07T06:53:14.221Z.jpg,2026-01-07 12:23:44,10,613
manual_capture_2026-01-07T06:53:14.484Z.jpg,2026-01-07 12:23:45,6,613
manual_capture_2026-01-07T06:53:15.167Z.jpg,2026-01-07 12:23:45,9,613
manual_capture_2026-01-07T06:53:15.794Z.jpg,2026-01-07 12:23:46,7,614
manual_capture_2026-01-07T06:53:16.130Z.jpg,2026-01-07 12:23:46,7,619
manual_capture_2026-01-07T06:53:16.599Z.jpg,2026-01-07 12:23:47,7,611
manual_capture_2026-01-07T06:53:17.267Z.jpg,2026-01-07 12:23:48,6,604
manual_capture_2026-01-07T06:53:17.792Z.jpg,2026-01-07 12:23:48,6,628
manual_capture_2026-01-07T06:53:18.237Z.jpg,2026-01-07 12:23:49,11,627
manual_capture_2026-01-07T06:53:18.604Z.jpg,2026-01-07 12:23:49,9,608
manual_capture_2026-01-07T06:53:19.133Z.jpg,2026-01-07 12:23:50,12,618
manual_capture_2026-01-07T06:53:19.647Z.jpg,2026-01-07 12:23:51,8,609
manual_capture_2026-01-07T06:53:19.792Z.jpg,2026-01-07 12:23:51,9,628
manual_capture_2026-01-07T06:53:20.259Z.jpg,2026-01-07 12:23:52,7,610
manual_capture_2026-01-07T06:53:20.692Z.jpg,2026-01-07 12:23:53,8,620
manual_capture_2026-01-07T06:53:21.343Z.jpg,2026-01-07 12:23:53,6,616
manual_capture_2026-01-07T06:53:22.185Z.jpg,2026-01-07 12:23:54,5,607
manual_capture_2026-01-07T06:53:22.334Z.jpg,2026-01-07 12:23:54,11,615
manual_capture_2026-01-07T06:53:23.124Z.jpg,2026-01-07 12:23:55,3,622
manual_capture_2026-01-07T06:53:23.474Z.jpg,2026-01-07 12:23:56,6,627
manual_capture_2026-01-07T06:53:23.794Z.jpg,2026-01-07 12:23:56,4,617
manual_capture_2026-01-07T06:53:24.418Z.jpg,2026-01-07 12:23:57,6,595
manual_capture_2026-01-07T06:53:24.483Z.jpg,2026-01-07 12:23:57,6,610
manual_capture_2026-01-07T06:53:25.329Z.jpg,2026-01-07 12:23:58,3,610
manual_capture_2026-01-07T06:53:25.933Z.jpg,2026-01-07 12:23:59,6,613
manual_capture_2026-01-07T06:53:25.968Z.jpg,2026-01-07 12:23:59,4,610
manual_capture_2026-01-07T06:53:27.391Z.jpg,2026-01-07 12:24:00,9,625
manual_capture_2026-01-07T06:53:27.983Z.jpg,2026-01-07 12:24:01,8,614
manual_capture_2026-01-07T06:53:28.361Z.jpg,2026-01-07 12:24:01,10,606
manual_capture_2026-01-07T06:53:28.466Z.jpg,2026-01-07 12:24:02,9,631
manual_capture_2026-01-07T06:53:29.396Z.jpg,2026-01-07 12:24:02,10,604
manual_capture_2026-01-07T06:53:29.809Z.jpg,2026-01-07 12:24:03,11,612
manual_capture_2026-01-07T06:53:30.473Z.jpg,2026-01-07 12:24:04,7,621
manual_capture_2026-01-07T06:53:30.870Z.jpg,2026-01-07 12:24:04,10,611
manual_capture_2026-01-07T06:53:31.209Z.jpg,2026-01-07 12:24:05,10,598
manual_capture_2026-01-07T06:53:31.720Z.jpg,2026-01-07 12:24:06,9,622
manual_capture_2026-01-07T06:53:31.952Z.jpg,2026-01-07 12:24:06,11,607
manual_capture_2026-01-07T06:53:32.499Z.jpg,2026-01-07 12:24:07,7,621
manual_capture_2026-01-07T06:53:33.323Z.jpg,2026-01-07 12:24:07,6,607
manual_capture_2026-01-07T06:53:33.918Z.jpg,2026-01-07 12:24:08,5,629
manual_capture_2026-01-07T06:53:34.747Z.jpg,2026-01-07 12:24:12,4,650
manual_capture_2026-01-07T06:53:35.812Z.jpg,2026-01-07 12:24:12,9,624
manual_capture_2026-01-07T06:53:36.198Z.jpg,2026-01-07 12:24:13,8,617
manual_capture_2026-01-07T06:53:36.574Z.jpg,2026-01-07 12:24:14,8,608
manual_capture_2026-01-07T06:53:36.971Z.jpg,2026-01-07 12:24:14,6,613
manual_capture_2026-01-07T06:53:37.609Z.jpg,2026-01-07 12:24:15,5,621
manual_capture_2026-01-07T06:53:37.792Z.jpg,2026-01-07 12:24:15,6,614
manual_capture_2026-01-07T06:53:38.564Z.jpg,2026-01-07 12:24:16,10,611
manual_capture_2026-01-07T06:53:39.005Z.jpg,2026-01-07 12:24:17,8,614
manual_capture_2026-01-07T06:53:39.570Z.jpg,2026-01-07 12:24:17,9,618
manual_capture_2026-01-07T06:53:39.806Z.jpg,2026-01-07 12:24:18,6,613
manual_capture_2026-01-07T06:53:39.954Z.jpg,2026-01-07 12:24:18,9,612
manual_capture_2026-01-07T06:53:41.121Z.jpg,2026-01-07 12:24:19,9,631
manual_capture_2026-01-07T06:53:42.786Z.jpg,2026-01-07 12:24:20,6,612
manual_capture_2026-01-07T06:53:46.069Z.jpg,2026-01-07 12:24:20,9,607
manual_capture_2026-01-07T06:53:46.693Z.jpg,2026-01-07 12:24:21,7,626
manual_capture_2026-01-07T06:53:47.258Z.jpg,2026-01-07 12:24:22,9,604
manual_capture_2026-01-07T06:53:47.777Z.jpg,2026-01-07 12:24:22,8,620
manual_capture_2026-01-07T06:53:48.140Z.jpg,2026-01-07 12:24:23,7,620
manual_capture_2026-01-07T06:53:48.323Z.jpg,2026-01-07 12:24:23,6,617
manual_capture_2026-01-07T06:53:49.998Z.jpg,2026-01-07 12:24:24,7,608
manual_capture_2026-01-07T06:53:50.594Z.jpg,2026-01-07 12:24:25,8,616
manual_capture_2026-01-07T06:53:50.840Z.jpg,2026-01-07 12:24:25,8,612
manual_capture_2026-01-07T06:53:51.564Z.jpg,2026-01-07 12:24:26,8,623
manual_capture_2026-01-07T06:53:51.972Z.jpg,2026-01-07 12:24:26,10,625
manual_capture_2026-01-07T06:53:53.190Z.jpg,2026-01-07 12:24:27,11,615
manual_capture_2026-01-07T06:53:53.353Z.jpg,2026-01-07 12:24:28,10,610
manual_capture_2026-01-07T06:53:53.725Z.jpg,2026-01-07 12:24:28,6,610
manual_capture_2026-01-07T06:53:54.802Z.jpg,2026-01-07 12:24:29,8,611
manual_capture_2026-01-07T06:53:55.434Z.jpg,2026-01-07 12:24:30,7,600
manual_capture_2026-01-07T06:53:56.043Z.jpg,2026-01-07 12:24:30,7,622
manual_capture_2026-01-07T06:53:56.325Z.jpg,2026-01-07 12:24:31,5,612
manual_capture_2026-01-07T06:53:56.864Z.jpg,2026-01-07 12:24:31,9,615
manual_capture_2026-01-07T06:53:57.097Z.jpg,2026-01-07 12:24:32,4,613
manual_capture_2026-01-07T06:53:57.238Z.jpg,2026-01-07 12:24:33,8,610
manual_capture_2026-01-07T06:53:58.333Z.jpg,2026-01-07 12:24:33,6,616
manual_capture_2026-01-07T06:53:58.906Z.jpg,2026-01-07 12:24:34,7,610
manual_capture_2026-01-07T06:53:59.292Z.jpg,2026-01-07 12:24:34,9,611
manual_capture_2026-01-07T06:54:00.026Z.jpg,2026-01-07 12:24:35,9,605
manual_capture_2026-01-07T06:54:00.186Z.jpg,2026-01-07 12:24:36,10,628
manual_capture_2026-01-07T06:54:01.139Z.jpg,2026-01-07 12:24:36,9,613
manual_capture_2026-01-07T06:54:01.749Z.jpg,2026-01-07 12:24:37,13,610
manual_capture_2026-01-07T06:54:02.193Z.jpg,2026-01-07 12:24:38,12,613
manual_capture_2026-01-07T06:54:02.855Z.jpg,2026-01-07 12:24:38,8,620
manual_capture_2026-01-07T06:54:03.534Z.jpg,2026-01-07 12:24:39,7,605
manual_capture_2026-01-07T06:54:03.642Z.jpg,2026-01-07 12:24:39,8,622
manual_capture_2026-01-07T06:54:04.157Z.jpg,2026-01-07 12:24:40,10,611
manual_capture_2026-01-07T06:54:05.754Z.jpg,2026-01-07 12:24:41,14,623
manual_capture_2026-01-07T06:54:07.732Z.jpg,2026-01-07 12:24:41,13,615
manual_capture_2026-01-07T06:54:08.204Z.jpg,2026-01-07 12:24:42,10,612
manual_capture_2026-01-07T06:54:08.788Z.jpg,2026-01-07 12:24:43,7,615
manual_capture_2026-01-07T06:54:09.228Z.jpg,2026-01-07 12:24:43,9,622
manual_capture_2026-01-07T06:54:09.737Z.jpg,2026-01-07 12:24:44,11,614
manual_capture_2026-01-07T06:54:09.769Z.jpg,2026-01-07 12:24:44,10,606
manual_capture_2026-01-07T06:54:10.102Z.jpg,2026-01-07 12:24:45,14,599
manual_capture_2026-01-07T06:54:10.386Z.jpg,2026-01-07 12:24:46,15,615
manual_capture_2026-01-07T06:54:11.063Z.jpg,2026-01-07 12:24:46,11,602
manual_capture_2026-01-07T06:54:11.280Z.jpg,2026-01-07 12:24:47,9,600
manual_capture_2026-01-07T06:54:11.781Z.jpg,2026-01-07 12:24:50,11,640
manual_capture_2026-01-07T06:54:11.936Z.jpg,2026-01-07 12:24:51,9,615
manual_capture_2026-01-07T06:54:12.564Z.jpg,2026-01-07 12:24:52,11,619
manual_capture_2026-01-07T06:54:12.893Z.jpg,2026-01-07 12:24:52,7,614
manual_capture_2026-01-07T06:54:13.120Z.jpg,2026-01-07 12:24:53,10,612
manual_capture_2026-01-07T06:54:13.844Z.jpg,2026-01-07 12:24:54,8,617
manual_capture_2026-01-07T06:54:15.003Z.jpg,2026-01-07 12:24:54,9,610
manual_capture_2026-01-07T06:54:15.600Z.jpg,2026-01-07 12:24:55,12,618
manual_capture_2026-01-07T06:54:16.037Z.jpg,2026-01-07 12:24:55,5,616
manual_capture_2026-01-07T06:54:16.753Z.jpg,2026-01-07 12:24:56,8,615
manual_capture_2026-01-07T06:54:17.172Z.jpg,2026-01-07 12:24:57,8,618
manual_capture_2026-01-07T06:54:17.543Z.jpg,2026-01-07 12:24:57,9,613
manual_capture_2026-01-07T06:54:18.458Z.jpg,2026-01-07 12:24:58,9,618
manual_capture_2026-01-07T06:54:18.831Z.jpg,2026-01-07 12:24:58,9,610
manual_capture_2026-01-07T06:54:19.594Z.jpg,2026-01-07 12:24:59,5,615
manual_capture_2026-01-07T06:54:19.774Z.jpg,2026-01-07 12:25:00,10,616
manual_capture_2026-01-07T06:54:20.612Z.jpg,2026-01-07 12:25:00,8,615
manual_capture_2026-01-07T06:54:21.079Z.jpg,2026-01-07 12:25:01,8,636
manual_capture_2026-01-07T06:54:21.428Z.jpg,2026-01-07 12:25:02,9,615
manual_capture_2026-01-07T06:54:21.897Z.jpg,2026-01-07 12:25:02,12,610
manual_capture_2026-01-07T06:54:22.060Z.jpg,2026-01-07 12:25:03,9,625
manual_capture_2026-01-07T06:54:22.793Z.jpg,2026-01-07 12:25:03,8,608
manual_capture_2026-01-07T06:54:23.388Z.jpg,2026-01-07 12:25:04,9,619
manual_capture_2026-01-07T06:54:23.767Z.jpg,2026-01-07 12:25:05,10,624
manual_capture_2026-01-07T06:54:24.428Z.jpg,2026-01-07 12:25:05,10,608
manual_capture_2026-01-07T06:54:24.604Z.jpg,2026-01-07 12:25:06,10,613
manual_capture_2026-01-07T06:54:25.555Z.jpg,2026-01-07 12:25:07,10,602
manual_capture_2026-01-07T06:54:26.977Z.jpg,2026-01-07 12:25:07,9,611
manual_capture_2026-01-07T06:54:28.394Z.jpg,2026-01-07 12:25:08,8,611
manual_capture_2026-01-07T06:54:29.163Z.jpg,2026-01-07 12:25:08,7,613
manual_capture_2026-01-07T06:54:30.353Z.jpg,2026-01-07 12:25:09,12,613
manual_capture_2026-01-07T06:54:31.948Z.jpg,2026-01-07 12:25:10,8,609
manual_capture_2026-01-07T06:54:32.766Z.jpg,2026-01-07 12:25:10,11,601
manual_capture_2026-01-07T06:54:34.033Z.jpg,2026-01-07 12:25:11,10,619
manual_capture_2026-01-07T06:54:35.083Z.jpg,2026-01-07 12:25:11,9,615
manual_capture_2026-01-07T06:54:35.671Z.jpg,2026-01-07 12:25:12,14,612
manual_capture_2026-01-07T06:54:37.301Z.jpg,2026-01-07 12:25:13,9,606
manual_capture_2026-01-07T06:54:37.677Z.jpg,2026-01-07 12:25:13,14,605
manual_capture_2026-01-07T06:54:38.072Z.jpg,2026-01-07 12:25:14,10,641
manual_capture_2026-01-07T06:54:38.561Z.jpg,2026-01-07 12:25:15,7,611
manual_capture_2026-01-07T06:54:39.207Z.jpg,2026-01-07 12:25:15,12,608
manual_capture_2026-01-07T06:54:40.380Z.jpg,2026-01-07 12:25:16,10,609
manual_capture_2026-01-07T06:54:41.617Z.jpg,2026-01-07 12:25:16,8,624
manual_capture_2026-01-07T06:54:42.310Z.jpg,2026-01-07 12:25:17,8,621
manual_capture_2026-01-07T06:54:43.691Z.jpg,2026-01-07 12:25:18,8,615
manual_capture_2026-01-07T06:54:45.616Z.jpg,2026-01-07 12:25:18,7,627
manual_capture_2026-01-07T06:54:47.085Z.jpg,2026-01-07 12:25:19,9,611
manual_capture_2026-01-07T06:54:48.282Z.jpg,2026-01-07 12:25:19,9,606
manual_capture_2026-01-07T06:54:48.986Z.jpg,2026-01-07 12:25:20,12,625
manual_capture_2026-01-07T06:54:49.348Z.jpg,2026-01-07 12:25:21,7,623
manual_capture_2026-01-07T06:54:49.785Z.jpg,2026-01-07 12:25:21,8,638
manual_capture_2026-01-07T06:54:49.846Z.jpg,2026-01-07 12:25:22,9,630
manual_capture_2026-01-07T06:54:50.362Z.jpg,2026-01-07 12:25:26,14,659
manual_capture_2026-01-07T06:54:50.991Z.jpg,2026-01-07 12:25:26,9,617
manual_capture_2026-01-07T06:54:53.009Z.jpg,2026-01-07 12:25:27,11,613
manual_capture_2026-01-07T06:54:53.121Z.jpg,2026-01-07 12:25:28,13,609
manual_capture_2026-01-07T06:54:53.803Z.jpg,2026-01-07 12:25:28,9,625
manual_capture_2026-01-07T06:54:55.793Z.jpg,2026-01-07 12:25:29,12,624
manual_capture_2026-01-07T06:54:57.262Z.jpg,2026-01-07 12:25:29,12,683
manual_capture_2026-01-07T06:54:58.514Z.jpg,2026-01-07 12:25:30,16,680
manual_capture_2026-01-07T06:54:59.844Z.jpg,2026-01-07 12:25:31,10,756
manual_capture_2026-01-07T06:55:00.402Z.jpg,2026-01-07 12:25:32,9,887
manual_capture_2026-01-07T06:55:01.828Z.jpg,2026-01-07 12:25:33,11,775
manual_capture_2026-01-07T06:55:03.188Z.jpg,2026-01-07 12:25:33,10,883
manual_capture_2026-01-07T06:55:04.417Z.jpg,2026-01-07 12:25:34,10,731
manual_capture_2026-01-07T06:55:05.245Z.jpg,2026-01-07 12:25:35,9,643
manual_capture_2026-01-07T06:55:06.244Z.jpg,2026-01-07 12:25:35,0,0
manual_capture_2026-01-07T06:55:07.248Z.jpg,2026-01-07 12:25:35,0,0
manual_capture_2026-01-07T06:55:08.303Z.jpg,2026-01-07 12:25:35,0,0
manual_capture_2026-01-07T06:55:09.220Z.jpg,2026-01-07 12:25:35,0,0
manual_capture_2026-01-07T06:55:10.125Z.jpg,2026-01-07 12:25:35,0,0
manual_capture_2026-01-07T06:55:11.042Z.jpg,2026-01-07 12:25:35,0,0
manual_capture_2026-01-07T06:55:11.916Z.jpg,2026-01-07 12:25:35,0,0
manual_capture_2026-01-07T06:55:13.179Z.jpg,2026-01-07 12:25:35,0,0
manual_capture_2026-01-07T06:55:14.344Z.jpg,2026-01-07 12:25:35,0,0
manual_capture_2026-01-07T06:55:15.628Z.jpg,2026-01-07 12:25:35,0,0
manual_capture_2026-01-07T06:55:16.483Z.jpg,2026-01-07 12:25:35,0,0
manual_capture_2026-01-07T06:55:17.838Z.jpg,2026-01-07 12:25:35,0,0
manual_capture_2026-01-07T06:55:18.207Z.jpg,2026-01-07 12:25:35,0,0
manual_capture_2026-01-07T06:55:20.270Z.jpg,2026-01-07 12:25:35,0,0
manual_capture_2026-01-07T06:55:21.616Z.jpg,2026-01-07 12:25:35,0,0
manual_capture_2026-01-07T06:55:23.349Z.jpg,2026-01-07 12:25:35,0,0
manual_capture_2026-01-07T06:55:25.163Z.jpg,2026-01-07 12:25:35,13,647
manual_capture_2026-01-07T06:55:27.950Z.jpg,2026-01-07 12:25:39,13,648
manual_capture_2026-01-07T06:55:28.634Z.jpg,2026-01-07 12:25:40,12,614
manual_capture_2026-01-07T06:55:29.309Z.jpg,2026-01-07 12:25:40,16,619
manual_capture_2026-01-07T06:55:31.091Z.jpg,2026-01-07 12:25:41,10,639
manual_capture_2026-01-07T06:55:32.593Z.jpg,2026-01-07 12:25:42,9,609
manual_capture_2026-01-07T06:55:32.815Z.jpg,2026-01-07 12:25:42,12,636
manual_capture_2026-01-07T06:55:34.845Z.jpg,2026-01-07 12:25:43,14,631
manual_capture_2026-01-07T06:55:34.847Z.jpg,2026-01-07 12:25:44,14,623
manual_capture_2026-01-07T06:55:38.448Z.jpg,2026-01-07 12:25:44,13,613
manual_capture_2026-01-07T06:55:40.109Z.jpg,2026-01-07 12:25:48,15,645
manual_capture_2026-01-07T06:55:40.212Z.jpg,2026-01-07 12:25:48,11,625
manual_capture_2026-01-07T06:55:41.233Z.jpg,2026-01-07 12:25:49,10,603
manual_capture_2026-01-07T06:55:41.876Z.jpg,2026-01-07 12:25:50,9,609
manual_capture_2026-01-07T06:55:41.990Z.jpg,2026-01-07 12:25:50,12,610
manual_capture_2026-01-07T06:55:43.101Z.jpg,2026-01-07 12:25:51,14,616
manual_capture_2026-01-07T06:55:43.639Z.jpg,2026-01-07 12:25:52,12,628
manual_capture_2026-01-07T06:55:44.707Z.jpg,2026-01-07 12:25:52,14,622
manual_capture_2026-01-07T06:55:45.771Z.jpg,2026-01-07 12:25:53,14,634
manual_capture_2026-01-07T06:55:47.174Z.jpg,2026-01-07 12:25:53,13,625
manual_capture_2026-01-07T06:55:49.458Z.jpg,2026-01-07 12:25:57,13,651
manual_capture_2026-01-07T06:55:50.560Z.jpg,2026-01-07 12:25:58,10,616
manual_capture_2026-01-07T06:55:52.186Z.jpg,2026-01-07 12:25:58,15,620
manual_capture_2026-01-07T06:55:54.985Z.jpg,2026-01-07 12:25:59,12,612
manual_capture_2026-01-07T06:55:59.698Z.jpg,2026-01-07 12:26:03,16,657
manual_capture_2026-01-07T06:56:00.941Z.jpg,2026-01-07 12:26:03,17,608
manual_capture_2026-01-07T06:56:04.262Z.jpg,2026-01-07 12:26:07,13,666
manual_capture_2026-01-07T06:56:04.653Z.jpg,2026-01-07 12:26:07,11,611
manual_capture_2026-01-07T06:56:05.086Z.jpg,2026-01-07 12:26:08,11,626
manual_capture_2026-01-07T06:56:07.363Z.jpg,2026-01-07 12:26:12,10,657
manual_capture_2026-01-07T06:56:08.415Z.jpg,2026-01-07 12:26:12,8,614
manual_capture_2026-01-07T06:56:08.933Z.jpg,2026-01-07 12:26:13,10,614
manual_capture_2026-01-07T06:56:09.164Z.jpg,2026-01-07 12:26:14,6,606
manual_capture_2026-01-07T06:56:10.530Z.jpg,2026-01-07 12:26:14,9,608
manual_capture_2026-01-07T06:56:12.840Z.jpg,2026-01-07 12:26:18,8,645
manual_capture_2026-01-07T06:56:13.755Z.jpg,2026-01-07 12:26:19,7,628
manual_capture_2026-01-07T06:56:14.983Z.jpg,2026-01-07 12:26:19,11,611
manual_capture_2026-01-07T06:56:18.444Z.jpg,2026-01-07 12:26:23,6,646
manual_capture_2026-01-07T06:56:23.664Z.jpg,2026-01-07 12:26:26,8,637
manual_capture_2026-01-07T06:56:23.741Z.jpg,2026-01-07 12:26:27,8,607
manual_capture_2026-01-07T06:56:24.399Z.jpg,2026-01-07 12:26:28,10,623
manual_capture_2026-01-07T06:56:28.177Z.jpg,2026-01-07 12:26:31,9,662
manual_capture_2026-01-07T06:56:30.914Z.jpg,2026-01-07 12:26:32,11,620
manual_capture_2026-01-07T06:56:30.947Z.jpg,2026-01-07 12:26:33,8,616
manual_capture_2026-01-07T06:56:33.903Z.jpg,2026-01-07 12:26:36,12,644
manual_capture_2026-01-07T06:56:36.267Z.jpg,2026-01-07 12:26:40,7,647
manual_capture_2026-01-07T06:56:37.248Z.jpg,2026-01-07 12:26:40,11,618
manual_capture_2026-01-07T06:56:39.447Z.jpg,2026-01-07 12:26:41,14,631
manual_capture_2026-01-07T06:56:40.604Z.jpg,2026-01-07 12:26:45,12,643
manual_capture_2026-01-07T06:56:42.540Z.jpg,2026-01-07 12:26:45,11,628
manual_capture_2026-01-07T06:56:43.327Z.jpg,2026-01-07 12:26:46,12,629
manual_capture_2026-01-07T06:56:43.465Z.jpg,2026-01-07 12:26:47,13,618
manual_capture_2026-01-07T06:56:45.155Z.jpg,2026-01-07 12:26:50,11,659
manual_capture_2026-01-07T06:56:45.532Z.jpg,2026-01-07 12:26:51,12,618
manual_capture_2026-01-07T06:56:46.808Z.jpg,2026-01-07 12:26:52,8,614
manual_capture_2026-01-07T06:56:47.223Z.jpg,2026-01-07 12:26:52,11,610
manual_capture_2026-01-07T06:56:48.217Z.jpg,2026-01-07 12:26:53,13,625
manual_capture_2026-01-07T06:56:48.457Z.jpg,2026-01-07 12:26:53,13,605
manual_capture_2026-01-07T06:56:49.258Z.jpg,2026-01-07 12:26:54,11,628
manual_capture_2026-01-07T06:56:50.164Z.jpg,2026-01-07 12:26:58,11,648
manual_capture_2026-01-07T06:56:50.480Z.jpg,2026-01-07 12:26:58,10,618
manual_capture_2026-01-07T06:56:51.429Z.jpg,2026-01-07 12:26:59,6,611
manual_capture_2026-01-07T06:56:52.412Z.jpg,2026-01-07 12:27:00,8,631
manual_capture_2026-01-07T06:56:52.832Z.jpg,2026-01-07 12:27:00,12,610
manual_capture_2026-01-07T06:56:53.342Z.jpg,2026-01-07 12:27:01,13,618
manual_capture_2026-01-07T06:56:53.459Z.jpg,2026-01-07 12:27:01,12,614
manual_capture_2026-01-07T06:56:55.010Z.jpg,2026-01-07 12:27:02,11,614
manual_capture_2026-01-07T06:57:00.863Z.jpg,2026-01-07 12:27:06,16,657
manual_capture_2026-01-07T06:57:00.866Z.jpg,2026-01-07 12:27:06,5,619
manual_capture_2026-01-07T06:57:03.111Z.jpg,2026-01-07 12:27:07,5,612
manual_capture_2026-01-07T06:57:03.302Z.jpg,2026-01-07 12:27:08,14,623
manual_capture_2026-01-07T06:57:03.444Z.jpg,2026-01-07 12:27:08,9,614
manual_capture_2026-01-07T06:57:04.250Z.jpg,2026-01-07 12:27:09,9,607
manual_capture_2026-01-07T06:57:05.137Z.jpg,2026-01-07 12:27:09,11,623
manual_capture_2026-01-07T06:57:05.401Z.jpg,2026-01-07 12:27:10,11,604
manual_capture_2026-01-07T06:57:06.791Z.jpg,2026-01-07 12:27:14,7,672
manual_capture_2026-01-07T06:57:07.457Z.jpg,2026-01-07 12:27:14,6,624
manual_capture_2026-01-07T06:57:08.127Z.jpg,2026-01-07 12:27:15,6,612
manual_capture_2026-01-07T06:57:08.320Z.jpg,2026-01-07 12:27:16,7,613
manual_capture_2026-01-07T06:57:09.109Z.jpg,2026-01-07 12:27:16,6,623
manual_capture_2026-01-07T06:57:09.296Z.jpg,2026-01-07 12:27:17,8,619
manual_capture_2026-01-07T06:57:10.359Z.jpg,2026-01-07 12:27:17,8,616
manual_capture_2026-01-07T06:57:10.979Z.jpg,2026-01-07 12:27:18,7,617
manual_capture_2026-01-07T06:57:11.111Z.jpg,2026-01-07 12:27:19,8,605
manual_capture_2026-01-07T06:57:11.994Z.jpg,2026-01-07 12:27:19,8,617
manual_capture_2026-01-07T06:57:12.169Z.jpg,2026-01-07 12:27:20,8,605
manual_capture_2026-01-07T06:57:12.769Z.jpg,2026-01-07 12:27:20,11,616
manual_capture_2026-01-07T06:57:13.103Z.jpg,2026-01-07 12:27:21,11,618
manual_capture_2026-01-07T06:57:13.618Z.jpg,2026-01-07 12:27:25,11,648
manual_capture_2026-01-07T06:57:13.972Z.jpg,2026-01-07 12:27:25,9,624
manual_capture_2026-01-07T06:57:14.198Z.jpg,2026-01-07 12:27:26,8,613
manual_capture_2026-01-07T06:57:15.644Z.jpg,2026-01-07 12:27:27,9,598
manual_capture_2026-01-07T06:57:16.268Z.jpg,2026-01-07 12:27:27,10,600
manual_capture_2026-01-07T06:57:17.374Z.jpg,2026-01-07 12:27:28,11,617
manual_capture_2026-01-07T06:57:17.968Z.jpg,2026-01-07 12:27:28,8,616
manual_capture_2026-01-07T06:57:18.633Z.jpg,2026-01-07 12:27:29,8,625
manual_capture_2026-01-07T06:57:19.666Z.jpg,2026-01-07 12:27:30,6,614
manual_capture_2026-01-07T06:57:20.887Z.jpg,2026-01-07 12:27:30,8,619
manual_capture_2026-01-07T06:57:21.230Z.jpg,2026-01-07 12:27:31,8,616
manual_capture_2026-01-07T06:57:21.911Z.jpg,2026-01-07 12:27:32,7,612
manual_capture_2026-01-07T06:57:22.578Z.jpg,2026-01-07 12:27:32,8,603
manual_capture_2026-01-07T06:57:22.764Z.jpg,2026-01-07 12:27:33,9,614
manual_capture_2026-01-07T06:57:24.144Z.jpg,2026-01-07 12:27:33,6,609
manual_capture_2026-01-07T06:57:24.567Z.jpg,2026-01-07 12:27:34,4,623
manual_capture_2026-01-07T06:57:25.142Z.jpg,2026-01-07 12:27:38,3,673
manual_capture_2026-01-07T06:57:25.537Z.jpg,2026-01-07 12:27:38,5,607
manual_capture_2026-01-07T06:57:25.694Z.jpg,2026-01-07 12:27:39,4,610
manual_capture_2026-01-07T06:57:26.742Z.jpg,2026-01-07 12:27:40,1,600
manual_capture_2026-01-07T06:57:27.111Z.jpg,2026-01-07 12:27:40,5,606
manual_capture_2026-01-07T06:57:27.935Z.jpg,2026-01-07 12:27:41,7,614
manual_capture_2026-01-07T06:57:28.291Z.jpg,2026-01-07 12:27:41,8,611
manual_capture_2026-01-07T06:57:28.987Z.jpg,2026-01-07 12:27:42,6,625
manual_capture_2026-01-07T06:57:29.322Z.jpg,2026-01-07 12:27:43,6,605
manual_capture_2026-01-07T06:57:30.101Z.jpg,2026-01-07 12:27:43,7,617
manual_capture_2026-01-07T06:57:30.876Z.jpg,2026-01-07 12:27:44,8,601
manual_capture_2026-01-07T06:57:31.219Z.jpg,2026-01-07 12:27:44,8,591
manual_capture_2026-01-07T06:57:31.744Z.jpg,2026-01-07 12:27:45,4,605
manual_capture_2026-01-07T06:57:32.395Z.jpg,2026-01-07 12:27:46,6,608
manual_capture_2026-01-07T06:57:32.547Z.jpg,2026-01-07 12:27:46,8,612
manual_capture_2026-01-07T06:57:33.136Z.jpg,2026-01-07 12:27:47,6,621
manual_capture_2026-01-07T06:57:33.898Z.jpg,2026-01-07 12:27:47,5,626
manual_capture_2026-01-07T06:57:34.462Z.jpg,2026-01-07 12:27:48,6,621
manual_capture_2026-01-07T06:57:34.828Z.jpg,2026-01-07 12:27:49,6,607
manual_capture_2026-01-07T06:57:35.058Z.jpg,2026-01-07 12:27:49,6,606
manual_capture_2026-01-07T06:57:35.562Z.jpg,2026-01-07 12:27:50,7,615
manual_capture_2026-01-07T06:57:35.865Z.jpg,2026-01-07 12:27:51,8,609
manual_capture_2026-01-07T06:57:36.502Z.jpg,2026-01-07 12:27:51,5,635
manual_capture_2026-01-07T06:57:36.961Z.jpg,2026-01-07 12:27:52,13,604
manual_capture_2026-01-07T06:57:37.406Z.jpg,2026-01-07 12:27:52,8,607
manual_capture_2026-01-07T06:57:37.560Z.jpg,2026-01-07 12:27:56,5,640
manual_capture_2026-01-07T06:57:39.415Z.jpg,2026-01-07 12:27:57,8,626
manual_capture_2026-01-07T06:57:40.980Z.jpg,2026-01-07 12:27:57,8,614
manual_capture_2026-01-07T06:57:45.326Z.jpg,2026-01-07 12:27:58,10,609
manual_capture_2026-01-07T06:57:46.094Z.jpg,2026-01-07 12:27:59,9,608
manual_capture_2026-01-07T06:57:47.508Z.jpg,2026-01-07 12:27:59,7,613
manual_capture_2026-01-07T06:57:47.956Z.jpg,2026-01-07 12:28:00,11,622
manual_capture_2026-01-07T06:57:48.764Z.jpg,2026-01-07 12:28:00,11,621
manual_capture_2026-01-07T06:57:48.931Z.jpg,2026-01-07 12:28:01,11,625
manual_capture_2026-01-07T06:57:50.160Z.jpg,2026-01-07 12:28:02,14,625
manual_capture_2026-01-07T06:57:51.461Z.jpg,2026-01-07 12:28:02,8,611
manual_capture_2026-01-07T06:57:52.341Z.jpg,2026-01-07 12:28:03,10,610
manual_capture_2026-01-07T06:57:52.846Z.jpg,2026-01-07 12:28:04,9,620
manual_capture_2026-01-07T06:57:53.142Z.jpg,2026-01-07 12:28:04,6,609
manual_capture_2026-01-07T06:57:53.377Z.jpg,2026-01-07 12:28:05,7,611
manual_capture_2026-01-07T06:57:53.452Z.jpg,2026-01-07 12:28:05,6,612
manual_capture_2026-01-07T06:57:53.886Z.jpg,2026-01-07 12:28:06,7,613
manual_capture_2026-01-07T06:57:54.227Z.jpg,2026-01-07 12:28:07,5,600
manual_capture_2026-01-07T06:57:55.534Z.jpg,2026-01-07 12:28:07,10,610
manual_capture_2026-01-07T06:57:56.126Z.jpg,2026-01-07 12:28:11,9,659
manual_capture_2026-01-07T06:57:56.360Z.jpg,2026-01-07 12:28:11,5,611
manual_capture_2026-01-07T06:57:57.066Z.jpg,2026-01-07 12:28:12,9,618
manual_capture_2026-01-07T06:57:57.763Z.jpg,2026-01-07 12:28:13,7,611
manual_capture_2026-01-07T06:57:58.267Z.jpg,2026-01-07 12:28:13,10,620
manual_capture_2026-01-07T06:57:58.807Z.jpg,2026-01-07 12:28:14,12,619
manual_capture_2026-01-07T06:57:59.400Z.jpg,2026-01-07 12:28:15,11,615
manual_capture_2026-01-07T06:57:59.778Z.jpg,2026-01-07 12:28:15,10,613
manual_capture_2026-01-07T06:58:00.228Z.jpg,2026-01-07 12:28:16,9,612
manual_capture_2026-01-07T06:58:01.133Z.jpg,2026-01-07 12:28:16,10,620
manual_capture_2026-01-07T06:58:01.878Z.jpg,2026-01-07 12:28:17,9,610
manual_capture_2026-01-07T06:58:02.518Z.jpg,2026-01-07 12:28:18,8,612
manual_capture_2026-01-07T06:58:02.978Z.jpg,2026-01-07 12:28:18,10,603
manual_capture_2026-01-07T06:58:03.192Z.jpg,2026-01-07 12:28:19,10,617
manual_capture_2026-01-07T06:58:03.985Z.jpg,2026-01-07 12:28:19,9,608
manual_capture_2026-01-07T06:58:04.152Z.jpg,2026-01-07 12:28:20,9,624
manual_capture_2026-01-07T06:58:05.224Z.jpg,2026-01-07 12:28:21,11,618
manual_capture_2026-01-07T06:58:06.964Z.jpg,2026-01-07 12:28:21,10,606
manual_capture_2026-01-07T06:58:08.541Z.jpg,2026-01-07 12:28:22,13,619
manual_capture_2026-01-07T06:58:10.969Z.jpg,2026-01-07 12:28:26,7,660
manual_capture_2026-01-07T06:58:15.972Z.jpg,2026-01-07 12:28:26,9,607
manual_capture_2026-01-07T06:58:16.742Z.jpg,2026-01-07 12:28:27,12,616
manual_capture_2026-01-07T06:58:18.232Z.jpg,2026-01-07 12:28:27,11,617
manual_capture_2026-01-07T06:58:18.675Z.jpg,2026-01-07 12:28:28,10,602
manual_capture_2026-01-07T06:58:19.178Z.jpg,2026-01-07 12:28:29,10,610
manual_capture_2026-01-07T06:58:20.227Z.jpg,2026-01-07 12:28:29,9,613
manual_capture_2026-01-07T06:58:20.838Z.jpg,2026-01-07 12:28:30,10,613
manual_capture_2026-01-07T06:58:21.612Z.jpg,2026-01-07 12:28:31,11,623
manual_capture_2026-01-07T06:58:22.361Z.jpg,2026-01-07 12:28:31,7,609
manual_capture_2026-01-07T06:58:23.159Z.jpg,2026-01-07 12:28:32,9,613
manual_capture_2026-01-07T06:58:23.421Z.jpg,2026-01-07 12:28:32,9,606
manual_capture_2026-01-07T06:58:24.057Z.jpg,2026-01-07 12:28:33,5,630
manual_capture_2026-01-07T06:58:24.292Z.jpg,2026-01-07 12:28:34,5,631
manual_capture_2026-01-07T06:58:24.768Z.jpg,2026-01-07 12:28:34,8,602
manual_capture_2026-01-07T06:58:25.901Z.jpg,2026-01-07 12:28:38,9,640
manual_capture_2026-01-07T06:58:27.179Z.jpg,2026-01-07 12:28:39,15,626
manual_capture_2026-01-07T06:58:28.428Z.jpg,2026-01-07 12:28:39,17,630
manual_capture_2026-01-07T06:58:29.764Z.jpg,2026-01-07 12:28:40,12,612
manual_capture_2026-01-07T06:58:31.019Z.jpg,2026-01-07 12:28:40,13,607
manual_capture_2026-01-07T06:58:32.647Z.jpg,2026-01-07 12:28:41,12,621
manual_capture_2026-01-07T06:58:32.798Z.jpg,2026-01-07 12:28:42,9,617
manual_capture_2026-01-07T06:58:33.173Z.jpg,2026-01-07 12:28:42,13,612
manual_capture_2026-01-07T06:58:33.412Z.jpg,2026-01-07 12:28:43,13,607
manual_capture_2026-01-07T06:58:34.453Z.jpg,2026-01-07 12:28:43,15,622
manual_capture_2026-01-07T06:58:35.190Z.jpg,2026-01-07 12:28:44,11,604
manual_capture_2026-01-07T06:58:36.393Z.jpg,2026-01-07 12:28:45,9,616
manual_capture_2026-01-07T06:58:37.507Z.jpg,2026-01-07 12:28:45,12,605
manual_capture_2026-01-07T06:58:38.217Z.jpg,2026-01-07 12:28:49,16,635
manual_capture_2026-01-07T06:58:38.843Z.jpg,2026-01-07 12:28:50,10,629
manual_capture_2026-01-07T06:58:39.342Z.jpg,2026-01-07 12:28:50,11,619
manual_capture_2026-01-07T06:58:39.745Z.jpg,2026-01-07 12:28:51,10,625
manual_capture_2026-01-07T06:58:40.471Z.jpg,2026-01-07 12:28:51,9,605
manual_capture_2026-01-07T06:58:40.851Z.jpg,2026-01-07 12:28:52,11,629
manual_capture_2026-01-07T06:58:41.010Z.jpg,2026-01-07 12:28:53,6,622
manual_capture_2026-01-07T06:58:42.198Z.jpg,2026-01-07 12:28:53,14,602
manual_capture_2026-01-07T06:58:42.659Z.jpg,2026-01-07 12:28:54,13,618
manual_capture_2026-01-07T06:58:43.752Z.jpg,2026-01-07 12:28:55,12,609
manual_capture_2026-01-07T06:58:44.848Z.jpg,2026-01-07 12:28:55,13,622
manual_capture_2026-01-07T06:58:45.430Z.jpg,2026-01-07 12:28:56,13,619
manual_capture_2026-01-07T06:58:46.061Z.jpg,2026-01-07 12:28:56,11,620
manual_capture_2026-01-07T06:58:46.369Z.jpg,2026-01-07 12:28:57,15,619
manual_capture_2026-01-07T06:58:46.827Z.jpg,2026-01-07 12:28:58,12,623
manual_capture_2026-01-07T06:58:46.951Z.jpg,2026-01-07 12:28:58,8,618
manual_capture_2026-01-07T06:58:48.169Z.jpg,2026-01-07 12:28:59,12,631
manual_capture_2026-01-07T06:58:49.705Z.jpg,2026-01-07 12:29:03,11,659
manual_capture_2026-01-07T06:58:50.868Z.jpg,2026-01-07 12:29:03,10,617
manual_capture_2026-01-07T06:58:51.680Z.jpg,2026-01-07 12:29:04,10,599
manual_capture_2026-01-07T06:58:53.086Z.jpg,2026-01-07 12:29:04,8,618
manual_capture_2026-01-07T06:58:53.966Z.jpg,2026-01-07 12:29:05,12,616
manual_capture_2026-01-07T06:58:54.525Z.jpg,2026-01-07 12:29:06,10,608
manual_capture_2026-01-07T06:58:55.510Z.jpg,2026-01-07 12:29:06,11,619
manual_capture_2026-01-07T06:58:57.696Z.jpg,2026-01-07 12:29:07,10,620
manual_capture_2026-01-07T06:58:58.889Z.jpg,2026-01-07 12:29:08,9,620
manual_capture_2026-01-07T06:58:59.313Z.jpg,2026-01-07 12:29:08,9,614
manual_capture_2026-01-07T06:59:00.484Z.jpg,2026-01-07 12:29:09,8,602
manual_capture_2026-01-07T06:59:00.929Z.jpg,2026-01-07 12:29:09,8,612
manual_capture_2026-01-07T06:59:01.035Z.jpg,2026-01-07 12:29:10,9,622
manual_capture_2026-01-07T06:59:01.692Z.jpg,2026-01-07 12:29:11,9,618
manual_capture_2026-01-07T06:59:02.191Z.jpg,2026-01-07 12:29:11,14,611
manual_capture_2026-01-07T06:59:02.402Z.jpg,2026-01-07 12:29:12,11,621
manual_capture_2026-01-07T06:59:02.866Z.jpg,2026-01-07 12:29:16,13,666
manual_capture_2026-01-07T06:59:03.282Z.jpg,2026-01-07 12:29:16,7,612
manual_capture_2026-01-07T06:59:03.561Z.jpg,2026-01-07 12:29:17,8,607
manual_capture_2026-01-07T06:59:03.983Z.jpg,2026-01-07 12:29:17,8,618
manual_capture_2026-01-07T06:59:04.446Z.jpg,2026-01-07 12:29:18,7,615
manual_capture_2026-01-07T06:59:05.020Z.jpg,2026-01-07 12:29:19,13,596
manual_capture_2026-01-07T06:59:05.347Z.jpg,2026-01-07 12:29:19,12,612
manual_capture_2026-01-07T06:59:06.182Z.jpg,2026-01-07 12:29:20,11,604
manual_capture_2026-01-07T06:59:06.569Z.jpg,2026-01-07 12:29:20,9,620
manual_capture_2026-01-07T06:59:07.036Z.jpg,2026-01-07 12:29:21,11,627
manual_capture_2026-01-07T06:59:07.236Z.jpg,2026-01-07 12:29:22,11,621
manual_capture_2026-01-07T06:59:08.124Z.jpg,2026-01-07 12:29:22,11,606
manual_capture_2026-01-07T06:59:09.007Z.jpg,2026-01-07 12:29:23,13,622
manual_capture_2026-01-07T06:59:09.672Z.jpg,2026-01-07 12:29:24,9,622
manual_capture_2026-01-07T06:59:09.866Z.jpg,2026-01-07 12:29:24,12,608
manual_capture_2026-01-07T06:59:10.004Z.jpg,2026-01-07 12:29:25,12,605
manual_capture_2026-01-07T06:59:10.409Z.jpg,2026-01-07 12:29:25,9,602
manual_capture_2026-01-07T06:59:10.726Z.jpg,2026-01-07 12:29:26,11,612
manual_capture_2026-01-07T06:59:11.274Z.jpg,2026-01-07 12:29:27,11,612
manual_capture_2026-01-07T06:59:14.119Z.jpg,2026-01-07 12:29:27,13,627
manual_capture_2026-01-07T06:59:20.600Z.jpg,2026-01-07 12:29:31,8,680
manual_capture_2026-01-07T06:59:21.920Z.jpg,2026-01-07 12:29:32,11,603
manual_capture_2026-01-07T06:59:23.783Z.jpg,2026-01-07 12:29:32,11,614
manual_capture_2026-01-07T06:59:25.112Z.jpg,2026-01-07 12:29:33,13,612
manual_capture_2026-01-07T06:59:27.167Z.jpg,2026-01-07 12:29:33,8,607
manual_capture_2026-01-07T06:59:27.955Z.jpg,2026-01-07 12:29:34,9,617
manual_capture_2026-01-07T06:59:29.351Z.jpg,2026-01-07 12:29:35,7,622
manual_capture_2026-01-07T06:59:30.414Z.jpg,2026-01-07 12:29:35,8,610
manual_capture_2026-01-07T06:59:31.355Z.jpg,2026-01-07 12:29:39,11,642
manual_capture_2026-01-07T06:59:32.553Z.jpg,2026-01-07 12:29:39,6,617
manual_capture_2026-01-07T06:59:33.572Z.jpg,2026-01-07 12:29:40,7,603
manual_capture_2026-01-07T06:59:34.040Z.jpg,2026-01-07 12:29:41,9,611
manual_capture_2026-01-07T06:59:34.325Z.jpg,2026-01-07 12:29:41,11,619
manual_capture_2026-01-07T06:59:36.140Z.jpg,2026-01-07 12:29:42,6,619
manual_capture_2026-01-07T06:59:36.239Z.jpg,2026-01-07 12:29:43,9,618
manual_capture_2026-01-07T06:59:39.864Z.jpg,2026-01-07 12:29:46,9,652
manual_capture_2026-01-07T06:59:41.310Z.jpg,2026-01-07 12:29:47,8,612
manual_capture_2026-01-07T06:59:45.656Z.jpg,2026-01-07 12:29:47,10,615
manual_capture_2026-01-07T06:59:48.265Z.jpg,2026-01-07 12:29:51,10,644
manual_capture_2026-01-07T06:59:48.757Z.jpg,2026-01-07 12:29:52,11,617
manual_capture_2026-01-07T06:59:49.064Z.jpg,2026-01-07 12:29:52,10,607
manual_capture_2026-01-07T06:59:49.364Z.jpg,2026-01-07 12:29:53,7,597
manual_capture_2026-01-07T06:59:50.447Z.jpg,2026-01-07 12:29:54,5,611
manual_capture_2026-01-07T06:59:51.100Z.jpg,2026-01-07 12:29:57,7,662
manual_capture_2026-01-07T06:59:51.300Z.jpg,2026-01-07 12:29:58,11,612
manual_capture_2026-01-07T06:59:51.714Z.jpg,2026-01-07 12:29:58,11,605
manual_capture_2026-01-07T06:59:51.973Z.jpg,2026-01-07 12:29:59,10,620
manual_capture_2026-01-07T06:59:53.180Z.jpg,2026-01-07 12:30:00,9,598
manual_capture_2026-01-07T06:59:54.815Z.jpg,2026-01-07 12:30:00,11,615
manual_capture_2026-01-07T06:59:55.238Z.jpg,2026-01-07 12:30:01,7,616
manual_capture_2026-01-07T06:59:55.797Z.jpg,2026-01-07 12:30:02,9,617
manual_capture_2026-01-07T06:59:56.307Z.jpg,2026-01-07 12:30:02,8,617
manual_capture_2026-01-07T06:59:56.798Z.jpg,2026-01-07 12:30:03,9,620
manual_capture_2026-01-07T06:59:57.625Z.jpg,2026-01-07 12:30:06,7,661
manual_capture_2026-01-07T06:59:58.583Z.jpg,2026-01-07 12:30:07,12,619
manual_capture_2026-01-07T06:59:59.389Z.jpg,2026-01-07 12:30:08,9,619
manual_capture_2026-01-07T06:59:59.496Z.jpg,2026-01-07 12:30:08,9,619
manual_capture_2026-01-07T07:00:00.872Z.jpg,2026-01-07 12:30:09,8,612
manual_capture_2026-01-07T07:00:03.122Z.jpg,2026-01-07 12:30:10,7,609
manual_capture_2026-01-07T07:00:03.742Z.jpg,2026-01-07 12:30:10,8,606
manual_capture_2026-01-07T07:00:04.242Z.jpg,2026-01-07 12:30:11,6,620
manual_capture_2026-01-07T07:00:04.955Z.jpg,2026-01-07 12:30:11,9,625
manual_capture_2026-01-07T07:00:05.506Z.jpg,2026-01-07 12:30:12,10,618
manual_capture_2026-01-07T07:00:06.138Z.jpg,2026-01-07 12:30:13,11,611
manual_capture_2026-01-07T07:00:06.953Z.jpg,2026-01-07 12:30:16,9,647
manual_capture_2026-01-07T07:00:07.242Z.jpg,2026-01-07 12:30:17,9,613
manual_capture_2026-01-07T07:00:08.403Z.jpg,2026-01-07 12:30:18,9,613
manual_capture_2026-01-07T07:00:08.690Z.jpg,2026-01-07 12:30:18,9,614
manual_capture_2026-01-07T07:00:09.286Z.jpg,2026-01-07 12:30:19,12,621
manual_capture_2026-01-07T07:00:10.181Z.jpg,2026-01-07 12:30:19,11,614
manual_capture_2026-01-07T07:00:11.020Z.jpg,2026-01-07 12:30:20,10,610
manual_capture_2026-01-07T07:00:11.591Z.jpg,2026-01-07 12:30:21,8,625
manual_capture_2026-01-07T07:00:12.339Z.jpg,2026-01-07 12:30:21,8,654
manual_capture_2026-01-07T07:00:13.598Z.jpg,2026-01-07 12:30:22,8,614
manual_capture_2026-01-07T07:00:14.331Z.jpg,2026-01-07 12:30:22,8,610
manual_capture_2026-01-07T07:00:14.806Z.jpg,2026-01-07 12:30:23,7,621
manual_capture_2026-01-07T07:00:15.263Z.jpg,2026-01-07 12:30:24,7,617
manual_capture_2026-01-07T07:00:15.972Z.jpg,2026-01-07 12:30:24,8,611
manual_capture_2026-01-07T07:00:16.111Z.jpg,2026-01-07 12:30:25,8,615
manual_capture_2026-01-07T07:00:16.678Z.jpg,2026-01-07 12:30:29,11,637
manual_capture_2026-01-07T07:00:17.677Z.jpg,2026-01-07 12:30:29,7,621
manual_capture_2026-01-07T07:00:18.811Z.jpg,2026-01-07 12:30:30,8,610
manual_capture_2026-01-07T07:00:20.556Z.jpg,2026-01-07 12:30:30,5,613
manual_capture_2026-01-07T07:00:21.622Z.jpg,2026-01-07 12:30:31,9,624
manual_capture_2026-01-07T07:00:22.355Z.jpg,2026-01-07 12:30:32,4,617
manual_capture_2026-01-07T07:00:22.998Z.jpg,2026-01-07 12:30:32,8,619
manual_capture_2026-01-07T07:00:23.360Z.jpg,2026-01-07 12:30:33,11,622
manual_capture_2026-01-07T07:00:24.282Z.jpg,2026-01-07 12:30:34,9,603
manual_capture_2026-01-07T07:00:25.052Z.jpg,2026-01-07 12:30:34,6,622
manual_capture_2026-01-07T07:00:26.182Z.jpg,2026-01-07 12:30:35,7,611
manual_capture_2026-01-07T07:00:27.010Z.jpg,2026-01-07 12:30:35,6,618
manual_capture_2026-01-07T07:00:27.775Z.jpg,2026-01-07 12:30:36,7,625
manual_capture_2026-01-07T07:00:27.993Z.jpg,2026-01-07 12:30:37,6,612
manual_capture_2026-01-07T07:00:28.861Z.jpg,2026-01-07 12:30:40,7,642
manual_capture_2026-01-07T07:00:29.475Z.jpg,2026-01-07 12:30:41,11,636
manual_capture_2026-01-07T07:00:29.729Z.jpg,2026-01-07 12:30:42,5,621
manual_capture_2026-01-07T07:00:29.825Z.jpg,2026-01-07 12:30:42,13,626
manual_capture_2026-01-07T07:00:30.869Z.jpg,2026-01-07 12:30:43,11,615
manual_capture_2026-01-07T07:00:31.056Z.jpg,2026-01-07 12:30:43,7,607
manual_capture_2026-01-07T07:00:32.477Z.jpg,2026-01-07 12:30:44,9,618
manual_capture_2026-01-07T07:00:32.933Z.jpg,2026-01-07 12:30:45,6,602
manual_capture_2026-01-07T07:00:33.030Z.jpg,2026-01-07 12:30:45,7,607
manual_capture_2026-01-07T07:00:33.797Z.jpg,2026-01-07 12:30:46,8,638
manual_capture_2026-01-07T07:00:33.915Z.jpg,2026-01-07 12:30:47,9,608
manual_capture_2026-01-07T07:00:35.636Z.jpg,2026-01-07 12:30:47,10,618
manual_capture_2026-01-07T07:00:36.141Z.jpg,2026-01-07 12:30:48,10,609
manual_capture_2026-01-07T07:00:36.222Z.jpg,2026-01-07 12:30:48,12,616
manual_capture_2026-01-07T07:00:36.894Z.jpg,2026-01-07 12:30:49,11,600
manual_capture_2026-01-07T07:00:37.341Z.jpg,2026-01-07 12:30:50,12,639
manual_capture_2026-01-07T07:00:37.440Z.jpg,2026-01-07 12:30:50,9,615
manual_capture_2026-01-07T07:00:38.545Z.jpg,2026-01-07 12:30:51,11,628
manual_capture_2026-01-07T07:00:38.748Z.jpg,2026-01-07 12:30:51,11,604
manual_capture_2026-01-07T07:00:39.664Z.jpg,2026-01-07 12:30:52,9,610
manual_capture_2026-01-07T07:00:39.986Z.jpg,2026-01-07 12:30:53,9,617
manual_capture_2026-01-07T07:00:41.751Z.jpg,2026-01-07 12:30:56,5,668
manual_capture_2026-01-07T07:00:42.408Z.jpg,2026-01-07 12:30:57,7,627
manual_capture_2026-01-07T07:00:43.185Z.jpg,2026-01-07 12:30:58,8,612
manual_capture_2026-01-07T07:00:44.071Z.jpg,2026-01-07 12:30:58,6,622
manual_capture_2026-01-07T07:00:45.704Z.jpg,2026-01-07 12:30:59,9,608
manual_capture_2026-01-07T07:00:49.365Z.jpg,2026-01-07 12:30:59,11,611
manual_capture_2026-01-07T07:00:50.423Z.jpg,2026-01-07 12:31:00,8,623
manual_capture_2026-01-07T07:00:50.994Z.jpg,2026-01-07 12:31:01,9,622
manual_capture_2026-01-07T07:00:51.745Z.jpg,2026-01-07 12:31:01,8,609
manual_capture_2026-01-07T07:00:52.489Z.jpg,2026-01-07 12:31:02,6,612
manual_capture_2026-01-07T07:00:52.646Z.jpg,2026-01-07 12:31:03,6,607
manual_capture_2026-01-07T07:00:53.492Z.jpg,2026-01-07 12:31:03,6,614
manual_capture_2026-01-07T07:00:53.790Z.jpg,2026-01-07 12:31:04,8,609
manual_capture_2026-01-07T07:00:53.884Z.jpg,2026-01-07 12:31:04,6,609
manual_capture_2026-01-07T07:00:54.735Z.jpg,2026-01-07 12:31:05,7,621
manual_capture_2026-01-07T07:00:54.899Z.jpg,2026-01-07 12:31:06,7,623
manual_capture_2026-01-07T07:00:55.203Z.jpg,2026-01-07 12:31:06,5,626
manual_capture_2026-01-07T07:00:55.871Z.jpg,2026-01-07 12:31:07,5,615
manual_capture_2026-01-07T07:00:56.430Z.jpg,2026-01-07 12:31:11,8,655
manual_capture_2026-01-07T07:00:56.901Z.jpg,2026-01-07 12:31:11,6,613
manual_capture_2026-01-07T07:00:57.460Z.jpg,2026-01-07 12:31:12,10,610
manual_capture_2026-01-07T07:00:57.853Z.jpg,2026-01-07 12:31:12,10,612
manual_capture_2026-01-07T07:00:58.612Z.jpg,2026-01-07 12:31:13,11,622
manual_capture_2026-01-07T07:00:58.729Z.jpg,2026-01-07 12:31:14,9,605
manual_capture_2026-01-07T07:00:59.217Z.jpg,2026-01-07 12:31:14,12,607
manual_capture_2026-01-07T07:00:59.804Z.jpg,2026-01-07 12:31:15,9,605
manual_capture_2026-01-07T07:01:00.237Z.jpg,2026-01-07 12:31:15,8,617
manual_capture_2026-01-07T07:01:00.742Z.jpg,2026-01-07 12:31:16,6,612
manual_capture_2026-01-07T07:01:01.003Z.jpg,2026-01-07 12:31:17,11,602
manual_capture_2026-01-07T07:01:01.288Z.jpg,2026-01-07 12:31:17,9,609
manual_capture_2026-01-07T07:01:01.555Z.jpg,2026-01-07 12:31:18,11,630
manual_capture_2026-01-07T07:01:01.959Z.jpg,2026-01-07 12:31:19,10,624
manual_capture_2026-01-07T07:01:02.125Z.jpg,2026-01-07 12:31:19,11,619
manual_capture_2026-01-07T07:01:02.670Z.jpg,2026-01-07 12:31:20,7,609
manual_capture_2026-01-07T07:01:02.780Z.jpg,2026-01-07 12:31:20,12,615
manual_capture_2026-01-07T07:01:03.203Z.jpg,2026-01-07 12:31:21,12,618
manual_capture_2026-01-07T07:01:03.819Z.jpg,2026-01-07 12:31:22,11,630
manual_capture_2026-01-07T07:01:04.019Z.jpg,2026-01-07 12:31:22,9,615
manual_capture_2026-01-07T07:01:04.940Z.jpg,2026-01-07 12:31:23,6,618
manual_capture_2026-01-07T07:01:05.956Z.jpg,2026-01-07 12:31:24,4,608
manual_capture_2026-01-07T07:01:06.950Z.jpg,2026-01-07 12:31:24,8,617
manual_capture_2026-01-07T07:01:08.062Z.jpg,2026-01-07 12:31:25,7,610
manual_capture_2026-01-07T07:01:08.652Z.jpg,2026-01-07 12:31:25,7,607
manual_capture_2026-01-07T07:01:08.862Z.jpg,2026-01-07 12:31:26,9,601
manual_capture_2026-01-07T07:01:09.507Z.jpg,2026-01-07 12:31:27,10,609
manual_capture_2026-01-07T07:01:09.917Z.jpg,2026-01-07 12:31:27,6,618
manual_capture_2026-01-07T07:01:10.049Z.jpg,2026-01-07 12:31:28,8,616
manual_capture_2026-01-07T07:01:11.003Z.jpg,2026-01-07 12:31:31,9,642
manual_capture_2026-01-07T07:01:11.543Z.jpg,2026-01-07 12:31:32,6,621
manual_capture_2026-01-07T07:01:12.116Z.jpg,2026-01-07 12:31:33,7,612
manual_capture_2026-01-07T07:01:12.527Z.jpg,2026-01-07 12:31:33,9,603
manual_capture_2026-01-07T07:01:12.822Z.jpg,2026-01-07 12:31:34,8,612
manual_capture_2026-01-07T07:01:13.265Z.jpg,2026-01-07 12:31:35,6,611
manual_capture_2026-01-07T07:01:14.373Z.jpg,2026-01-07 12:31:35,10,623
manual_capture_2026-01-07T07:01:14.853Z.jpg,2026-01-07 12:31:36,9,603
manual_capture_2026-01-07T07:01:15.620Z.jpg,2026-01-07 12:31:36,8,624
manual_capture_2026-01-07T07:01:15.762Z.jpg,2026-01-07 12:31:37,10,610
manual_capture_2026-01-07T07:01:15.937Z.jpg,2026-01-07 12:31:38,9,626
manual_capture_2026-01-07T07:01:16.403Z.jpg,2026-01-07 12:31:38,9,622
manual_capture_2026-01-07T07:01:17.076Z.jpg,2026-01-07 12:31:39,9,639
manual_capture_2026-01-07T07:01:17.551Z.jpg,2026-01-07 12:31:40,8,632
manual_capture_2026-01-07T07:01:18.069Z.jpg,2026-01-07 12:31:40,9,630
manual_capture_2026-01-07T07:01:18.957Z.jpg,2026-01-07 12:31:41,12,610
manual_capture_2026-01-07T07:01:19.610Z.jpg,2026-01-07 12:31:41,10,611
manual_capture_2026-01-07T07:01:20.404Z.jpg,2026-01-07 12:31:42,10,606
manual_capture_2026-01-07T07:01:20.922Z.jpg,2026-01-07 12:31:43,12,606
manual_capture_2026-01-07T07:01:22.047Z.jpg,2026-01-07 12:31:43,12,614
manual_capture_2026-01-07T07:01:22.229Z.jpg,2026-01-07 12:31:44,9,612
manual_capture_2026-01-07T07:01:23.414Z.jpg,2026-01-07 12:31:44,7,609
manual_capture_2026-01-07T07:01:23.920Z.jpg,2026-01-07 12:31:45,9,629
manual_capture_2026-01-07T07:01:24.455Z.jpg,2026-01-07 12:31:46,8,614
manual_capture_2026-01-07T07:01:25.150Z.jpg,2026-01-07 12:31:46,8,613
manual_capture_2026-01-07T07:01:25.428Z.jpg,2026-01-07 12:31:47,8,615
manual_capture_2026-01-07T07:01:26.041Z.jpg,2026-01-07 12:31:48,7,627
manual_capture_2026-01-07T07:01:26.169Z.jpg,2026-01-07 12:31:48,6,617
manual_capture_2026-01-07T07:01:26.994Z.jpg,2026-01-07 12:31:49,10,601
manual_capture_2026-01-07T07:01:27.706Z.jpg,2026-01-07 12:31:49,5,622
manual_capture_2026-01-07T07:01:28.322Z.jpg,2026-01-07 12:31:50,8,613
manual_capture_2026-01-07T07:01:29.065Z.jpg,2026-01-07 12:31:51,10,617
manual_capture_2026-01-07T07:01:29.213Z.jpg,2026-01-07 12:31:51,12,624
manual_capture_2026-01-07T07:01:30.131Z.jpg,2026-01-07 12:31:52,7,617
manual_capture_2026-01-07T07:01:31.055Z.jpg,2026-01-07 12:31:53,7,621
manual_capture_2026-01-07T07:01:31.177Z.jpg,2026-01-07 12:31:53,7,623
manual_capture_2026-01-07T07:01:31.598Z.jpg,2026-01-07 12:31:57,10,640
manual_capture_2026-01-07T07:01:32.072Z.jpg,2026-01-07 12:31:57,8,610
manual_capture_2026-01-07T07:01:32.545Z.jpg,2026-01-07 12:31:58,12,637
manual_capture_2026-01-07T07:01:33.449Z.jpg,2026-01-07 12:31:59,10,608
manual_capture_2026-01-07T07:01:34.051Z.jpg,2026-01-07 12:31:59,10,612
manual_capture_2026-01-07T07:01:34.830Z.jpg,2026-01-07 12:32:00,12,623
manual_capture_2026-01-07T07:01:34.971Z.jpg,2026-01-07 12:32:01,9,622
manual_capture_2026-01-07T07:01:35.978Z.jpg,2026-01-07 12:32:01,9,622
manual_capture_2026-01-07T07:01:36.434Z.jpg,2026-01-07 12:32:02,9,611
manual_capture_2026-01-07T07:01:36.818Z.jpg,2026-01-07 12:32:02,13,643
manual_capture_2026-01-07T07:01:36.916Z.jpg,2026-01-07 12:32:03,8,612
manual_capture_2026-01-07T07:01:37.972Z.jpg,2026-01-07 12:32:04,9,620
manual_capture_2026-01-07T07:01:38.442Z.jpg,2026-01-07 12:32:04,7,621
manual_capture_2026-01-07T07:01:38.883Z.jpg,2026-01-07 12:32:05,13,624
manual_capture_2026-01-07T07:01:39.289Z.jpg,2026-01-07 12:32:06,10,622
manual_capture_2026-01-07T07:01:39.724Z.jpg,2026-01-07 12:32:06,11,612
manual_capture_2026-01-07T07:01:40.031Z.jpg,2026-01-07 12:32:07,12,619
manual_capture_2026-01-07T07:01:40.483Z.jpg,2026-01-07 12:32:07,15,611
manual_capture_2026-01-07T07:01:41.068Z.jpg,2026-01-07 12:32:08,11,609
manual_capture_2026-01-07T07:01:41.625Z.jpg,2026-01-07 12:32:09,9,606
manual_capture_2026-01-07T07:01:42.597Z.jpg,2026-01-07 12:32:09,11,611
manual_capture_2026-01-07T07:01:43.362Z.jpg,2026-01-07 12:32:10,10,602
manual_capture_2026-01-07T07:01:43.921Z.jpg,2026-01-07 12:32:10,10,614
manual_capture_2026-01-07T07:01:44.235Z.jpg,2026-01-07 12:32:11,10,619
manual_capture_2026-01-07T07:01:44.860Z.jpg,2026-01-07 12:32:12,10,600
manual_capture_2026-01-07T07:01:45.272Z.jpg,2026-01-07 12:32:12,11,606
manual_capture_2026-01-07T07:01:45.389Z.jpg,2026-01-07 12:32:13,9,626
manual_capture_2026-01-07T07:01:46.197Z.jpg,2026-01-07 12:32:14,10,620
manual_capture_2026-01-07T07:01:46.675Z.jpg,2026-01-07 12:32:14,11,634
manual_capture_2026-01-07T07:01:47.509Z.jpg,2026-01-07 12:32:15,14,616
manual_capture_2026-01-07T07:01:48.384Z.jpg,2026-01-07 12:32:15,12,612
manual_capture_2026-01-07T07:01:49.136Z.jpg,2026-01-07 12:32:16,9,623
manual_capture_2026-01-07T07:01:49.906Z.jpg,2026-01-07 12:32:17,12,623
manual_capture_2026-01-07T07:01:50.457Z.jpg,2026-01-07 12:32:17,12,610
manual_capture_2026-01-07T07:01:50.996Z.jpg,2026-01-07 12:32:18,11,613
manual_capture_2026-01-07T07:01:51.589Z.jpg,2026-01-07 12:32:18,11,613
manual_capture_2026-01-07T07:01:51.995Z.jpg,2026-01-07 12:32:19,10,612
manual_capture_2026-01-07T07:01:52.882Z.jpg,2026-01-07 12:32:20,10,611
manual_capture_2026-01-07T07:01:52.923Z.jpg,2026-01-07 12:32:20,6,619
manual_capture_2026-01-07T07:01:53.713Z.jpg,2026-01-07 12:32:21,9,614
manual_capture_2026-01-07T07:01:54.012Z.jpg,2026-01-07 12:32:22,9,605
manual_capture_2026-01-07T07:01:54.280Z.jpg,2026-01-07 12:32:22,10,618
manual_capture_2026-01-07T07:01:55.190Z.jpg,2026-01-07 12:32:23,9,611
manual_capture_2026-01-07T07:01:56.231Z.jpg,2026-01-07 12:32:23,12,622
manual_capture_2026-01-07T07:01:56.760Z.jpg,2026-01-07 12:32:27,10,645
manual_capture_2026-01-07T07:01:57.511Z.jpg,2026-01-07 12:32:28,14,627
manual_capture_2026-01-07T07:01:57.936Z.jpg,2026-01-07 12:32:28,10,633
manual_capture_2026-01-07T07:01:58.217Z.jpg,2026-01-07 12:32:29,0,584
manual_capture_2026-01-07T07:01:58.577Z.jpg,2026-01-07 12:32:30,0,574
manual_capture_2026-01-07T07:01:58.725Z.jpg,2026-01-07 12:32:30,0,572
manual_capture_2026-01-07T07:01:59.364Z.jpg,2026-01-07 12:32:31,0,575
manual_capture_2026-01-07T07:01:59.745Z.jpg,2026-01-07 12:32:31,0,580
manual_capture_2026-01-07T07:02:00.131Z.jpg,2026-01-07 12:32:32,0,589
manual_capture_2026-01-07T07:02:00.155Z.jpg,2026-01-07 12:32:32,0,574
manual_capture_2026-01-07T07:02:00.535Z.jpg,2026-01-07 12:32:33,0,567
manual_capture_2026-01-07T07:02:00.542Z.jpg,2026-01-07 12:32:34,0,588
manual_capture_2026-01-07T07:02:00.920Z.jpg,2026-01-07 12:32:34,0,568
manual_capture_2026-01-07T07:02:03.780Z.jpg,2026-01-07 12:32:35,0,576
manual_capture_2026-01-07T07:02:04.530Z.jpg,2026-01-07 12:32:35,0,573
manual_capture_2026-01-07T07:02:04.653Z.jpg,2026-01-07 12:32:36,0,573
manual_capture_2026-01-07T07:02:04.860Z.jpg,2026-01-07 12:32:36,0,570
manual_capture_2026-01-07T07:02:06.244Z.jpg,2026-01-07 12:32:37,0,578
manual_capture_2026-01-07T07:02:08.477Z.jpg,2026-01-07 12:32:38,0,570
manual_capture_2026-01-07T07:02:10.864Z.jpg,2026-01-07 12:32:38,9,620
manual_capture_2026-01-07T07:02:12.445Z.jpg,2026-01-07 12:32:39,10,603
manual_capture_2026-01-07T07:02:12.650Z.jpg,2026-01-07 12:32:39,12,607
manual_capture_2026-01-07T07:02:15.200Z.jpg,2026-01-07 12:32:40,9,616
manual_capture_2026-01-07T07:02:15.263Z.jpg,2026-01-07 12:32:41,10,609
manual_capture_2026-01-07T07:02:16.137Z.jpg,2026-01-07 12:32:41,12,634
manual_capture_2026-01-07T07:02:16.671Z.jpg,2026-01-07 12:32:42,12,611
manual_capture_2026-01-07T07:02:16.877Z.jpg,2026-01-07 12:32:43,13,623
manual_capture_2026-01-07T07:02:17.623Z.jpg,2026-01-07 12:32:43,15,618
manual_capture_2026-01-07T07:02:18.152Z.jpg,2026-01-07 12:32:44,17,607
manual_capture_2026-01-07T07:02:18.476Z.jpg,2026-01-07 12:32:44,8,609
manual_capture_2026-01-07T07:02:18.912Z.jpg,2026-01-07 12:32:45,7,598
manual_capture_2026-01-07T07:02:19.108Z.jpg,2026-01-07 12:32:46,16,611
manual_capture_2026-01-07T07:02:19.646Z.jpg,2026-01-07 12:32:46,10,636
manual_capture_2026-01-07T07:02:20.094Z.jpg,2026-01-07 12:32:47,7,596
manual_capture_2026-01-07T07:02:20.412Z.jpg,2026-01-07 12:32:47,12,607
manual_capture_2026-01-07T07:02:20.941Z.jpg,2026-01-07 12:32:48,14,619
manual_capture_2026-01-07T07:02:22.481Z.jpg,2026-01-07 12:32:49,10,643
manual_capture_2026-01-07T07:02:22.599Z.jpg,2026-01-07 12:32:49,15,651
manual_capture_2026-01-07T07:02:23.098Z.jpg,2026-01-07 12:32:50,13,619
manual_capture_2026-01-07T07:02:24.838Z.jpg,2026-01-07 12:32:51,11,618
manual_capture_2026-01-07T07:02:25.010Z.jpg,2026-01-07 12:32:51,9,619
manual_capture_2026-01-07T07:02:25.788Z.jpg,2026-01-07 12:32:52,9,614
manual_capture_2026-01-07T07:02:25.954Z.jpg,2026-01-07 12:32:52,10,612
manual_capture_2026-01-07T07:02:26.781Z.jpg,2026-01-07 12:32:53,16,622
manual_capture_2026-01-07T07:02:27.022Z.jpg,2026-01-07 12:32:57,11,655
manual_capture_2026-01-07T07:02:27.295Z.jpg,2026-01-07 12:32:57,6,618
manual_capture_2026-01-07T07:02:29.120Z.jpg,2026-01-07 12:32:58,14,607
manual_capture_2026-01-07T07:02:34.883Z.jpg,2026-01-07 12:32:59,6,610
manual_capture_2026-01-07T07:02:35.001Z.jpg,2026-01-07 12:32:59,12,622
manual_capture_2026-01-07T07:02:35.514Z.jpg,2026-01-07 12:33:00,7,600
manual_capture_2026-01-07T07:02:35.543Z.jpg,2026-01-07 12:33:00,14,607
manual_capture_2026-01-07T07:02:35.982Z.jpg,2026-01-07 12:33:01,12,614
manual_capture_2026-01-07T07:02:37.138Z.jpg,2026-01-07 12:33:02,13,615
manual_capture_2026-01-07T07:02:37.791Z.jpg,2026-01-07 12:33:02,14,612
manual_capture_2026-01-07T07:02:38.472Z.jpg,2026-01-07 12:33:03,9,613
manual_capture_2026-01-07T07:02:39.412Z.jpg,2026-01-07 12:33:04,11,616
manual_capture_2026-01-07T07:02:40.114Z.jpg,2026-01-07 12:33:04,12,618
manual_capture_2026-01-07T07:02:40.515Z.jpg,2026-01-07 12:33:05,15,609
manual_capture_2026-01-07T07:02:40.588Z.jpg,2026-01-07 12:33:05,10,610
manual_capture_2026-01-07T07:02:41.346Z.jpg,2026-01-07 12:33:06,12,618
manual_capture_2026-01-07T07:02:42.550Z.jpg,2026-01-07 12:33:07,13,626
manual_capture_2026-01-07T07:02:43.361Z.jpg,2026-01-07 12:33:07,9,612
manual_capture_2026-01-07T07:02:44.073Z.jpg,2026-01-07 12:33:08,8,627
manual_capture_2026-01-07T07:02:46.720Z.jpg,2026-01-07 12:33:08,11,613
manual_capture_2026-01-07T07:02:47.088Z.jpg,2026-01-07 12:33:09,10,645
manual_capture_2026-01-07T07:02:47.382Z.jpg,2026-01-07 12:33:10,16,631
manual_capture_2026-01-07T07:02:48.233Z.jpg,2026-01-07 12:33:11,15,797
manual_capture_2026-01-07T07:02:48.875Z.jpg,2026-01-07 12:33:11,17,635
manual_capture_2026-01-07T07:02:50.082Z.jpg,2026-01-07 12:33:12,16,646
manual_capture_2026-01-07T07:02:50.893Z.jpg,2026-01-07 12:33:12,15,620
manual_capture_2026-01-07T07:02:54.961Z.jpg,2026-01-07 12:33:13,13,636
manual_capture_2026-01-07T07:02:55.466Z.jpg,2026-01-07 12:33:14,11,625
manual_capture_2026-01-07T07:02:55.889Z.jpg,2026-01-07 12:33:14,10,648
manual_capture_2026-01-07T07:02:56.617Z.jpg,2026-01-07 12:33:18,11,645
manual_capture_2026-01-07T07:02:57.590Z.jpg,2026-01-07 12:33:19,12,599
manual_capture_2026-01-07T07:03:01.422Z.jpg,2026-01-07 12:33:19,10,646
manual_capture_2026-01-07T07:03:02.089Z.jpg,2026-01-07 12:33:20,6,590
manual_capture_2026-01-07T07:03:03.693Z.jpg,2026-01-07 12:33:21,13,615
manual_capture_2026-01-07T07:03:14.559Z.jpg,2026-01-07 12:33:21,15,635
manual_capture_2026-01-07T07:03:16.014Z.jpg,2026-01-07 12:33:22,12,627
manual_capture_2026-01-07T07:03:19.849Z.jpg,2026-01-07 12:33:25,9,661
manual_capture_2026-01-07T07:03:20.643Z.jpg,2026-01-07 12:33:26,12,617
manual_capture_2026-01-07T07:03:50.417Z.jpg,2026-01-07 12:33:51,12,648
manual_capture_2026-01-07T07:03:53.100Z.jpg,2026-01-07 12:33:54,13,664
manual_capture_2026-01-07T07:03:53.394Z.jpg,2026-01-07 12:33:55,9,614
manual_capture_2026-01-07T07:03:56.604Z.jpg,2026-01-07 12:33:59,8,649
manual_capture_2026-01-07T07:03:59.281Z.jpg,2026-01-07 12:34:02,13,649
manual_capture_2026-01-07T07:03:59.846Z.jpg,2026-01-07 12:34:03,11,621
manual_capture_2026-01-07T07:04:00.271Z.jpg,2026-01-07 12:34:04,11,620
manual_capture_2026-01-07T07:04:00.729Z.jpg,2026-01-07 12:34:04,12,613
manual_capture_2026-01-07T07:04:00.863Z.jpg,2026-01-07 12:34:05,10,628
manual_capture_2026-01-07T07:04:01.899Z.jpg,2026-01-07 12:34:06,14,620
manual_capture_2026-01-07T07:04:03.034Z.jpg,2026-01-07 12:34:09,13,645
manual_capture_2026-01-07T07:04:04.063Z.jpg,2026-01-07 12:34:10,13,614
manual_capture_2026-01-07T07:04:05.065Z.jpg,2026-01-07 12:34:10,8,619
manual_capture_2026-01-07T07:04:05.366Z.jpg,2026-01-07 12:34:11,9,614
manual_capture_2026-01-07T07:04:06.378Z.jpg,2026-01-07 12:34:12,9,614
manual_capture_2026-01-07T07:04:08.251Z.jpg,2026-01-07 12:34:12,10,623
manual_capture_2026-01-07T07:04:08.519Z.jpg,2026-01-07 12:34:13,10,624
manual_capture_2026-01-07T07:04:10.793Z.jpg,2026-01-07 12:34:17,8,655
manual_capture_2026-01-07T07:04:11.071Z.jpg,2026-01-07 12:34:17,9,640
manual_capture_2026-01-07T07:04:11.778Z.jpg,2026-01-07 12:34:18,10,623
manual_capture_2026-01-07T07:04:12.349Z.jpg,2026-01-07 12:34:18,14,598
manual_capture_2026-01-07T07:04:13.041Z.jpg,2026-01-07 12:34:19,9,614
manual_capture_2026-01-07T07:04:13.352Z.jpg,2026-01-07 12:34:20,13,623
manual_capture_2026-01-07T07:04:13.682Z.jpg,2026-01-07 12:34:20,12,619
manual_capture_2026-01-07T07:04:13.954Z.jpg,2026-01-07 12:34:21,11,606
manual_capture_2026-01-07T07:04:14.166Z.jpg,2026-01-07 12:34:21,7,606
manual_capture_2026-01-07T07:04:15.892Z.jpg,2026-01-07 12:34:22,13,640
manual_capture_2026-01-07T07:04:16.595Z.jpg,2026-01-07 12:34:26,10,663
manual_capture_2026-01-07T07:04:17.921Z.jpg,2026-01-07 12:34:26,8,616
manual_capture_2026-01-07T07:04:18.540Z.jpg,2026-01-07 12:34:27,12,617
manual_capture_2026-01-07T07:04:18.701Z.jpg,2026-01-07 12:34:28,8,603
manual_capture_2026-01-07T07:04:18.989Z.jpg,2026-01-07 12:34:28,9,608
manual_capture_2026-01-07T07:04:19.553Z.jpg,2026-01-07 12:34:29,8,588
manual_capture_2026-01-07T07:04:19.755Z.jpg,2026-01-07 12:34:29,13,618
manual_capture_2026-01-07T07:04:20.370Z.jpg,2026-01-07 12:34:30,13,607
manual_capture_2026-01-07T07:04:20.528Z.jpg,2026-01-07 12:34:31,13,622
manual_capture_2026-01-07T07:04:21.243Z.jpg,2026-01-07 12:34:31,10,619
manual_capture_2026-01-07T07:04:21.653Z.jpg,2026-01-07 12:34:32,9,620
manual_capture_2026-01-07T07:04:22.023Z.jpg,2026-01-07 12:34:33,13,614
manual_capture_2026-01-07T07:04:22.422Z.jpg,2026-01-07 12:34:33,13,608
manual_capture_2026-01-07T07:04:23.155Z.jpg,2026-01-07 12:34:34,11,602
manual_capture_2026-01-07T07:04:23.648Z.jpg,2026-01-07 12:34:34,16,604
manual_capture_2026-01-07T07:04:24.994Z.jpg,2026-01-07 12:34:35,7,628
manual_capture_2026-01-07T07:04:25.586Z.jpg,2026-01-07 12:34:36,11,614
manual_capture_2026-01-07T07:04:26.674Z.jpg,2026-01-07 12:34:39,12,638
manual_capture_2026-01-07T07:04:27.880Z.jpg,2026-01-07 12:34:40,9,614
manual_capture_2026-01-07T07:04:29.710Z.jpg,2026-01-07 12:34:41,9,621
manual_capture_2026-01-07T07:04:31.039Z.jpg,2026-01-07 12:34:41,12,601
manual_capture_2026-01-07T07:04:31.714Z.jpg,2026-01-07 12:34:42,10,604
manual_capture_2026-01-07T07:04:32.564Z.jpg,2026-01-07 12:34:42,8,614
manual_capture_2026-01-07T07:04:33.761Z.jpg,2026-01-07 12:34:43,5,610
manual_capture_2026-01-07T07:04:35.266Z.jpg,2026-01-07 12:34:44,7,618
manual_capture_2026-01-07T07:04:35.695Z.jpg,2026-01-07 12:34:44,4,621
manual_capture_2026-01-07T07:04:35.741Z.jpg,2026-01-07 12:34:45,10,611
manual_capture_2026-01-07T07:04:35.971Z.jpg,2026-01-07 12:34:45,7,624
manual_capture_2026-01-07T07:04:37.112Z.jpg,2026-01-07 12:34:46,7,614
manual_capture_2026-01-07T07:04:37.429Z.jpg,2026-01-07 12:34:47,8,618
manual_capture_2026-01-07T07:04:37.494Z.jpg,2026-01-07 12:34:47,11,610
manual_capture_2026-01-07T07:04:38.361Z.jpg,2026-01-07 12:34:48,15,623
manual_capture_2026-01-07T07:04:38.972Z.jpg,2026-01-07 12:34:49,11,618
manual_capture_2026-01-07T07:04:39.572Z.jpg,2026-01-07 12:34:52,9,655
manual_capture_2026-01-07T07:04:39.683Z.jpg,2026-01-07 12:34:53,7,613
manual_capture_2026-01-07T07:04:40.300Z.jpg,2026-01-07 12:34:53,10,620
manual_capture_2026-01-07T07:04:41.305Z.jpg,2026-01-07 12:34:54,8,616
manual_capture_2026-01-07T07:04:41.412Z.jpg,2026-01-07 12:34:55,11,620
manual_capture_2026-01-07T07:04:42.384Z.jpg,2026-01-07 12:34:55,7,619
manual_capture_2026-01-07T07:04:42.538Z.jpg,2026-01-07 12:34:56,12,644
manual_capture_2026-01-07T07:04:42.826Z.jpg,2026-01-07 12:34:57,11,619
manual_capture_2026-01-07T07:04:44.626Z.jpg,2026-01-07 12:34:57,9,628
manual_capture_2026-01-07T07:04:45.714Z.jpg,2026-01-07 12:34:58,11,631
manual_capture_2026-01-07T07:04:47.280Z.jpg,2026-01-07 12:34:58,11,607
manual_capture_2026-01-07T07:04:48.319Z.jpg,2026-01-07 12:34:59,13,613
manual_capture_2026-01-07T07:04:49.259Z.jpg,2026-01-07 12:35:00,9,614
manual_capture_2026-01-07T07:04:50.876Z.jpg,2026-01-07 12:35:00,12,614
manual_capture_2026-01-07T07:04:50.942Z.jpg,2026-01-07 12:35:01,5,619
manual_capture_2026-01-07T07:04:51.707Z.jpg,2026-01-07 12:35:02,9,609
manual_capture_2026-01-07T07:04:52.329Z.jpg,2026-01-07 12:35:05,9,638
manual_capture_2026-01-07T07:04:53.039Z.jpg,2026-01-07 12:35:06,11,621
manual_capture_2026-01-07T07:04:54.259Z.jpg,2026-01-07 12:35:06,15,607
manual_capture_2026-01-07T07:04:54.686Z.jpg,2026-01-07 12:35:07,11,628
manual_capture_2026-01-07T07:04:54.950Z.jpg,2026-01-07 12:35:08,14,628
manual_capture_2026-01-07T07:04:56.724Z.jpg,2026-01-07 12:35:08,13,620
manual_capture_2026-01-07T07:04:57.841Z.jpg,2026-01-07 12:35:09,8,625
manual_capture_2026-01-07T07:04:58.521Z.jpg,2026-01-07 12:35:10,9,615
manual_capture_2026-01-07T07:04:59.517Z.jpg,2026-01-07 12:35:10,12,628
manual_capture_2026-01-07T07:05:00.450Z.jpg,2026-01-07 12:35:11,14,599
manual_capture_2026-01-07T07:05:00.654Z.jpg,2026-01-07 12:35:11,13,608
manual_capture_2026-01-07T07:05:01.052Z.jpg,2026-01-07 12:35:12,12,607
manual_capture_2026-01-07T07:05:02.631Z.jpg,2026-01-07 12:35:13,16,604
manual_capture_2026-01-07T07:05:03.223Z.jpg,2026-01-07 12:35:13,13,609
manual_capture_2026-01-07T07:05:04.369Z.jpg,2026-01-07 12:35:14,14,609
manual_capture_2026-01-07T07:05:05.289Z.jpg,2026-01-07 12:35:17,11,642
manual_capture_2026-01-07T07:05:05.906Z.jpg,2026-01-07 12:35:18,12,624
manual_capture_2026-01-07T07:05:06.577Z.jpg,2026-01-07 12:35:19,12,624
manual_capture_2026-01-07T07:05:07.547Z.jpg,2026-01-07 12:35:19,11,600
manual_capture_2026-01-07T07:05:08.272Z.jpg,2026-01-07 12:35:20,10,616
manual_capture_2026-01-07T07:05:09.198Z.jpg,2026-01-07 12:35:21,14,622
manual_capture_2026-01-07T07:05:09.803Z.jpg,2026-01-07 12:35:21,15,627
manual_capture_2026-01-07T07:05:10.918Z.jpg,2026-01-07 12:35:22,16,620
manual_capture_2026-01-07T07:05:12.338Z.jpg,2026-01-07 12:35:22,14,619
manual_capture_2026-01-07T07:05:14.315Z.jpg,2026-01-07 12:35:23,13,626
manual_capture_2026-01-07T07:05:14.898Z.jpg,2026-01-07 12:35:24,14,618
manual_capture_2026-01-07T07:05:15.929Z.jpg,2026-01-07 12:35:24,7,617
manual_capture_2026-01-07T07:05:15.946Z.jpg,2026-01-07 12:35:25,14,615
manual_capture_2026-01-07T07:05:17.083Z.jpg,2026-01-07 12:35:26,9,612
manual_capture_2026-01-07T07:05:18.608Z.jpg,2026-01-07 12:35:29,9,646
manual_capture_2026-01-07T07:05:19.423Z.jpg,2026-01-07 12:35:30,10,610
manual_capture_2026-01-07T07:05:20.347Z.jpg,2026-01-07 12:35:30,8,609
manual_capture_2026-01-07T07:05:22.110Z.jpg,2026-01-07 12:35:31,9,607
manual_capture_2026-01-07T07:05:23.559Z.jpg,2026-01-07 12:35:32,9,626
manual_capture_2026-01-07T07:05:23.941Z.jpg,2026-01-07 12:35:32,9,616
manual_capture_2026-01-07T07:05:24.370Z.jpg,2026-01-07 12:35:33,14,604
manual_capture_2026-01-07T07:05:24.862Z.jpg,2026-01-07 12:35:34,8,612
manual_capture_2026-01-07T07:05:24.954Z.jpg,2026-01-07 12:35:34,6,605
manual_capture_2026-01-07T07:05:25.192Z.jpg,2026-01-07 12:35:35,8,613
manual_capture_2026-01-07T07:05:25.365Z.jpg,2026-01-07 12:35:35,9,605
manual_capture_2026-01-07T07:05:25.676Z.jpg,2026-01-07 12:35:36,8,610
manual_capture_2026-01-07T07:05:26.090Z.jpg,2026-01-07 12:35:37,11,618
manual_capture_2026-01-07T07:05:27.130Z.jpg,2026-01-07 12:35:37,11,612
manual_capture_2026-01-07T07:05:27.454Z.jpg,2026-01-07 12:35:38,9,610
manual_capture_2026-01-07T07:05:28.038Z.jpg,2026-01-07 12:35:38,8,613
manual_capture_2026-01-07T07:05:29.764Z.jpg,2026-01-07 12:35:42,8,664
manual_capture_2026-01-07T07:05:30.870Z.jpg,2026-01-07 12:35:43,11,614
manual_capture_2026-01-07T07:05:31.356Z.jpg,2026-01-07 12:35:43,13,620
manual_capture_2026-01-07T07:05:32.590Z.jpg,2026-01-07 12:35:44,12,619
manual_capture_2026-01-07T07:05:33.218Z.jpg,2026-01-07 12:35:45,11,604
manual_capture_2026-01-07T07:05:33.225Z.jpg,2026-01-07 12:35:45,8,620
manual_capture_2026-01-07T07:05:35.274Z.jpg,2026-01-07 12:35:46,8,612
manual_capture_2026-01-07T07:05:35.918Z.jpg,2026-01-07 12:35:46,5,627
manual_capture_2026-01-07T07:05:36.360Z.jpg,2026-01-07 12:35:47,9,615
manual_capture_2026-01-07T07:05:36.458Z.jpg,2026-01-07 12:35:48,13,608
manual_capture_2026-01-07T07:05:37.057Z.jpg,2026-01-07 12:35:48,12,604
manual_capture_2026-01-07T07:05:37.169Z.jpg,2026-01-07 12:35:49,8,619
manual_capture_2026-01-07T07:05:37.452Z.jpg,2026-01-07 12:35:49,11,610
manual_capture_2026-01-07T07:05:37.811Z.jpg,2026-01-07 12:35:50,14,615
manual_capture_2026-01-07T07:05:39.204Z.jpg,2026-01-07 12:35:51,11,615
manual_capture_2026-01-07T07:05:40.554Z.jpg,2026-01-07 12:35:51,10,609
manual_capture_2026-01-07T07:05:40.974Z.jpg,2026-01-07 12:35:52,9,624
manual_capture_2026-01-07T07:05:41.078Z.jpg,2026-01-07 12:35:53,11,617
manual_capture_2026-01-07T07:05:41.645Z.jpg,2026-01-07 12:35:53,11,612
manual_capture_2026-01-07T07:05:41.976Z.jpg,2026-01-07 12:35:57,8,643
manual_capture_2026-01-07T07:05:42.290Z.jpg,2026-01-07 12:35:57,11,609
manual_capture_2026-01-07T07:05:42.420Z.jpg,2026-01-07 12:35:58,10,589
manual_capture_2026-01-07T07:05:42.923Z.jpg,2026-01-07 12:35:59,10,619
manual_capture_2026-01-07T07:05:43.246Z.jpg,2026-01-07 12:35:59,10,611
manual_capture_2026-01-07T07:05:43.460Z.jpg,2026-01-07 12:36:00,8,621
manual_capture_2026-01-07T07:05:43.912Z.jpg,2026-01-07 12:36:01,9,611
manual_capture_2026-01-07T07:05:44.429Z.jpg,2026-01-07 12:36:01,10,650
manual_capture_2026-01-07T07:05:44.645Z.jpg,2026-01-07 12:36:02,10,616
manual_capture_2026-01-07T07:05:45.871Z.jpg,2026-01-07 12:36:02,9,638
manual_capture_2026-01-07T07:05:46.024Z.jpg,2026-01-07 12:36:03,9,608
manual_capture_2026-01-07T07:05:47.947Z.jpg,2026-01-07 12:36:04,11,611
manual_capture_2026-01-07T07:05:49.479Z.jpg,2026-01-07 12:36:04,15,618
manual_capture_2026-01-07T07:05:50.204Z.jpg,2026-01-07 12:36:05,12,608
manual_capture_2026-01-07T07:05:51.052Z.jpg,2026-01-07 12:36:06,10,610
manual_capture_2026-01-07T07:05:51.171Z.jpg,2026-01-07 12:36:06,13,612
manual_capture_2026-01-07T07:05:52.769Z.jpg,2026-01-07 12:36:07,6,607
manual_capture_2026-01-07T07:05:53.624Z.jpg,2026-01-07 12:36:07,11,609
manual_capture_2026-01-07T07:05:54.233Z.jpg,2026-01-07 12:36:08,11,605
manual_capture_2026-01-07T07:05:54.417Z.jpg,2026-01-07 12:36:09,8,597
manual_capture_2026-01-07T07:05:55.066Z.jpg,2026-01-07 12:36:09,10,621
manual_capture_2026-01-07T07:05:57.279Z.jpg,2026-01-07 12:36:13,5,644
manual_capture_2026-01-07T07:05:58.317Z.jpg,2026-01-07 12:36:13,7,627
manual_capture_2026-01-07T07:05:58.704Z.jpg,2026-01-07 12:36:14,9,605
manual_capture_2026-01-07T07:05:58.825Z.jpg,2026-01-07 12:36:15,9,607
manual_capture_2026-01-07T07:05:59.480Z.jpg,2026-01-07 12:36:15,8,613
manual_capture_2026-01-07T07:06:00.578Z.jpg,2026-01-07 12:36:16,7,621
manual_capture_2026-01-07T07:06:02.195Z.jpg,2026-01-07 12:36:17,11,619
manual_capture_2026-01-07T07:06:02.727Z.jpg,2026-01-07 12:36:17,6,622
manual_capture_2026-01-07T07:06:06.346Z.jpg,2026-01-07 12:36:18,11,610
manual_capture_2026-01-07T07:06:09.094Z.jpg,2026-01-07 12:36:18,8,625
manual_capture_2026-01-07T07:06:09.219Z.jpg,2026-01-07 12:36:19,11,634
manual_capture_2026-01-07T07:06:09.929Z.jpg,2026-01-07 12:36:20,6,610
manual_capture_2026-01-07T07:06:11.428Z.jpg,2026-01-07 12:36:20,6,619
manual_capture_2026-01-07T07:06:12.122Z.jpg,2026-01-07 12:36:21,9,619
manual_capture_2026-01-07T07:06:13.195Z.jpg,2026-01-07 12:36:25,10,658
manual_capture_2026-01-07T07:06:14.034Z.jpg,2026-01-07 12:36:25,9,598
manual_capture_2026-01-07T07:06:14.936Z.jpg,2026-01-07 12:36:26,12,620
manual_capture_2026-01-07T07:06:15.826Z.jpg,2026-01-07 12:36:26,11,608
manual_capture_2026-01-07T07:06:16.287Z.jpg,2026-01-07 12:36:27,10,619
manual_capture_2026-01-07T07:06:16.667Z.jpg,2026-01-07 12:36:28,11,610
manual_capture_2026-01-07T07:06:17.189Z.jpg,2026-01-07 12:36:28,11,617
manual_capture_2026-01-07T07:06:17.913Z.jpg,2026-01-07 12:36:29,9,619
manual_capture_2026-01-07T07:06:19.450Z.jpg,2026-01-07 12:36:29,10,621
manual_capture_2026-01-07T07:06:19.530Z.jpg,2026-01-07 12:36:30,10,605
manual_capture_2026-01-07T07:06:20.954Z.jpg,2026-01-07 12:36:31,10,615
manual_capture_2026-01-07T07:06:21.512Z.jpg,2026-01-07 12:36:31,11,610
manual_capture_2026-01-07T07:06:22.215Z.jpg,2026-01-07 12:36:32,8,621
manual_capture_2026-01-07T07:06:22.439Z.jpg,2026-01-07 12:36:33,10,615
manual_capture_2026-01-07T07:06:22.612Z.jpg,2026-01-07 12:36:33,9,612
manual_capture_2026-01-07T07:06:23.062Z.jpg,2026-01-07 12:36:34,11,609
manual_capture_2026-01-07T07:06:23.334Z.jpg,2026-01-07 12:36:34,9,608
manual_capture_2026-01-07T07:06:23.671Z.jpg,2026-01-07 12:36:35,11,624
manual_capture_2026-01-07T07:06:24.037Z.jpg,2026-01-07 12:36:36,9,603
manual_capture_2026-01-07T07:06:24.343Z.jpg,2026-01-07 12:36:36,9,618
manual_capture_2026-01-07T07:06:25.287Z.jpg,2026-01-07 12:36:40,10,658
manual_capture_2026-01-07T07:06:25.459Z.jpg,2026-01-07 12:36:41,8,621
manual_capture_2026-01-07T07:06:26.487Z.jpg,2026-01-07 12:36:41,6,611
manual_capture_2026-01-07T07:06:26.896Z.jpg,2026-01-07 12:36:42,10,608
manual_capture_2026-01-07T07:06:27.044Z.jpg,2026-01-07 12:36:42,10,623
manual_capture_2026-01-07T07:06:27.663Z.jpg,2026-01-07 12:36:43,3,611
manual_capture_2026-01-07T07:06:28.048Z.jpg,2026-01-07 12:36:44,9,611
manual_capture_2026-01-07T07:06:28.142Z.jpg,2026-01-07 12:36:44,7,610
manual_capture_2026-01-07T07:06:29.232Z.jpg,2026-01-07 12:36:45,10,622
manual_capture_2026-01-07T07:06:29.677Z.jpg,2026-01-07 12:36:45,6,608
manual_capture_2026-01-07T07:06:30.116Z.jpg,2026-01-07 12:36:46,11,616
manual_capture_2026-01-07T07:06:30.547Z.jpg,2026-01-07 12:36:47,8,612
manual_capture_2026-01-07T07:06:31.194Z.jpg,2026-01-07 12:36:47,11,616
manual_capture_2026-01-07T07:06:31.805Z.jpg,2026-01-07 12:36:48,13,603
manual_capture_2026-01-07T07:06:31.959Z.jpg,2026-01-07 12:36:49,7,623
manual_capture_2026-01-07T07:06:32.460Z.jpg,2026-01-07 12:36:49,9,607
manual_capture_2026-01-07T07:06:32.552Z.jpg,2026-01-07 12:36:50,8,607
manual_capture_2026-01-07T07:06:33.027Z.jpg,2026-01-07 12:36:50,6,618
manual_capture_2026-01-07T07:06:33.792Z.jpg,2026-01-07 12:36:51,8,618
manual_capture_2026-01-07T07:06:33.910Z.jpg,2026-01-07 12:36:52,6,605
manual_capture_2026-01-07T07:06:34.942Z.jpg,2026-01-07 12:36:52,5,615
manual_capture_2026-01-07T07:06:35.031Z.jpg,2026-01-07 12:36:53,7,619
manual_capture_2026-01-07T07:06:35.493Z.jpg,2026-01-07 12:36:53,10,612
manual_capture_2026-01-07T07:06:35.838Z.jpg,2026-01-07 12:36:54,8,614
manual_capture_2026-01-07T07:06:36.849Z.jpg,2026-01-07 12:36:55,4,616
manual_capture_2026-01-07T07:06:37.305Z.jpg,2026-01-07 12:36:55,8,618
manual_capture_2026-01-07T07:06:37.840Z.jpg,2026-01-07 12:36:56,10,634
manual_capture_2026-01-07T07:06:38.566Z.jpg,2026-01-07 12:36:57,9,612
manual_capture_2026-01-07T07:06:39.007Z.jpg,2026-01-07 12:36:57,10,627
manual_capture_2026-01-07T07:06:39.477Z.jpg,2026-01-07 12:36:58,12,633
manual_capture_2026-01-07T07:06:39.941Z.jpg,2026-01-07 12:37:02,12,659
manual_capture_2026-01-07T07:06:40.041Z.jpg,2026-01-07 12:37:02,9,617
manual_capture_2026-01-07T07:06:40.519Z.jpg,2026-01-07 12:37:03,11,624
manual_capture_2026-01-07T07:06:41.016Z.jpg,2026-01-07 12:37:03,10,616
manual_capture_2026-01-07T07:06:41.663Z.jpg,2026-01-07 12:37:04,12,598
manual_capture_2026-01-07T07:06:42.421Z.jpg,2026-01-07 12:37:05,10,624
manual_capture_2026-01-07T07:06:43.183Z.jpg,2026-01-07 12:37:05,9,629
manual_capture_2026-01-07T07:06:43.709Z.jpg,2026-01-07 12:37:06,14,608
manual_capture_2026-01-07T07:06:43.799Z.jpg,2026-01-07 12:37:07,10,630
manual_capture_2026-01-07T07:06:44.625Z.jpg,2026-01-07 12:37:07,12,616
manual_capture_2026-01-07T07:06:44.944Z.jpg,2026-01-07 12:37:08,13,614
manual_capture_2026-01-07T07:06:45.536Z.jpg,2026-01-07 12:37:08,8,612
manual_capture_2026-01-07T07:06:46.330Z.jpg,2026-01-07 12:37:09,13,599
manual_capture_2026-01-07T07:06:46.811Z.jpg,2026-01-07 12:37:10,13,602
manual_capture_2026-01-07T07:06:47.163Z.jpg,2026-01-07 12:37:10,15,623
manual_capture_2026-01-07T07:06:47.633Z.jpg,2026-01-07 12:37:11,12,622
manual_capture_2026-01-07T07:06:47.764Z.jpg,2026-01-07 12:37:11,14,620
manual_capture_2026-01-07T07:06:48.254Z.jpg,2026-01-07 12:37:12,12,626
manual_capture_2026-01-07T07:06:48.777Z.jpg,2026-01-07 12:37:13,11,636
manual_capture_2026-01-07T07:06:49.512Z.jpg,2026-01-07 12:37:13,12,607
manual_capture_2026-01-07T07:06:49.839Z.jpg,2026-01-07 12:37:14,10,600
manual_capture_2026-01-07T07:06:50.234Z.jpg,2026-01-07 12:37:15,8,617
manual_capture_2026-01-07T07:06:51.361Z.jpg,2026-01-07 12:37:15,9,604
manual_capture_2026-01-07T07:06:51.972Z.jpg,2026-01-07 12:37:16,10,608
manual_capture_2026-01-07T07:06:52.110Z.jpg,2026-01-07 12:37:16,10,615
manual_capture_2026-01-07T07:06:52.489Z.jpg,2026-01-07 12:37:17,14,620
manual_capture_2026-01-07T07:06:53.373Z.jpg,2026-01-07 12:37:18,12,619
manual_capture_2026-01-07T07:06:53.874Z.jpg,2026-01-07 12:37:18,10,603
manual_capture_2026-01-07T07:06:53.986Z.jpg,2026-01-07 12:37:19,10,622
manual_capture_2026-01-07T07:06:54.897Z.jpg,2026-01-07 12:37:19,12,626
manual_capture_2026-01-07T07:06:55.412Z.jpg,2026-01-07 12:37:20,10,617
manual_capture_2026-01-07T07:06:56.117Z.jpg,2026-01-07 12:37:21,12,601
manual_capture_2026-01-07T07:06:56.386Z.jpg,2026-01-07 12:37:21,11,601
manual_capture_2026-01-07T07:06:57.297Z.jpg,2026-01-07 12:37:22,13,614
manual_capture_2026-01-07T07:06:57.856Z.jpg,2026-01-07 12:37:23,12,604
manual_capture_2026-01-07T07:06:58.414Z.jpg,2026-01-07 12:37:23,8,622
manual_capture_2026-01-07T07:06:59.672Z.jpg,2026-01-07 12:37:24,8,618
manual_capture_2026-01-07T07:07:00.824Z.jpg,2026-01-07 12:37:24,11,610
manual_capture_2026-01-07T07:07:02.566Z.jpg,2026-01-07 12:37:28,10,649
manual_capture_2026-01-07T07:07:03.250Z.jpg,2026-01-07 12:37:29,9,600
manual_capture_2026-01-07T07:07:03.389Z.jpg,2026-01-07 12:37:29,10,607
manual_capture_2026-01-07T07:07:05.502Z.jpg,2026-01-07 12:37:30,9,615
manual_capture_2026-01-07T07:07:06.321Z.jpg,2026-01-07 12:37:30,8,609
manual_capture_2026-01-07T07:07:06.795Z.jpg,2026-01-07 12:37:31,15,621
manual_capture_2026-01-07T07:07:07.795Z.jpg,2026-01-07 12:37:32,12,637
manual_capture_2026-01-07T07:07:10.102Z.jpg,2026-01-07 12:37:32,13,647
manual_capture_2026-01-07T07:07:11.448Z.jpg,2026-01-07 12:37:33,11,607
manual_capture_2026-01-07T07:07:12.169Z.jpg,2026-01-07 12:37:34,14,607
manual_capture_2026-01-07T07:07:13.066Z.jpg,2026-01-07 12:37:34,11,606
manual_capture_2026-01-07T07:07:13.576Z.jpg,2026-01-07 12:37:35,16,610
manual_capture_2026-01-07T07:07:13.927Z.jpg,2026-01-07 12:37:35,15,610
manual_capture_2026-01-07T07:07:14.043Z.jpg,2026-01-07 12:37:36,13,625
manual_capture_2026-01-07T07:07:16.516Z.jpg,2026-01-07 12:37:37,10,619
manual_capture_2026-01-07T07:07:19.018Z.jpg,2026-01-07 12:37:37,12,630
manual_capture_2026-01-07T07:07:20.571Z.jpg,2026-01-07 12:37:38,7,620
manual_capture_2026-01-07T07:07:22.330Z.jpg,2026-01-07 12:37:39,10,601
manual_capture_2026-01-07T07:07:23.478Z.jpg,2026-01-07 12:37:39,11,614
manual_capture_2026-01-07T07:07:24.356Z.jpg,2026-01-07 12:37:40,12,617
manual_capture_2026-01-07T07:07:29.372Z.jpg,2026-01-07 12:37:43,14,633
manual_capture_2026-01-07T07:07:30.629Z.jpg,2026-01-07 12:37:44,11,591
manual_capture_2026-01-07T07:07:30.642Z.jpg,2026-01-07 12:37:45,9,588
manual_capture_2026-01-07T07:07:36.076Z.jpg,2026-01-07 12:37:45,7,615
manual_capture_2026-01-07T07:07:37.063Z.jpg,2026-01-07 12:37:46,8,610
manual_capture_2026-01-07T07:07:37.583Z.jpg,2026-01-07 12:37:46,7,621
manual_capture_2026-01-07T07:07:38.621Z.jpg,2026-01-07 12:37:47,11,608
manual_capture_2026-01-07T07:07:39.148Z.jpg,2026-01-07 12:37:48,9,618
manual_capture_2026-01-07T07:07:39.799Z.jpg,2026-01-07 12:37:48,14,606
manual_capture_2026-01-07T07:07:39.804Z.jpg,2026-01-07 12:37:49,12,618
manual_capture_2026-01-07T07:07:40.326Z.jpg,2026-01-07 12:37:50,9,617
manual_capture_2026-01-07T07:07:41.135Z.jpg,2026-01-07 12:37:50,10,618
manual_capture_2026-01-07T07:07:42.273Z.jpg,2026-01-07 12:37:51,10,612
manual_capture_2026-01-07T07:07:43.150Z.jpg,2026-01-07 12:37:51,10,618
manual_capture_2026-01-07T07:07:44.846Z.jpg,2026-01-07 12:37:55,12,641
manual_capture_2026-01-07T07:07:48.871Z.jpg,2026-01-07 12:37:56,9,612
manual_capture_2026-01-07T07:07:49.572Z.jpg,2026-01-07 12:37:56,9,598
manual_capture_2026-01-07T07:07:51.271Z.jpg,2026-01-07 12:37:57,10,611
manual_capture_2026-01-07T07:07:52.016Z.jpg,2026-01-07 12:37:58,12,614
manual_capture_2026-01-07T07:07:52.647Z.jpg,2026-01-07 12:37:58,8,621
manual_capture_2026-01-07T07:07:53.165Z.jpg,2026-01-07 12:37:59,14,616
manual_capture_2026-01-07T07:07:54.037Z.jpg,2026-01-07 12:37:59,10,594
manual_capture_2026-01-07T07:07:54.499Z.jpg,2026-01-07 12:38:00,10,632
manual_capture_2026-01-07T07:07:55.057Z.jpg,2026-01-07 12:38:04,9,671
manual_capture_2026-01-07T07:07:55.188Z.jpg,2026-01-07 12:38:04,12,605
manual_capture_2026-01-07T07:07:56.806Z.jpg,2026-01-07 12:38:05,11,618
manual_capture_2026-01-07T07:07:56.908Z.jpg,2026-01-07 12:38:06,10,611
manual_capture_2026-01-07T07:07:57.996Z.jpg,2026-01-07 12:38:06,10,616
manual_capture_2026-01-07T07:08:00.024Z.jpg,2026-01-07 12:38:07,10,614
manual_capture_2026-01-07T07:08:01.080Z.jpg,2026-01-07 12:38:07,10,617
manual_capture_2026-01-07T07:08:02.397Z.jpg,2026-01-07 12:38:08,9,611
manual_capture_2026-01-07T07:08:03.869Z.jpg,2026-01-07 12:38:12,10,642
manual_capture_2026-01-07T07:08:04.267Z.jpg,2026-01-07 12:38:12,11,600
manual_capture_2026-01-07T07:08:06.779Z.jpg,2026-01-07 12:38:13,7,614
manual_capture_2026-01-07T07:08:08.008Z.jpg,2026-01-07 12:38:13,9,600
manual_capture_2026-01-07T07:08:08.735Z.jpg,2026-01-07 12:38:14,9,624
manual_capture_2026-01-07T07:08:09.612Z.jpg,2026-01-07 12:38:15,11,603
manual_capture_2026-01-07T07:08:11.952Z.jpg,2026-01-07 12:38:18,13,647
manual_capture_2026-01-07T07:08:12.233Z.jpg,2026-01-07 12:38:19,10,609
manual_capture_2026-01-07T07:08:13.672Z.jpg,2026-01-07 12:38:20,13,637
manual_capture_2026-01-07T07:08:14.167Z.jpg,2026-01-07 12:38:20,14,616
manual_capture_2026-01-07T07:08:15.098Z.jpg,2026-01-07 12:38:21,14,602
manual_capture_2026-01-07T07:08:17.072Z.jpg,2026-01-07 12:38:21,17,611
manual_capture_2026-01-07T07:08:18.486Z.jpg,2026-01-07 12:38:25,11,656
manual_capture_2026-01-07T07:08:19.561Z.jpg,2026-01-07 12:38:26,10,607
manual_capture_2026-01-07T07:08:20.050Z.jpg,2026-01-07 12:38:26,9,654
manual_capture_2026-01-07T07:08:21.113Z.jpg,2026-01-07 12:38:27,10,638
manual_capture_2026-01-07T07:08:22.498Z.jpg,2026-01-07 12:38:28,12,622
manual_capture_2026-01-07T07:08:23.037Z.jpg,2026-01-07 12:38:28,16,610
manual_capture_2026-01-07T07:08:23.079Z.jpg,2026-01-07 12:38:29,10,612
manual_capture_2026-01-07T07:08:23.538Z.jpg,2026-01-07 12:38:29,8,611
manual_capture_2026-01-07T07:08:24.252Z.jpg,2026-01-07 12:38:30,6,616
manual_capture_2026-01-07T07:08:25.078Z.jpg,2026-01-07 12:38:34,6,654
manual_capture_2026-01-07T07:08:25.578Z.jpg,2026-01-07 12:38:34,8,610
manual_capture_2026-01-07T07:08:26.780Z.jpg,2026-01-07 12:38:35,8,613
manual_capture_2026-01-07T07:08:29.316Z.jpg,2026-01-07 12:38:36,8,618
manual_capture_2026-01-07T07:08:30.959Z.jpg,2026-01-07 12:38:36,9,613
manual_capture_2026-01-07T07:08:32.495Z.jpg,2026-01-07 12:38:37,7,618
manual_capture_2026-01-07T07:08:32.600Z.jpg,2026-01-07 12:38:37,9,624
manual_capture_2026-01-07T07:08:37.923Z.jpg,2026-01-07 12:38:41,7,665
manual_capture_2026-01-07T07:08:39.067Z.jpg,2026-01-07 12:38:42,3,608
manual_capture_2026-01-07T07:08:39.832Z.jpg,2026-01-07 12:38:42,7,629
manual_capture_2026-01-07T07:08:41.000Z.jpg,2026-01-07 12:38:46,5,635
manual_capture_2026-01-07T07:08:41.446Z.jpg,2026-01-07 12:38:47,7,619
manual_capture_2026-01-07T07:08:42.397Z.jpg,2026-01-07 12:38:47,10,619
manual_capture_2026-01-07T07:08:42.686Z.jpg,2026-01-07 12:38:48,5,620
manual_capture_2026-01-07T07:08:43.083Z.jpg,2026-01-07 12:38:49,6,626
manual_capture_2026-01-07T07:08:43.133Z.jpg,2026-01-07 12:38:49,11,615
manual_capture_2026-01-07T07:08:44.168Z.jpg,2026-01-07 12:38:50,7,614
manual_capture_2026-01-07T07:08:44.365Z.jpg,2026-01-07 12:38:50,9,622
manual_capture_2026-01-07T07:08:45.106Z.jpg,2026-01-07 12:38:51,10,604
manual_capture_2026-01-07T07:08:45.997Z.jpg,2026-01-07 12:38:55,10,655
manual_capture_2026-01-07T07:08:47.086Z.jpg,2026-01-07 12:38:55,6,637
manual_capture_2026-01-07T07:08:47.499Z.jpg,2026-01-07 12:38:56,5,620
manual_capture_2026-01-07T07:08:47.984Z.jpg,2026-01-07 12:38:57,7,627
manual_capture_2026-01-07T07:08:48.943Z.jpg,2026-01-07 12:38:57,8,650
manual_capture_2026-01-07T07:08:50.164Z.jpg,2026-01-07 12:38:58,8,615
manual_capture_2026-01-07T07:08:50.365Z.jpg,2026-01-07 12:38:58,8,617
manual_capture_2026-01-07T07:08:50.490Z.jpg,2026-01-07 12:38:59,7,610
manual_capture_2026-01-07T07:08:51.709Z.jpg,2026-01-07 12:39:00,6,616
manual_capture_2026-01-07T07:08:51.914Z.jpg,2026-01-07 12:39:00,14,630
manual_capture_2026-01-07T07:08:52.816Z.jpg,2026-01-07 12:39:01,8,607
manual_capture_2026-01-07T07:08:53.046Z.jpg,2026-01-07 12:39:02,11,617
manual_capture_2026-01-07T07:08:53.682Z.jpg,2026-01-07 12:39:02,6,611
manual_capture_2026-01-07T07:08:54.062Z.jpg,2026-01-07 12:39:03,7,615
manual_capture_2026-01-07T07:08:54.324Z.jpg,2026-01-07 12:39:03,10,610
manual_capture_2026-01-07T07:08:55.343Z.jpg,2026-01-07 12:39:07,6,666
manual_capture_2026-01-07T07:08:55.927Z.jpg,2026-01-07 12:39:08,5,627
manual_capture_2026-01-07T07:08:57.324Z.jpg,2026-01-07 12:39:08,7,616
manual_capture_2026-01-07T07:08:58.993Z.jpg,2026-01-07 12:39:09,6,626
manual_capture_2026-01-07T07:08:59.831Z.jpg,2026-01-07 12:39:10,9,621
manual_capture_2026-01-07T07:09:00.504Z.jpg,2026-01-07 12:39:10,13,619
manual_capture_2026-01-07T07:09:01.120Z.jpg,2026-01-07 12:39:11,7,616
manual_capture_2026-01-07T07:09:01.205Z.jpg,2026-01-07 12:39:11,12,613
manual_capture_2026-01-07T07:09:01.853Z.jpg,2026-01-07 12:39:12,6,603
manual_capture_2026-01-07T07:09:02.339Z.jpg,2026-01-07 12:39:13,2,611
manual_capture_2026-01-07T07:09:02.493Z.jpg,2026-01-07 12:39:13,4,619
manual_capture_2026-01-07T07:09:03.459Z.jpg,2026-01-07 12:39:14,9,621
manual_capture_2026-01-07T07:09:04.070Z.jpg,2026-01-07 12:39:15,8,611
manual_capture_2026-01-07T07:09:05.038Z.jpg,2026-01-07 12:39:15,10,636
manual_capture_2026-01-07T07:09:06.359Z.jpg,2026-01-07 12:39:16,9,611
manual_capture_2026-01-07T07:09:06.857Z.jpg,2026-01-07 12:39:16,9,599
manual_capture_2026-01-07T07:09:07.281Z.jpg,2026-01-07 12:39:20,7,642
manual_capture_2026-01-07T07:09:08.348Z.jpg,2026-01-07 12:39:21,10,617
manual_capture_2026-01-07T07:09:08.848Z.jpg,2026-01-07 12:39:21,9,620
manual_capture_2026-01-07T07:09:09.407Z.jpg,2026-01-07 12:39:22,7,632
manual_capture_2026-01-07T07:09:11.013Z.jpg,2026-01-07 12:39:23,4,621
manual_capture_2026-01-07T07:09:11.463Z.jpg,2026-01-07 12:39:23,16,632
manual_capture_2026-01-07T07:09:11.922Z.jpg,2026-01-07 12:39:24,6,605
manual_capture_2026-01-07T07:09:12.651Z.jpg,2026-01-07 12:39:24,7,618
manual_capture_2026-01-07T07:09:14.443Z.jpg,2026-01-07 12:39:25,6,602
manual_capture_2026-01-07T07:09:14.536Z.jpg,2026-01-07 12:39:26,6,605
manual_capture_2026-01-07T07:09:16.747Z.jpg,2026-01-07 12:39:26,8,599
manual_capture_2026-01-07T07:09:16.809Z.jpg,2026-01-07 12:39:27,10,632
manual_capture_2026-01-07T07:09:18.936Z.jpg,2026-01-07 12:39:27,9,612
manual_capture_2026-01-07T07:09:20.901Z.jpg,2026-01-07 12:39:31,9,637
manual_capture_2026-01-07T07:09:22.655Z.jpg,2026-01-07 12:39:32,9,615
manual_capture_2026-01-07T07:09:23.304Z.jpg,2026-01-07 12:39:32,10,612
manual_capture_2026-01-07T07:09:23.846Z.jpg,2026-01-07 12:39:33,10,611
manual_capture_2026-01-07T07:09:24.863Z.jpg,2026-01-07 12:39:34,7,665
manual_capture_2026-01-07T07:09:25.868Z.jpg,2026-01-07 12:39:34,9,600
manual_capture_2026-01-07T07:09:27.622Z.jpg,2026-01-07 12:39:35,12,615
manual_capture_2026-01-07T07:09:29.449Z.jpg,2026-01-07 12:39:35,12,619
manual_capture_2026-01-07T07:09:30.363Z.jpg,2026-01-07 12:39:36,8,615
manual_capture_2026-01-07T07:09:30.441Z.jpg,2026-01-07 12:39:37,7,605
manual_capture_2026-01-07T07:09:31.640Z.jpg,2026-01-07 12:39:40,9,654
manual_capture_2026-01-07T07:09:33.168Z.jpg,2026-01-07 12:39:41,9,607
manual_capture_2026-01-07T07:09:33.282Z.jpg,2026-01-07 12:39:42,6,612
manual_capture_2026-01-07T07:09:34.119Z.jpg,2026-01-07 12:39:42,7,622
manual_capture_2026-01-07T07:09:35.008Z.jpg,2026-01-07 12:39:43,7,619
manual_capture_2026-01-07T07:09:35.099Z.jpg,2026-01-07 12:39:43,7,603
manual_capture_2026-01-07T07:09:37.230Z.jpg,2026-01-07 12:39:44,6,610
manual_capture_2026-01-07T07:09:38.590Z.jpg,2026-01-07 12:39:45,6,611
manual_capture_2026-01-07T07:09:39.196Z.jpg,2026-01-07 12:39:45,6,607
manual_capture_2026-01-07T07:09:41.141Z.jpg,2026-01-07 12:39:49,10,643
manual_capture_2026-01-07T07:09:41.916Z.jpg,2026-01-07 12:39:50,8,627
manual_capture_2026-01-07T07:09:43.205Z.jpg,2026-01-07 12:39:50,8,619
manual_capture_2026-01-07T07:09:43.822Z.jpg,2026-01-07 12:39:51,7,615
manual_capture_2026-01-07T07:09:43.993Z.jpg,2026-01-07 12:39:51,7,622
manual_capture_2026-01-07T07:09:45.007Z.jpg,2026-01-07 12:39:52,6,620
manual_capture_2026-01-07T07:09:45.093Z.jpg,2026-01-07 12:39:53,8,617
manual_capture_2026-01-07T07:09:45.542Z.jpg,2026-01-07 12:39:53,6,615
manual_capture_2026-01-07T07:09:46.297Z.jpg,2026-01-07 12:39:54,8,615
manual_capture_2026-01-07T07:09:47.413Z.jpg,2026-01-07 12:39:55,7,629
manual_capture_2026-01-07T07:09:47.578Z.jpg,2026-01-07 12:39:55,7,627
manual_capture_2026-01-07T07:09:47.915Z.jpg,2026-01-07 12:39:56,7,604
manual_capture_2026-01-07T07:09:48.772Z.jpg,2026-01-07 12:39:59,9,659
manual_capture_2026-01-07T07:09:49.019Z.jpg,2026-01-07 12:40:00,6,618
manual_capture_2026-01-07T07:09:50.188Z.jpg,2026-01-07 12:40:01,9,613
manual_capture_2026-01-07T07:09:50.684Z.jpg,2026-01-07 12:40:01,6,604
manual_capture_2026-01-07T07:09:50.811Z.jpg,2026-01-07 12:40:02,4,604
manual_capture_2026-01-07T07:09:52.180Z.jpg,2026-01-07 12:40:02,6,608
manual_capture_2026-01-07T07:09:53.825Z.jpg,2026-01-07 12:40:03,7,616
manual_capture_2026-01-07T07:09:54.230Z.jpg,2026-01-07 12:40:04,7,612
manual_capture_2026-01-07T07:09:54.958Z.jpg,2026-01-07 12:40:04,7,614
manual_capture_2026-01-07T07:09:56.668Z.jpg,2026-01-07 12:40:05,10,604
manual_capture_2026-01-07T07:10:00.416Z.jpg,2026-01-07 12:40:09,8,652
manual_capture_2026-01-07T07:10:02.903Z.jpg,2026-01-07 12:40:09,7,626
manual_capture_2026-01-07T07:10:03.138Z.jpg,2026-01-07 12:40:10,8,617
manual_capture_2026-01-07T07:10:04.201Z.jpg,2026-01-07 12:40:10,7,615
manual_capture_2026-01-07T07:10:04.553Z.jpg,2026-01-07 12:40:11,7,609
manual_capture_2026-01-07T07:10:05.104Z.jpg,2026-01-07 12:40:12,6,620
manual_capture_2026-01-07T07:10:05.526Z.jpg,2026-01-07 12:40:12,8,618
manual_capture_2026-01-07T07:10:05.958Z.jpg,2026-01-07 12:40:13,8,627
manual_capture_2026-01-07T07:10:07.847Z.jpg,2026-01-07 12:40:14,6,615
manual_capture_2026-01-07T07:10:08.331Z.jpg,2026-01-07 12:40:14,8,636
manual_capture_2026-01-07T07:10:08.733Z.jpg,2026-01-07 12:40:18,9,660
manual_capture_2026-01-07T07:10:09.241Z.jpg,2026-01-07 12:40:19,8,617
manual_capture_2026-01-07T07:10:09.734Z.jpg,2026-01-07 12:40:19,10,612
manual_capture_2026-01-07T07:10:09.940Z.jpg,2026-01-07 12:40:20,7,620
manual_capture_2026-01-07T07:10:10.449Z.jpg,2026-01-07 12:40:20,11,618
manual_capture_2026-01-07T07:10:11.152Z.jpg,2026-01-07 12:40:21,10,614
manual_capture_2026-01-07T07:10:11.556Z.jpg,2026-01-07 12:40:22,13,613
manual_capture_2026-01-07T07:10:12.101Z.jpg,2026-01-07 12:40:22,14,606
manual_capture_2026-01-07T07:10:13.529Z.jpg,2026-01-07 12:40:23,14,618
manual_capture_2026-01-07T07:10:13.703Z.jpg,2026-01-07 12:40:23,14,611
manual_capture_2026-01-07T07:10:15.719Z.jpg,2026-01-07 12:40:24,12,609
manual_capture_2026-01-07T07:10:17.225Z.jpg,2026-01-07 12:40:25,10,622
manual_capture_2026-01-07T07:10:17.710Z.jpg,2026-01-07 12:40:25,11,621
manual_capture_2026-01-07T07:10:18.560Z.jpg,2026-01-07 12:40:29,7,650
manual_capture_2026-01-07T07:10:25.504Z.jpg,2026-01-07 12:40:30,7,616
manual_capture_2026-01-07T07:10:26.482Z.jpg,2026-01-07 12:40:30,11,607
manual_capture_2026-01-07T07:10:29.083Z.jpg,2026-01-07 12:40:34,10,667
manual_capture_2026-01-07T07:10:30.410Z.jpg,2026-01-07 12:40:34,8,608
manual_capture_2026-01-07T07:10:31.021Z.jpg,2026-01-07 12:40:35,8,621
manual_capture_2026-01-07T07:10:32.423Z.jpg,2026-01-07 12:40:36,8,615
manual_capture_2026-01-07T07:10:32.653Z.jpg,2026-01-07 12:40:36,9,609
manual_capture_2026-01-07T07:10:33.491Z.jpg,2026-01-07 12:40:37,8,615
manual_capture_2026-01-07T07:10:34.727Z.jpg,2026-01-07 12:40:41,13,649
manual_capture_2026-01-07T07:10:35.450Z.jpg,2026-01-07 12:40:41,11,615
manual_capture_2026-01-07T07:10:36.344Z.jpg,2026-01-07 12:40:42,11,615
manual_capture_2026-01-07T07:10:36.457Z.jpg,2026-01-07 12:40:42,6,620
manual_capture_2026-01-07T07:10:37.897Z.jpg,2026-01-07 12:40:43,11,622
manual_capture_2026-01-07T07:10:38.826Z.jpg,2026-01-07 12:40:44,8,614
manual_capture_2026-01-07T07:10:39.459Z.jpg,2026-01-07 12:40:44,5,610
manual_capture_2026-01-07T07:10:39.899Z.jpg,2026-01-07 12:40:45,9,620
manual_capture_2026-01-07T07:10:40.814Z.jpg,2026-01-07 12:40:49,9,646
manual_capture_2026-01-07T07:10:41.281Z.jpg,2026-01-07 12:40:49,8,619
manual_capture_2026-01-07T07:10:41.869Z.jpg,2026-01-07 12:40:50,9,603
manual_capture_2026-01-07T07:10:42.067Z.jpg,2026-01-07 12:40:50,10,634
manual_capture_2026-01-07T07:10:42.532Z.jpg,2026-01-07 12:40:51,10,608
manual_capture_2026-01-07T07:10:43.241Z.jpg,2026-01-07 12:40:52,8,616
manual_capture_2026-01-07T07:10:43.765Z.jpg,2026-01-07 12:40:52,8,616
manual_capture_2026-01-07T07:10:44.275Z.jpg,2026-01-07 12:40:53,9,613
manual_capture_2026-01-07T07:10:44.667Z.jpg,2026-01-07 12:40:54,13,610
manual_capture_2026-01-07T07:10:44.841Z.jpg,2026-01-07 12:40:54,10,615
manual_capture_2026-01-07T07:10:45.659Z.jpg,2026-01-07 12:40:55,7,618
manual_capture_2026-01-07T07:10:46.574Z.jpg,2026-01-07 12:40:55,12,612
manual_capture_2026-01-07T07:10:47.309Z.jpg,2026-01-07 12:40:56,7,618
manual_capture_2026-01-07T07:10:48.154Z.jpg,2026-01-07 12:40:57,8,615
manual_capture_2026-01-07T07:10:51.895Z.jpg,2026-01-07 12:41:00,10,672
manual_capture_2026-01-07T07:10:52.280Z.jpg,2026-01-07 12:41:01,9,614
manual_capture_2026-01-07T07:10:52.435Z.jpg,2026-01-07 12:41:02,10,614
manual_capture_2026-01-07T07:10:53.056Z.jpg,2026-01-07 12:41:02,9,604
manual_capture_2026-01-07T07:10:53.656Z.jpg,2026-01-07 12:41:03,13,609
manual_capture_2026-01-07T07:10:54.147Z.jpg,2026-01-07 12:41:03,9,632
manual_capture_2026-01-07T07:10:54.231Z.jpg,2026-01-07 12:41:04,10,610
manual_capture_2026-01-07T07:10:55.200Z.jpg,2026-01-07 12:41:05,8,607
manual_capture_2026-01-07T07:10:56.161Z.jpg,2026-01-07 12:41:05,9,616
manual_capture_2026-01-07T07:10:58.258Z.jpg,2026-01-07 12:41:06,7,605
manual_capture_2026-01-07T07:10:59.397Z.jpg,2026-01-07 12:41:06,5,616
manual_capture_2026-01-07T07:11:00.295Z.jpg,2026-01-07 12:41:10,10,645
manual_capture_2026-01-07T07:11:01.099Z.jpg,2026-01-07 12:41:11,12,616
manual_capture_2026-01-07T07:11:03.059Z.jpg,2026-01-07 12:41:11,8,608
manual_capture_2026-01-07T07:11:07.490Z.jpg,2026-01-07 12:41:12,8,611
manual_capture_2026-01-07T07:11:07.901Z.jpg,2026-01-07 12:41:13,7,610
manual_capture_2026-01-07T07:11:07.996Z.jpg,2026-01-07 12:41:13,8,616
manual_capture_2026-01-07T07:11:08.298Z.jpg,2026-01-07 12:41:14,3,623
manual_capture_2026-01-07T07:11:08.718Z.jpg,2026-01-07 12:41:14,7,606
manual_capture_2026-01-07T07:11:10.140Z.jpg,2026-01-07 12:41:18,6,659
manual_capture_2026-01-07T07:11:11.263Z.jpg,2026-01-07 12:41:19,8,630
manual_capture_2026-01-07T07:11:11.938Z.jpg,2026-01-07 12:41:19,12,594
manual_capture_2026-01-07T07:11:13.133Z.jpg,2026-01-07 12:41:20,5,592
manual_capture_2026-01-07T07:11:13.666Z.jpg,2026-01-07 12:41:21,7,608
manual_capture_2026-01-07T07:11:14.843Z.jpg,2026-01-07 12:41:21,7,622
manual_capture_2026-01-07T07:11:15.721Z.jpg,2026-01-07 12:41:22,5,611
manual_capture_2026-01-07T07:11:16.205Z.jpg,2026-01-07 12:41:22,8,616
manual_capture_2026-01-07T07:11:18.246Z.jpg,2026-01-07 12:41:26,6,657
manual_capture_2026-01-07T07:11:19.680Z.jpg,2026-01-07 12:41:27,9,620
manual_capture_2026-01-07T07:11:21.496Z.jpg,2026-01-07 12:41:27,5,594
manual_capture_2026-01-07T07:11:21.661Z.jpg,2026-01-07 12:41:28,12,620
manual_capture_2026-01-07T07:11:22.172Z.jpg,2026-01-07 12:41:29,11,625
manual_capture_2026-01-07T07:11:22.821Z.jpg,2026-01-07 12:41:29,8,609
manual_capture_2026-01-07T07:11:23.737Z.jpg,2026-01-07 12:41:30,12,606
manual_capture_2026-01-07T07:11:24.218Z.jpg,2026-01-07 12:41:30,13,612
manual_capture_2026-01-07T07:11:26.209Z.jpg,2026-01-07 12:41:34,11,638
manual_capture_2026-01-07T07:11:26.604Z.jpg,2026-01-07 12:41:35,11,632
manual_capture_2026-01-07T07:11:28.943Z.jpg,2026-01-07 12:41:35,11,617
manual_capture_2026-01-07T07:11:30.958Z.jpg,2026-01-07 12:41:36,12,608
manual_capture_2026-01-07T07:11:31.591Z.jpg,2026-01-07 12:41:37,13,609
manual_capture_2026-01-07T07:11:32.329Z.jpg,2026-01-07 12:41:37,12,681
manual_capture_2026-01-07T07:11:32.737Z.jpg,2026-01-07 12:41:38,11,626
manual_capture_2026-01-07T07:11:33.980Z.jpg,2026-01-07 12:41:42,12,650
manual_capture_2026-01-07T07:11:35.135Z.jpg,2026-01-07 12:41:42,10,610
manual_capture_2026-01-07T07:11:35.887Z.jpg,2026-01-07 12:41:43,11,610
manual_capture_2026-01-07T07:11:37.029Z.jpg,2026-01-07 12:41:43,6,611
manual_capture_2026-01-07T07:11:37.782Z.jpg,2026-01-07 12:41:44,10,612
manual_capture_2026-01-07T07:11:37.853Z.jpg,2026-01-07 12:41:45,10,627
manual_capture_2026-01-07T07:11:39.532Z.jpg,2026-01-07 12:41:45,9,622
manual_capture_2026-01-07T07:11:40.105Z.jpg,2026-01-07 12:41:46,10,631
manual_capture_2026-01-07T07:11:41.312Z.jpg,2026-01-07 12:41:46,8,628
manual_capture_2026-01-07T07:11:41.805Z.jpg,2026-01-07 12:41:50,9,639
manual_capture_2026-01-07T07:11:42.189Z.jpg,2026-01-07 12:41:51,10,615
manual_capture_2026-01-07T07:11:42.338Z.jpg,2026-01-07 12:41:51,7,615
manual_capture_2026-01-07T07:11:43.008Z.jpg,2026-01-07 12:41:52,6,590
manual_capture_2026-01-07T07:11:43.101Z.jpg,2026-01-07 12:41:53,7,626
manual_capture_2026-01-07T07:11:43.789Z.jpg,2026-01-07 12:41:53,7,620
manual_capture_2026-01-07T07:11:45.223Z.jpg,2026-01-07 12:41:54,13,612
manual_capture_2026-01-07T07:11:46.250Z.jpg,2026-01-07 12:41:54,6,621
manual_capture_2026-01-07T07:11:48.011Z.jpg,2026-01-07 12:41:55,7,623
manual_capture_2026-01-07T07:11:48.694Z.jpg,2026-01-07 12:41:56,8,623
manual_capture_2026-01-07T07:11:49.283Z.jpg,2026-01-07 12:41:56,6,616
manual_capture_2026-01-07T07:11:50.611Z.jpg,2026-01-07 12:42:00,12,662
manual_capture_2026-01-07T07:11:51.180Z.jpg,2026-01-07 12:42:01,10,608
manual_capture_2026-01-07T07:11:51.439Z.jpg,2026-01-07 12:42:01,7,619
manual_capture_2026-01-07T07:11:52.777Z.jpg,2026-01-07 12:42:02,9,616
manual_capture_2026-01-07T07:11:53.408Z.jpg,2026-01-07 12:42:02,7,615
manual_capture_2026-01-07T07:11:54.037Z.jpg,2026-01-07 12:42:03,7,641
manual_capture_2026-01-07T07:11:54.796Z.jpg,2026-01-07 12:42:04,10,606
manual_capture_2026-01-07T07:11:55.609Z.jpg,2026-01-07 12:42:04,9,621
manual_capture_2026-01-07T07:11:55.934Z.jpg,2026-01-07 12:42:05,14,607
manual_capture_2026-01-07T07:11:56.039Z.jpg,2026-01-07 12:42:06,12,619
manual_capture_2026-01-07T07:11:57.477Z.jpg,2026-01-07 12:42:06,12,625
manual_capture_2026-01-07T07:11:58.277Z.jpg,2026-01-07 12:42:07,10,621
manual_capture_2026-01-07T07:11:59.106Z.jpg,2026-01-07 12:42:07,9,620
manual_capture_2026-01-07T07:11:59.663Z.jpg,2026-01-07 12:42:08,6,607
manual_capture_2026-01-07T07:12:00.038Z.jpg,2026-01-07 12:42:12,8,639
manual_capture_2026-01-07T07:12:00.102Z.jpg,2026-01-07 12:42:12,5,603
manual_capture_2026-01-07T07:12:00.522Z.jpg,2026-01-07 12:42:13,8,627
manual_capture_2026-01-07T07:12:01.349Z.jpg,2026-01-07 12:42:14,5,624
manual_capture_2026-01-07T07:12:01.659Z.jpg,2026-01-07 12:42:14,7,608
manual_capture_2026-01-07T07:12:02.381Z.jpg,2026-01-07 12:42:15,3,606
manual_capture_2026-01-07T07:12:02.754Z.jpg,2026-01-07 12:42:15,6,613
manual_capture_2026-01-07T07:12:03.119Z.jpg,2026-01-07 12:42:16,6,606
manual_capture_2026-01-07T07:12:04.052Z.jpg,2026-01-07 12:42:17,5,607
manual_capture_2026-01-07T07:12:04.243Z.jpg,2026-01-07 12:42:17,8,601
manual_capture_2026-01-07T07:12:04.664Z.jpg,2026-01-07 12:42:18,4,595
manual_capture_2026-01-07T07:12:04.975Z.jpg,2026-01-07 12:42:18,6,606
manual_capture_2026-01-07T07:12:05.738Z.jpg,2026-01-07 12:42:19,5,613
manual_capture_2026-01-07T07:12:06.566Z.jpg,2026-01-07 12:42:20,9,609
manual_capture_2026-01-07T07:12:07.250Z.jpg,2026-01-07 12:42:20,11,606
manual_capture_2026-01-07T07:12:08.112Z.jpg,2026-01-07 12:42:21,5,607
manual_capture_2026-01-07T07:12:08.848Z.jpg,2026-01-07 12:42:21,5,617
manual_capture_2026-01-07T07:12:09.186Z.jpg,2026-01-07 12:42:22,8,620
manual_capture_2026-01-07T07:12:09.778Z.jpg,2026-01-07 12:42:23,8,603
manual_capture_2026-01-07T07:12:10.412Z.jpg,2026-01-07 12:42:23,7,598
manual_capture_2026-01-07T07:12:11.707Z.jpg,2026-01-07 12:42:27,4,647
manual_capture_2026-01-07T07:12:12.748Z.jpg,2026-01-07 12:42:28,5,627
manual_capture_2026-01-07T07:12:13.467Z.jpg,2026-01-07 12:42:28,4,612
manual_capture_2026-01-07T07:12:14.026Z.jpg,2026-01-07 12:42:29,7,598
manual_capture_2026-01-07T07:12:14.185Z.jpg,2026-01-07 12:42:29,7,600
manual_capture_2026-01-07T07:12:14.842Z.jpg,2026-01-07 12:42:30,7,629
manual_capture_2026-01-07T07:12:14.960Z.jpg,2026-01-07 12:42:31,9,615
manual_capture_2026-01-07T07:12:16.164Z.jpg,2026-01-07 12:42:31,6,650
manual_capture_2026-01-07T07:12:17.156Z.jpg,2026-01-07 12:42:32,8,604
manual_capture_2026-01-07T07:12:17.900Z.jpg,2026-01-07 12:42:33,5,606
manual_capture_2026-01-07T07:12:18.401Z.jpg,2026-01-07 12:42:33,8,594
manual_capture_2026-01-07T07:12:18.848Z.jpg,2026-01-07 12:42:34,7,607
manual_capture_2026-01-07T07:12:19.416Z.jpg,2026-01-07 12:42:34,9,622
manual_capture_2026-01-07T07:12:19.579Z.jpg,2026-01-07 12:42:35,10,617
manual_capture_2026-01-07T07:12:19.872Z.jpg,2026-01-07 12:42:36,8,601
manual_capture_2026-01-07T07:12:20.943Z.jpg,2026-01-07 12:42:36,9,608
manual_capture_2026-01-07T07:12:21.947Z.jpg,2026-01-07 12:42:37,10,651
manual_capture_2026-01-07T07:12:22.724Z.jpg,2026-01-07 12:42:37,8,626
manual_capture_2026-01-07T07:12:23.755Z.jpg,2026-01-07 12:42:38,7,619
manual_capture_2026-01-07T07:12:24.062Z.jpg,2026-01-07 12:42:39,6,603
manual_capture_2026-01-07T07:12:24.857Z.jpg,2026-01-07 12:42:39,8,616
manual_capture_2026-01-07T07:12:26.414Z.jpg,2026-01-07 12:42:40,10,617
manual_capture_2026-01-07T07:12:27.766Z.jpg,2026-01-07 12:42:44,9,652
manual_capture_2026-01-07T07:12:29.203Z.jpg,2026-01-07 12:42:44,6,608
manual_capture_2026-01-07T07:12:29.837Z.jpg,2026-01-07 12:42:45,7,625
manual_capture_2026-01-07T07:12:30.862Z.jpg,2026-01-07 12:42:45,5,604
manual_capture_2026-01-07T07:12:31.644Z.jpg,2026-01-07 12:42:46,8,609
manual_capture_2026-01-07T07:12:31.950Z.jpg,2026-01-07 12:42:47,7,609
manual_capture_2026-01-07T07:12:32.502Z.jpg,2026-01-07 12:42:47,7,608
manual_capture_2026-01-07T07:12:33.006Z.jpg,2026-01-07 12:42:48,8,603
manual_capture_2026-01-07T07:12:33.802Z.jpg,2026-01-07 12:42:49,6,629
manual_capture_2026-01-07T07:12:34.169Z.jpg,2026-01-07 12:42:49,7,602
manual_capture_2026-01-07T07:12:34.504Z.jpg,2026-01-07 12:42:50,6,621
manual_capture_2026-01-07T07:12:35.026Z.jpg,2026-01-07 12:42:50,6,608
manual_capture_2026-01-07T07:12:35.324Z.jpg,2026-01-07 12:42:51,7,619
manual_capture_2026-01-07T07:12:36.740Z.jpg,2026-01-07 12:42:52,10,611
manual_capture_2026-01-07T07:12:36.921Z.jpg,2026-01-07 12:42:52,9,618
manual_capture_2026-01-07T07:12:37.902Z.jpg,2026-01-07 12:42:53,9,608
manual_capture_2026-01-07T07:12:40.813Z.jpg,2026-01-07 12:42:53,10,615
manual_capture_2026-01-07T07:12:42.903Z.jpg,2026-01-07 12:42:54,11,632
manual_capture_2026-01-07T07:12:43.236Z.jpg,2026-01-07 12:42:55,13,623
manual_capture_2026-01-07T07:12:44.178Z.jpg,2026-01-07 12:42:58,7,642
manual_capture_2026-01-07T07:12:45.269Z.jpg,2026-01-07 12:42:59,10,616
manual_capture_2026-01-07T07:12:46.119Z.jpg,2026-01-07 12:43:00,9,646
manual_capture_2026-01-07T07:12:46.637Z.jpg,2026-01-07 12:43:00,5,658
manual_capture_2026-01-07T07:12:47.255Z.jpg,2026-01-07 12:43:01,7,603
manual_capture_2026-01-07T07:12:47.352Z.jpg,2026-01-07 12:43:02,6,619
manual_capture_2026-01-07T07:12:47.623Z.jpg,2026-01-07 12:43:02,7,601
manual_capture_2026-01-07T07:12:48.158Z.jpg,2026-01-07 12:43:03,8,612
manual_capture_2026-01-07T07:12:48.434Z.jpg,2026-01-07 12:43:03,10,615
manual_capture_2026-01-07T07:12:48.531Z.jpg,2026-01-07 12:43:04,6,597
manual_capture_2026-01-07T07:12:49.088Z.jpg,2026-01-07 12:43:05,4,606
manual_capture_2026-01-07T07:12:49.159Z.jpg,2026-01-07 12:43:05,7,606
manual_capture_2026-01-07T07:12:50.404Z.jpg,2026-01-07 12:43:06,7,619
manual_capture_2026-01-07T07:12:50.624Z.jpg,2026-01-07 12:43:06,11,608
manual_capture_2026-01-07T07:12:52.012Z.jpg,2026-01-07 12:43:07,7,615
manual_capture_2026-01-07T07:12:52.682Z.jpg,2026-01-07 12:43:08,7,619
manual_capture_2026-01-07T07:12:52.893Z.jpg,2026-01-07 12:43:08,6,612
manual_capture_2026-01-07T07:12:53.323Z.jpg,2026-01-07 12:43:09,5,615
manual_capture_2026-01-07T07:12:54.275Z.jpg,2026-01-07 12:43:10,9,615
manual_capture_2026-01-07T07:12:54.643Z.jpg,2026-01-07 12:43:10,8,609
manual_capture_2026-01-07T07:12:54.723Z.jpg,2026-01-07 12:43:11,6,611
manual_capture_2026-01-07T07:12:55.211Z.jpg,2026-01-07 12:43:11,11,631
manual_capture_2026-01-07T07:12:56.177Z.jpg,2026-01-07 12:43:12,8,609
manual_capture_2026-01-07T07:12:57.204Z.jpg,2026-01-07 12:43:13,10,607
manual_capture_2026-01-07T07:12:57.756Z.jpg,2026-01-07 12:43:13,9,617
manual_capture_2026-01-07T07:12:58.614Z.jpg,2026-01-07 12:43:17,5,649
manual_capture_2026-01-07T07:12:59.658Z.jpg,2026-01-07 12:43:17,9,623
manual_capture_2026-01-07T07:13:00.211Z.jpg,2026-01-07 12:43:18,10,629
manual_capture_2026-01-07T07:13:00.909Z.jpg,2026-01-07 12:43:19,11,639
manual_capture_2026-01-07T07:13:01.058Z.jpg,2026-01-07 12:43:19,8,604
manual_capture_2026-01-07T07:13:01.699Z.jpg,2026-01-07 12:43:20,10,613
manual_capture_2026-01-07T07:13:02.144Z.jpg,2026-01-07 12:43:21,5,655
manual_capture_2026-01-07T07:13:03.123Z.jpg,2026-01-07 12:43:21,8,619
manual_capture_2026-01-07T07:13:03.680Z.jpg,2026-01-07 12:43:22,6,623
manual_capture_2026-01-07T07:13:04.258Z.jpg,2026-01-07 12:43:23,8,609
manual_capture_2026-01-07T07:13:04.576Z.jpg,2026-01-07 12:43:23,8,624
manual_capture_2026-01-07T07:13:05.164Z.jpg,2026-01-07 12:43:24,8,620
manual_capture_2026-01-07T07:13:06.702Z.jpg,2026-01-07 12:43:24,10,603
manual_capture_2026-01-07T07:13:07.433Z.jpg,2026-01-07 12:43:25,11,606
manual_capture_2026-01-07T07:13:07.970Z.jpg,2026-01-07 12:43:26,15,609
manual_capture_2026-01-07T07:13:08.454Z.jpg,2026-01-07 12:43:26,15,617
manual_capture_2026-01-07T07:13:09.163Z.jpg,2026-01-07 12:43:27,15,612
manual_capture_2026-01-07T07:13:09.948Z.jpg,2026-01-07 12:43:27,16,627
manual_capture_2026-01-07T07:13:10.775Z.jpg,2026-01-07 12:43:28,8,611
manual_capture_2026-01-07T07:13:11.411Z.jpg,2026-01-07 12:43:29,11,635
manual_capture_2026-01-07T07:13:11.539Z.jpg,2026-01-07 12:43:29,12,623
manual_capture_2026-01-07T07:13:12.536Z.jpg,2026-01-07 12:43:30,6,617
manual_capture_2026-01-07T07:13:13.474Z.jpg,2026-01-07 12:43:31,6,627
manual_capture_2026-01-07T07:13:14.174Z.jpg,2026-01-07 12:43:31,6,619
manual_capture_2026-01-07T07:13:14.675Z.jpg,2026-01-07 12:43:32,10,624
manual_capture_2026-01-07T07:13:15.669Z.jpg,2026-01-07 12:43:32,9,614
manual_capture_2026-01-07T07:13:16.287Z.jpg,2026-01-07 12:43:33,9,630
manual_capture_2026-01-07T07:13:16.901Z.jpg,2026-01-07 12:43:37,10,644
manual_capture_2026-01-07T07:13:17.449Z.jpg,2026-01-07 12:43:37,12,616
manual_capture_2026-01-07T07:13:17.610Z.jpg,2026-01-07 12:43:38,9,622
manual_capture_2026-01-07T07:13:19.215Z.jpg,2026-01-07 12:43:39,8,645
manual_capture_2026-01-07T07:13:22.242Z.jpg,2026-01-07 12:43:39,13,613
manual_capture_2026-01-07T07:13:22.571Z.jpg,2026-01-07 12:43:40,10,647
manual_capture_2026-01-07T07:13:23.165Z.jpg,2026-01-07 12:43:41,10,612
manual_capture_2026-01-07T07:13:23.768Z.jpg,2026-01-07 12:43:41,12,631
manual_capture_2026-01-07T07:13:24.178Z.jpg,2026-01-07 12:43:42,11,618
manual_capture_2026-01-07T07:13:24.464Z.jpg,2026-01-07 12:43:42,8,610
manual_capture_2026-01-07T07:13:24.985Z.jpg,2026-01-07 12:43:43,7,617
manual_capture_2026-01-07T07:13:25.128Z.jpg,2026-01-07 12:43:44,9,612
manual_capture_2026-01-07T07:13:25.385Z.jpg,2026-01-07 12:43:44,11,615
manual_capture_2026-01-07T07:13:26.131Z.jpg,2026-01-07 12:43:45,10,619
manual_capture_2026-01-07T07:13:26.256Z.jpg,2026-01-07 12:43:45,11,599
manual_capture_2026-01-07T07:13:26.745Z.jpg,2026-01-07 12:43:46,10,621
manual_capture_2026-01-07T07:13:26.873Z.jpg,2026-01-07 12:43:47,11,609
manual_capture_2026-01-07T07:13:27.530Z.jpg,2026-01-07 12:43:47,12,616
manual_capture_2026-01-07T07:13:28.015Z.jpg,2026-01-07 12:43:48,9,617
manual_capture_2026-01-07T07:13:28.560Z.jpg,2026-01-07 12:43:49,10,613
manual_capture_2026-01-07T07:13:28.642Z.jpg,2026-01-07 12:43:49,13,625
manual_capture_2026-01-07T07:13:29.237Z.jpg,2026-01-07 12:43:50,14,624
manual_capture_2026-01-07T07:13:29.849Z.jpg,2026-01-07 12:43:50,10,611
manual_capture_2026-01-07T07:13:30.584Z.jpg,2026-01-07 12:43:51,8,600
manual_capture_2026-01-07T07:13:30.650Z.jpg,2026-01-07 12:43:52,6,615
manual_capture_2026-01-07T07:13:31.437Z.jpg,2026-01-07 12:43:52,7,625
manual_capture_2026-01-07T07:13:31.669Z.jpg,2026-01-07 12:43:53,11,612
manual_capture_2026-01-07T07:13:32.720Z.jpg,2026-01-07 12:43:53,7,610
manual_capture_2026-01-07T07:13:33.116Z.jpg,2026-01-07 12:43:54,9,608
manual_capture_2026-01-07T07:13:33.703Z.jpg,2026-01-07 12:43:55,11,637
manual_capture_2026-01-07T07:13:33.957Z.jpg,2026-01-07 12:43:55,11,606
manual_capture_2026-01-07T07:13:34.664Z.jpg,2026-01-07 12:43:56,7,615
manual_capture_2026-01-07T07:13:35.353Z.jpg,2026-01-07 12:43:57,11,615
manual_capture_2026-01-07T07:13:35.647Z.jpg,2026-01-07 12:43:57,10,625
manual_capture_2026-01-07T07:13:36.462Z.jpg,2026-01-07 12:43:58,10,609
manual_capture_2026-01-07T07:13:36.824Z.jpg,2026-01-07 12:44:02,10,673
manual_capture_2026-01-07T07:13:37.464Z.jpg,2026-01-07 12:44:02,9,619
manual_capture_2026-01-07T07:13:38.826Z.jpg,2026-01-07 12:44:03,8,611
manual_capture_2026-01-07T07:13:39.068Z.jpg,2026-01-07 12:44:03,10,619
manual_capture_2026-01-07T07:13:40.384Z.jpg,2026-01-07 12:44:04,10,604
manual_capture_2026-01-07T07:13:41.223Z.jpg,2026-01-07 12:44:05,10,627
manual_capture_2026-01-07T07:13:42.001Z.jpg,2026-01-07 12:44:05,10,603
manual_capture_2026-01-07T07:13:43.458Z.jpg,2026-01-07 12:44:06,13,623
manual_capture_2026-01-07T07:13:44.904Z.jpg,2026-01-07 12:44:06,14,622
manual_capture_2026-01-07T07:13:45.639Z.jpg,2026-01-07 12:44:07,15,628
manual_capture_2026-01-07T07:13:46.425Z.jpg,2026-01-07 12:44:08,12,605
manual_capture_2026-01-07T07:13:47.454Z.jpg,2026-01-07 12:44:08,12,622
manual_capture_2026-01-07T07:13:48.561Z.jpg,2026-01-07 12:44:09,13,612
manual_capture_2026-01-07T07:13:52.717Z.jpg,2026-01-07 12:44:10,11,615
manual_capture_2026-01-07T07:13:53.877Z.jpg,2026-01-07 12:44:10,15,613
manual_capture_2026-01-07T07:13:53.999Z.jpg,2026-01-07 12:44:11,12,619
manual_capture_2026-01-07T07:13:55.573Z.jpg,2026-01-07 12:44:11,11,612
manual_capture_2026-01-07T07:13:59.270Z.jpg,2026-01-07 12:44:12,12,605
manual_capture_2026-01-07T07:14:00.193Z.jpg,2026-01-07 12:44:13,8,615
manual_capture_2026-01-07T07:14:01.842Z.jpg,2026-01-07 12:44:16,9,661
manual_capture_2026-01-07T07:14:04.540Z.jpg,2026-01-07 12:44:17,12,605
manual_capture_2026-01-07T07:14:14.732Z.jpg,2026-01-07 12:44:18,11,626
manual_capture_2026-01-07T07:14:14.913Z.jpg,2026-01-07 12:44:18,11,603
manual_capture_2026-01-07T07:14:15.564Z.jpg,2026-01-07 12:44:19,6,616
manual_capture_2026-01-07T07:14:16.782Z.jpg,2026-01-07 12:44:22,11,644
manual_capture_2026-01-07T07:14:18.017Z.jpg,2026-01-07 12:44:23,7,606
manual_capture_2026-01-07T07:14:20.749Z.jpg,2026-01-07 12:44:24,8,607
manual_capture_2026-01-07T07:14:21.842Z.jpg,2026-01-07 12:44:24,8,604
manual_capture_2026-01-07T07:14:23.346Z.jpg,2026-01-07 12:44:28,13,647
manual_capture_2026-01-07T07:14:25.105Z.jpg,2026-01-07 12:44:29,13,617
manual_capture_2026-01-07T07:14:26.115Z.jpg,2026-01-07 12:44:29,11,626
manual_capture_2026-01-07T07:14:26.546Z.jpg,2026-01-07 12:44:30,14,621
manual_capture_2026-01-07T07:14:26.970Z.jpg,2026-01-07 12:44:30,14,605
manual_capture_2026-01-07T07:14:27.395Z.jpg,2026-01-07 12:44:31,15,653
manual_capture_2026-01-07T07:14:28.160Z.jpg,2026-01-07 12:44:35,17,656
manual_capture_2026-01-07T07:14:29.082Z.jpg,2026-01-07 12:44:35,11,611
manual_capture_2026-01-07T07:14:29.324Z.jpg,2026-01-07 12:44:36,13,611
manual_capture_2026-01-07T07:14:29.947Z.jpg,2026-01-07 12:44:37,13,599
manual_capture_2026-01-07T07:14:30.806Z.jpg,2026-01-07 12:44:37,11,624
manual_capture_2026-01-07T07:14:31.480Z.jpg,2026-01-07 12:44:38,11,619
manual_capture_2026-01-07T07:14:32.422Z.jpg,2026-01-07 12:44:38,11,626
manual_capture_2026-01-07T07:14:33.009Z.jpg,2026-01-07 12:44:39,11,614
manual_capture_2026-01-07T07:14:33.672Z.jpg,2026-01-07 12:44:40,10,614
manual_capture_2026-01-07T07:14:34.721Z.jpg,2026-01-07 12:44:43,10,649
manual_capture_2026-01-07T07:14:34.820Z.jpg,2026-01-07 12:44:44,12,615
manual_capture_2026-01-07T07:14:37.602Z.jpg,2026-01-07 12:44:45,11,617
manual_capture_2026-01-07T07:14:38.412Z.jpg,2026-01-07 12:44:45,12,610
manual_capture_2026-01-07T07:14:38.542Z.jpg,2026-01-07 12:44:46,11,617
manual_capture_2026-01-07T07:14:39.373Z.jpg,2026-01-07 12:44:46,12,623
manual_capture_2026-01-07T07:14:40.742Z.jpg,2026-01-07 12:44:47,10,619
manual_capture_2026-01-07T07:14:41.497Z.jpg,2026-01-07 12:44:48,11,627
manual_capture_2026-01-07T07:14:41.942Z.jpg,2026-01-07 12:44:48,13,606
manual_capture_2026-01-07T07:14:42.050Z.jpg,2026-01-07 12:44:49,12,620
manual_capture_2026-01-07T07:14:43.073Z.jpg,2026-01-07 12:44:50,11,609
manual_capture_2026-01-07T07:14:44.254Z.jpg,2026-01-07 12:44:53,12,661
manual_capture_2026-01-07T07:14:44.814Z.jpg,2026-01-07 12:44:54,11,649
manual_capture_2026-01-07T07:14:45.489Z.jpg,2026-01-07 12:44:54,9,615
manual_capture_2026-01-07T07:14:46.103Z.jpg,2026-01-07 12:44:55,9,594
manual_capture_2026-01-07T07:14:46.463Z.jpg,2026-01-07 12:44:56,12,621
manual_capture_2026-01-07T07:14:46.978Z.jpg,2026-01-07 12:44:56,11,623
manual_capture_2026-01-07T07:14:47.680Z.jpg,2026-01-07 12:44:57,10,640
manual_capture_2026-01-07T07:14:48.065Z.jpg,2026-01-07 12:44:58,11,627
manual_capture_2026-01-07T07:14:48.300Z.jpg,2026-01-07 12:44:58,9,632
manual_capture_2026-01-07T07:14:48.606Z.jpg,2026-01-07 12:44:59,9,623
manual_capture_2026-01-07T07:14:49.936Z.jpg,2026-01-07 12:44:59,9,651
manual_capture_2026-01-07T07:14:50.684Z.jpg,2026-01-07 12:45:00,9,626
manual_capture_2026-01-07T07:14:51.721Z.jpg,2026-01-07 12:45:01,10,606
manual_capture_2026-01-07T07:14:51.924Z.jpg,2026-01-07 12:45:01,8,611
manual_capture_2026-01-07T07:14:53.621Z.jpg,2026-01-07 12:45:05,9,655
manual_capture_2026-01-07T07:14:53.640Z.jpg,2026-01-07 12:45:06,11,760
manual_capture_2026-01-07T07:14:54.163Z.jpg,2026-01-07 12:45:07,12,729
manual_capture_2026-01-07T07:14:54.348Z.jpg,2026-01-07 12:45:07,13,650
manual_capture_2026-01-07T07:14:55.220Z.jpg,2026-01-07 12:45:08,11,618
manual_capture_2026-01-07T07:14:55.672Z.jpg,2026-01-07 12:45:08,16,616
manual_capture_2026-01-07T07:14:56.081Z.jpg,2026-01-07 12:45:09,14,590
manual_capture_2026-01-07T07:14:56.691Z.jpg,2026-01-07 12:45:10,12,603
manual_capture_2026-01-07T07:14:57.330Z.jpg,2026-01-07 12:45:10,11,621
manual_capture_2026-01-07T07:14:59.949Z.jpg,2026-01-07 12:45:11,5,616
manual_capture_2026-01-07T07:15:01.120Z.jpg,2026-01-07 12:45:11,8,655
manual_capture_2026-01-07T07:15:03.783Z.jpg,2026-01-07 12:45:12,7,599
manual_capture_2026-01-07T07:15:07.564Z.jpg,2026-01-07 12:45:16,12,636
manual_capture_2026-01-07T07:15:10.675Z.jpg,2026-01-07 12:45:16,9,655
manual_capture_2026-01-07T07:15:12.319Z.jpg,2026-01-07 12:45:17,8,633
manual_capture_2026-01-07T07:15:20.395Z.jpg,2026-01-07 12:45:21,13,664
manual_capture_2026-01-07T07:15:20.989Z.jpg,2026-01-07 12:45:24,10,649
manual_capture_2026-01-07T07:15:43.176Z.jpg,2026-01-07 12:45:46,10,715
manual_capture_2026-01-07T07:15:43.768Z.jpg,2026-01-07 12:45:47,4,611
manual_capture_2026-01-07T07:15:44.996Z.jpg,2026-01-07 12:45:47,9,641
manual_capture_2026-01-07T07:15:45.450Z.jpg,2026-01-07 12:45:48,5,640
manual_capture_2026-01-07T07:15:46.374Z.jpg,2026-01-07 12:45:52,8,708
manual_capture_2026-01-07T07:15:47.075Z.jpg,2026-01-07 12:45:52,7,616
manual_capture_2026-01-07T07:15:47.739Z.jpg,2026-01-07 12:45:53,9,588
manual_capture_2026-01-07T07:15:48.680Z.jpg,2026-01-07 12:45:54,9,583
manual_capture_2026-01-07T07:15:51.778Z.jpg,2026-01-07 12:45:57,6,665
manual_capture_2026-01-07T07:15:52.143Z.jpg,2026-01-07 12:45:58,7,612
manual_capture_2026-01-07T07:15:55.740Z.jpg,2026-01-07 12:45:58,13,639
manual_capture_2026-01-07T07:15:56.057Z.jpg,2026-01-07 12:45:59,11,600
manual_capture_2026-01-07T07:15:57.483Z.jpg,2026-01-07 12:46:03,8,606
manual_capture_2026-01-07T07:15:58.388Z.jpg,2026-01-07 12:46:03,4,573
manual_capture_2026-01-07T07:15:58.845Z.jpg,2026-01-07 12:46:04,5,578
manual_capture_2026-01-07T07:15:59.863Z.jpg,2026-01-07 12:46:04,11,593
manual_capture_2026-01-07T07:16:09.290Z.jpg,2026-01-07 12:46:11,6,668
manual_capture_2026-01-07T07:16:12.347Z.jpg,2026-01-07 12:46:15,7,650
manual_capture_2026-01-07T07:16:15.382Z.jpg,2026-01-07 12:46:18,9,627
manual_capture_2026-01-07T07:16:15.965Z.jpg,2026-01-07 12:46:19,10,588
manual_capture_2026-01-07T07:16:17.925Z.jpg,2026-01-07 12:46:20,7,581
manual_capture_2026-01-07T07:16:17.926Z.jpg,2026-01-07 12:46:20,13,586
manual_capture_2026-01-07T07:16:18.765Z.jpg,2026-01-07 12:46:24,5,675
manual_capture_2026-01-07T07:16:22.764Z.jpg,2026-01-07 12:46:24,6,584
manual_capture_2026-01-07T07:16:24.230Z.jpg,2026-01-07 12:46:28,8,667
manual_capture_2026-01-07T07:16:29.400Z.jpg,2026-01-07 12:46:32,8,639
manual_capture_2026-01-07T07:16:30.866Z.jpg,2026-01-07 12:46:32,3,662
manual_capture_2026-01-07T07:16:33.289Z.jpg,2026-01-07 12:46:36,9,607
manual_capture_2026-01-07T07:16:33.932Z.jpg,2026-01-07 12:46:37,7,588
manual_capture_2026-01-07T07:16:35.085Z.jpg,2026-01-07 12:46:37,5,568
manual_capture_2026-01-07T07:16:44.706Z.jpg,2026-01-07 12:46:47,8,644
manual_capture_2026-01-07T07:16:47.032Z.jpg,2026-01-07 12:46:51,7,687
manual_capture_2026-01-07T07:16:48.132Z.jpg,2026-01-07 12:46:51,2,598
manual_capture_2026-01-07T07:16:49.498Z.jpg,2026-01-07 12:46:52,5,586
manual_capture_2026-01-07T07:16:49.848Z.jpg,2026-01-07 12:46:52,7,616
manual_capture_2026-01-07T07:16:50.790Z.jpg,2026-01-07 12:46:56,5,649
manual_capture_2026-01-07T07:16:51.860Z.jpg,2026-01-07 12:46:57,7,594
manual_capture_2026-01-07T07:16:53.169Z.jpg,2026-01-07 12:46:57,6,613
manual_capture_2026-01-07T07:16:54.094Z.jpg,2026-01-07 12:46:58,8,618
manual_capture_2026-01-07T07:16:54.925Z.jpg,2026-01-07 12:46:59,3,624
manual_capture_2026-01-07T07:16:55.076Z.jpg,2026-01-07 12:46:59,3,615
manual_capture_2026-01-07T07:16:56.034Z.jpg,2026-01-07 12:47:03,7,657
manual_capture_2026-01-07T07:16:56.363Z.jpg,2026-01-07 12:47:03,8,600
manual_capture_2026-01-07T07:16:56.569Z.jpg,2026-01-07 12:47:04,7,592
manual_capture_2026-01-07T07:16:57.608Z.jpg,2026-01-07 12:47:05,4,606
manual_capture_2026-01-07T07:16:58.507Z.jpg,2026-01-07 12:47:05,7,590
manual_capture_2026-01-07T07:16:58.933Z.jpg,2026-01-07 12:47:06,11,587
manual_capture_2026-01-07T07:16:59.835Z.jpg,2026-01-07 12:47:06,7,616
manual_capture_2026-01-07T07:17:00.749Z.jpg,2026-01-07 12:47:07,9,594
manual_capture_2026-01-07T07:17:00.889Z.jpg,2026-01-07 12:47:08,13,600
manual_capture_2026-01-07T07:17:01.864Z.jpg,2026-01-07 12:47:08,9,612
manual_capture_2026-01-07T07:17:03.242Z.jpg,2026-01-07 12:47:12,8,655
manual_capture_2026-01-07T07:17:03.925Z.jpg,2026-01-07 12:47:12,12,591
manual_capture_2026-01-07T07:17:04.267Z.jpg,2026-01-07 12:47:13,9,600
manual_capture_2026-01-07T07:17:06.417Z.jpg,2026-01-07 12:47:14,6,605
manual_capture_2026-01-07T07:17:09.611Z.jpg,2026-01-07 12:47:14,9,597
manual_capture_2026-01-07T07:17:10.317Z.jpg,2026-01-07 12:47:15,6,619
manual_capture_2026-01-07T07:17:10.351Z.jpg,2026-01-07 12:47:16,5,592
manual_capture_2026-01-07T07:21:45.938Z.jpg,2026-01-07 12:51:47,15,976
manual_capture_2026-01-07T07:21:47.130Z.jpg,2026-01-07 12:51:51,10,625
manual_capture_2026-01-07T07:21:47.552Z.jpg,2026-01-07 12:51:51,7,585
manual_capture_2026-01-07T07:21:48.188Z.jpg,2026-01-07 12:51:52,2,609
manual_capture_2026-01-07T07:21:48.994Z.jpg,2026-01-07 12:51:53,6,580
manual_capture_2026-01-07T07:21:49.750Z.jpg,2026-01-07 12:51:53,3,601
manual_capture_2026-01-07T07:21:50.084Z.jpg,2026-01-07 12:51:54,5,582
manual_capture_2026-01-07T07:21:51.327Z.jpg,2026-01-07 12:51:57,3,631
manual_capture_2026-01-07T07:21:52.161Z.jpg,2026-01-07 12:51:58,7,568
manual_capture_2026-01-07T07:21:52.791Z.jpg,2026-01-07 12:51:59,4,644
manual_capture_2026-01-07T07:21:53.903Z.jpg,2026-01-07 12:51:59,4,580
manual_capture_2026-01-07T07:21:54.142Z.jpg,2026-01-07 12:52:00,7,585
manual_capture_2026-01-07T07:22:11.257Z.jpg,2026-01-07 12:52:12,10,629
manual_capture_2026-01-07T07:22:13.927Z.jpg,2026-01-07 12:52:16,14,606
manual_capture_2026-01-07T07:22:30.088Z.jpg,2026-01-07 12:52:32,12,639
manual_capture_2026-01-07T07:22:30.332Z.jpg,2026-01-07 12:52:32,12,579
manual_capture_2026-01-07T07:22:30.735Z.jpg,2026-01-07 12:52:33,13,588
manual_capture_2026-01-07T07:22:30.877Z.jpg,2026-01-07 12:52:34,10,580
manual_capture_2026-01-07T07:22:31.218Z.jpg,2026-01-07 12:52:34,10,580
manual_capture_2026-01-07T07:22:31.510Z.jpg,2026-01-07 12:52:35,13,576
manual_capture_2026-01-07T07:22:31.919Z.jpg,2026-01-07 12:52:38,16,615
manual_capture_2026-01-07T07:22:32.247Z.jpg,2026-01-07 12:52:39,16,586
manual_capture_2026-01-07T07:22:32.480Z.jpg,2026-01-07 12:52:39,13,560
manual_capture_2026-01-07T07:22:32.651Z.jpg,2026-01-07 12:52:40,15,575
manual_capture_2026-01-07T07:22:32.916Z.jpg,2026-01-07 12:52:41,14,578
manual_capture_2026-01-07T07:22:33.321Z.jpg,2026-01-07 12:52:41,12,581
manual_capture_2026-01-07T07:22:33.678Z.jpg,2026-01-07 12:52:42,11,583
manual_capture_2026-01-07T07:22:33.693Z.jpg,2026-01-07 12:52:42,13,568
manual_capture_2026-01-07T07:22:33.964Z.jpg,2026-01-07 12:52:43,16,584
manual_capture_2026-01-07T07:22:34.276Z.jpg,2026-01-07 12:52:44,8,584
manual_capture_2026-01-07T07:22:34.700Z.jpg,2026-01-07 12:52:44,12,571
manual_capture_2026-01-07T07:22:34.757Z.jpg,2026-01-07 12:52:45,9,562
manual_capture_2026-01-07T07:22:35.228Z.jpg,2026-01-07 12:52:45,12,577
manual_capture_2026-01-07T07:22:35.468Z.jpg,2026-01-07 12:52:46,9,584
manual_capture_2026-01-07T07:22:35.589Z.jpg,2026-01-07 12:52:46,14,570
manual_capture_2026-01-07T07:22:35.701Z.jpg,2026-01-07 12:52:47,8,579
manual_capture_2026-01-07T07:22:36.049Z.jpg,2026-01-07 12:52:48,10,568
manual_capture_2026-01-07T07:22:36.266Z.jpg,2026-01-07 12:52:48,9,576
manual_capture_2026-01-07T07:22:36.531Z.jpg,2026-01-07 12:52:49,8,577
manual_capture_2026-01-07T07:22:36.684Z.jpg,2026-01-07 12:52:49,9,572
manual_capture_2026-01-07T07:22:36.990Z.jpg,2026-01-07 12:52:50,8,577
manual_capture_2026-01-07T07:22:37.524Z.jpg,2026-01-07 12:52:50,7,587
manual_capture_2026-01-07T07:22:37.543Z.jpg,2026-01-07 12:52:51,7,568
manual_capture_2026-01-07T07:22:37.950Z.jpg,2026-01-07 12:52:52,9,582
manual_capture_2026-01-07T07:22:38.699Z.jpg,2026-01-07 12:52:55,10,603
manual_capture_2026-01-07T07:22:38.792Z.jpg,2026-01-07 12:52:56,13,564
manual_capture_2026-01-07T07:22:39.220Z.jpg,2026-01-07 12:52:56,8,666
manual_capture_2026-01-07T07:22:39.801Z.jpg,2026-01-07 12:52:57,13,596
manual_capture_2026-01-07T07:22:39.859Z.jpg,2026-01-07 12:52:58,12,603
manual_capture_2026-01-07T07:22:40.084Z.jpg,2026-01-07 12:52:58,6,593
manual_capture_2026-01-07T07:22:40.527Z.jpg,2026-01-07 12:52:59,9,578
manual_capture_2026-01-07T07:22:40.632Z.jpg,2026-01-07 12:52:59,7,580
manual_capture_2026-01-07T07:22:40.749Z.jpg,2026-01-07 12:53:00,11,565
manual_capture_2026-01-07T07:22:41.224Z.jpg,2026-01-07 12:53:01,12,573
manual_capture_2026-01-07T07:22:41.264Z.jpg,2026-01-07 12:53:01,8,563
manual_capture_2026-01-07T07:22:41.709Z.jpg,2026-01-07 12:53:02,9,597
manual_capture_2026-01-07T07:22:42.038Z.jpg,2026-01-07 12:53:02,13,573
manual_capture_2026-01-07T07:22:42.607Z.jpg,2026-01-07 12:53:03,10,582
manual_capture_2026-01-07T07:22:42.740Z.jpg,2026-01-07 12:53:03,13,576
manual_capture_2026-01-07T07:22:43.142Z.jpg,2026-01-07 12:53:04,15,568
manual_capture_2026-01-07T07:22:43.197Z.jpg,2026-01-07 12:53:05,15,574
manual_capture_2026-01-07T07:22:43.759Z.jpg,2026-01-07 12:53:05,17,594
manual_capture_2026-01-07T07:22:43.965Z.jpg,2026-01-07 12:53:06,11,575
manual_capture_2026-01-07T07:22:44.307Z.jpg,2026-01-07 12:53:06,10,589
manual_capture_2026-01-07T07:22:45.084Z.jpg,2026-01-07 12:53:07,12,575
manual_capture_2026-01-07T07:22:45.264Z.jpg,2026-01-07 12:53:08,11,582
manual_capture_2026-01-07T07:22:45.528Z.jpg,2026-01-07 12:53:08,11,588
manual_capture_2026-01-07T07:22:45.959Z.jpg,2026-01-07 12:53:09,16,578
manual_capture_2026-01-07T07:22:46.051Z.jpg,2026-01-07 12:53:09,8,573
manual_capture_2026-01-07T07:22:46.852Z.jpg,2026-01-07 12:53:10,9,563
manual_capture_2026-01-07T07:22:46.998Z.jpg,2026-01-07 12:53:10,12,575
manual_capture_2026-01-07T07:22:47.593Z.jpg,2026-01-07 12:53:11,11,578
manual_capture_2026-01-07T07:22:47.640Z.jpg,2026-01-07 12:53:12,11,566
manual_capture_2026-01-07T07:22:48.194Z.jpg,2026-01-07 12:53:12,14,595
manual_capture_2026-01-07T07:22:48.385Z.jpg,2026-01-07 12:53:13,14,579
manual_capture_2026-01-07T07:22:48.781Z.jpg,2026-01-07 12:53:13,11,573
manual_capture_2026-01-07T07:22:49.532Z.jpg,2026-01-07 12:53:14,11,560
manual_capture_2026-01-07T07:22:49.612Z.jpg,2026-01-07 12:53:14,13,571
manual_capture_2026-01-07T07:22:50.074Z.jpg,2026-01-07 12:53:15,9,583
manual_capture_2026-01-07T07:22:50.252Z.jpg,2026-01-07 12:53:16,10,575
manual_capture_2026-01-07T07:22:50.621Z.jpg,2026-01-07 12:53:16,11,568
manual_capture_2026-01-07T07:22:50.810Z.jpg,2026-01-07 12:53:17,12,575
manual_capture_2026-01-07T07:22:51.401Z.jpg,2026-01-07 12:53:17,17,581
manual_capture_2026-01-07T07:22:52.193Z.jpg,2026-01-07 12:53:18,12,573
manual_capture_2026-01-07T07:22:52.589Z.jpg,2026-01-07 12:53:19,12,581
manual_capture_2026-01-07T07:22:53.382Z.jpg,2026-01-07 12:53:19,11,566
manual_capture_2026-01-07T07:22:53.726Z.jpg,2026-01-07 12:53:20,9,567
manual_capture_2026-01-07T07:22:53.785Z.jpg,2026-01-07 12:53:20,9,587
manual_capture_2026-01-07T07:22:54.312Z.jpg,2026-01-07 12:53:21,12,581
manual_capture_2026-01-07T07:22:54.609Z.jpg,2026-01-07 12:53:21,7,602
manual_capture_2026-01-07T07:22:54.853Z.jpg,2026-01-07 12:53:22,9,583
manual_capture_2026-01-07T07:22:54.901Z.jpg,2026-01-07 12:53:23,6,583
manual_capture_2026-01-07T07:22:55.273Z.jpg,2026-01-07 12:53:26,6,625
manual_capture_2026-01-07T07:22:55.514Z.jpg,2026-01-07 12:53:27,9,558
manual_capture_2026-01-07T07:22:55.790Z.jpg,2026-01-07 12:53:27,9,574
manual_capture_2026-01-07T07:22:55.982Z.jpg,2026-01-07 12:53:28,7,590
manual_capture_2026-01-07T07:22:56.466Z.jpg,2026-01-07 12:53:29,7,582
manual_capture_2026-01-07T07:22:56.772Z.jpg,2026-01-07 12:53:29,6,572
manual_capture_2026-01-07T07:22:56.836Z.jpg,2026-01-07 12:53:30,13,573
manual_capture_2026-01-07T07:22:57.414Z.jpg,2026-01-07 12:53:30,12,568
manual_capture_2026-01-07T07:22:57.502Z.jpg,2026-01-07 12:53:31,11,565
manual_capture_2026-01-07T07:22:57.672Z.jpg,2026-01-07 12:53:31,14,575
manual_capture_2026-01-07T07:22:57.923Z.jpg,2026-01-07 12:53:32,13,570
manual_capture_2026-01-07T07:22:58.186Z.jpg,2026-01-07 12:53:33,14,580
manual_capture_2026-01-07T07:22:58.301Z.jpg,2026-01-07 12:53:33,11,589
manual_capture_2026-01-07T07:22:58.511Z.jpg,2026-01-07 12:53:34,15,575
manual_capture_2026-01-07T07:22:59.035Z.jpg,2026-01-07 12:53:34,10,575
manual_capture_2026-01-07T07:22:59.130Z.jpg,2026-01-07 12:53:35,12,572
manual_capture_2026-01-07T07:22:59.778Z.jpg,2026-01-07 12:53:36,15,578
manual_capture_2026-01-07T07:22:59.811Z.jpg,2026-01-07 12:53:36,12,582
manual_capture_2026-01-07T07:23:00.405Z.jpg,2026-01-07 12:53:37,11,587
manual_capture_2026-01-07T07:23:00.560Z.jpg,2026-01-07 12:53:37,14,569
manual_capture_2026-01-07T07:23:01.208Z.jpg,2026-01-07 12:53:38,11,608
manual_capture_2026-01-07T07:23:01.480Z.jpg,2026-01-07 12:53:38,12,584
manual_capture_2026-01-07T07:23:01.523Z.jpg,2026-01-07 12:53:39,13,594
manual_capture_2026-01-07T07:23:01.829Z.jpg,2026-01-07 12:53:40,11,582
manual_capture_2026-01-07T07:23:02.040Z.jpg,2026-01-07 12:53:40,12,579
manual_capture_2026-01-07T07:23:02.717Z.jpg,2026-01-07 12:53:41,12,559
manual_capture_2026-01-07T07:23:02.793Z.jpg,2026-01-07 12:53:41,17,586
manual_capture_2026-01-07T07:23:03.121Z.jpg,2026-01-07 12:53:42,11,576
manual_capture_2026-01-07T07:23:03.344Z.jpg,2026-01-07 12:53:43,11,576
manual_capture_2026-01-07T07:23:03.795Z.jpg,2026-01-07 12:53:43,9,579
manual_capture_2026-01-07T07:23:03.887Z.jpg,2026-01-07 12:53:44,13,578
manual_capture_2026-01-07T07:23:04.195Z.jpg,2026-01-07 12:53:44,12,580
manual_capture_2026-01-07T07:23:04.602Z.jpg,2026-01-07 12:53:45,16,569
manual_capture_2026-01-07T07:23:04.675Z.jpg,2026-01-07 12:53:45,14,626
manual_capture_2026-01-07T07:23:05.209Z.jpg,2026-01-07 12:53:46,11,592
manual_capture_2026-01-07T07:23:05.556Z.jpg,2026-01-07 12:53:47,12,573
manual_capture_2026-01-07T07:23:05.841Z.jpg,2026-01-07 12:53:47,14,577
manual_capture_2026-01-07T07:23:06.076Z.jpg,2026-01-07 12:53:48,10,582
manual_capture_2026-01-07T07:23:06.191Z.jpg,2026-01-07 12:53:48,13,566
manual_capture_2026-01-07T07:23:07.064Z.jpg,2026-01-07 12:53:49,12,594
manual_capture_2026-01-07T07:23:07.106Z.jpg,2026-01-07 12:53:50,10,573
manual_capture_2026-01-07T07:23:08.644Z.jpg,2026-01-07 12:53:50,15,566
manual_capture_2026-01-07T07:23:08.780Z.jpg,2026-01-07 12:53:51,13,583
manual_capture_2026-01-07T07:23:09.500Z.jpg,2026-01-07 12:53:51,13,574
manual_capture_2026-01-07T07:23:09.574Z.jpg,2026-01-07 12:53:52,13,587
manual_capture_2026-01-07T07:23:09.801Z.jpg,2026-01-07 12:53:52,10,586
manual_capture_2026-01-07T07:23:10.216Z.jpg,2026-01-07 12:53:53,11,579
manual_capture_2026-01-07T07:23:10.720Z.jpg,2026-01-07 12:53:54,11,586
manual_capture_2026-01-07T07:23:11.086Z.jpg,2026-01-07 12:53:54,12,608
manual_capture_2026-01-07T07:23:11.433Z.jpg,2026-01-07 12:53:55,16,610
manual_capture_2026-01-07T07:23:12.269Z.jpg,2026-01-07 12:53:55,11,583
manual_capture_2026-01-07T07:23:12.581Z.jpg,2026-01-07 12:53:56,11,582
manual_capture_2026-01-07T07:23:12.736Z.jpg,2026-01-07 12:53:57,10,579
manual_capture_2026-01-07T07:23:13.314Z.jpg,2026-01-07 12:53:57,12,608
manual_capture_2026-01-07T07:23:13.922Z.jpg,2026-01-07 12:53:58,15,569
manual_capture_2026-01-07T07:23:14.114Z.jpg,2026-01-07 12:53:58,13,565
manual_capture_2026-01-07T07:23:14.211Z.jpg,2026-01-07 12:53:59,13,574
manual_capture_2026-01-07T07:23:14.961Z.jpg,2026-01-07 12:54:00,11,580
manual_capture_2026-01-07T07:23:15.404Z.jpg,2026-01-07 12:54:00,11,589
manual_capture_2026-01-07T07:23:16.580Z.jpg,2026-01-07 12:54:01,9,576
manual_capture_2026-01-07T07:23:17.089Z.jpg,2026-01-07 12:54:01,11,583
manual_capture_2026-01-07T07:23:18.341Z.jpg,2026-01-07 12:54:02,11,579
manual_capture_2026-01-07T07:23:18.930Z.jpg,2026-01-07 12:54:02,8,580
manual_capture_2026-01-07T07:23:19.178Z.jpg,2026-01-07 12:54:03,9,580
manual_capture_2026-01-07T07:23:19.456Z.jpg,2026-01-07 12:54:04,9,583
manual_capture_2026-01-07T07:23:20.027Z.jpg,2026-01-07 12:54:04,11,547
manual_capture_2026-01-07T07:23:20.067Z.jpg,2026-01-07 12:54:05,10,574
manual_capture_2026-01-07T07:23:20.572Z.jpg,2026-01-07 12:54:05,8,567
manual_capture_2026-01-07T07:23:20.947Z.jpg,2026-01-07 12:54:06,10,615
manual_capture_2026-01-07T07:23:20.949Z.jpg,2026-01-07 12:54:07,8,586
manual_capture_2026-01-07T07:23:21.250Z.jpg,2026-01-07 12:54:07,12,594
manual_capture_2026-01-07T07:23:21.804Z.jpg,2026-01-07 12:54:08,12,577
manual_capture_2026-01-07T07:23:21.970Z.jpg,2026-01-07 12:54:08,10,588
manual_capture_2026-01-07T07:23:22.588Z.jpg,2026-01-07 12:54:09,11,747
manual_capture_2026-01-07T07:23:22.634Z.jpg,2026-01-07 12:54:10,10,647
manual_capture_2026-01-07T07:23:23.539Z.jpg,2026-01-07 12:54:10,11,621
manual_capture_2026-01-07T07:23:23.719Z.jpg,2026-01-07 12:54:11,15,615
manual_capture_2026-01-07T07:23:24.271Z.jpg,2026-01-07 12:54:12,13,620
manual_capture_2026-01-07T07:23:24.364Z.jpg,2026-01-07 12:54:12,12,598
manual_capture_2026-01-07T07:23:24.785Z.jpg,2026-01-07 12:54:13,10,613
manual_capture_2026-01-07T07:23:25.168Z.jpg,2026-01-07 12:54:13,14,625
manual_capture_2026-01-07T07:23:25.430Z.jpg,2026-01-07 12:54:14,16,624
manual_capture_2026-01-07T07:23:26.051Z.jpg,2026-01-07 12:54:15,15,626
manual_capture_2026-01-07T07:23:26.639Z.jpg,2026-01-07 12:54:18,13,654
manual_capture_2026-01-07T07:23:26.866Z.jpg,2026-01-07 12:54:19,17,600
manual_capture_2026-01-07T07:23:26.924Z.jpg,2026-01-07 12:54:20,14,604
manual_capture_2026-01-07T07:23:27.203Z.jpg,2026-01-07 12:54:20,16,606
manual_capture_2026-01-07T07:23:27.580Z.jpg,2026-01-07 12:54:21,13,616
manual_capture_2026-01-07T07:23:27.611Z.jpg,2026-01-07 12:54:21,18,615
manual_capture_2026-01-07T07:23:28.027Z.jpg,2026-01-07 12:54:22,12,610
manual_capture_2026-01-07T07:23:28.305Z.jpg,2026-01-07 12:54:23,13,612
manual_capture_2026-01-07T07:23:28.794Z.jpg,2026-01-07 12:54:23,11,605
manual_capture_2026-01-07T07:23:28.860Z.jpg,2026-01-07 12:54:24,9,598
manual_capture_2026-01-07T07:23:28.983Z.jpg,2026-01-07 12:54:24,15,629
manual_capture_2026-01-07T07:23:29.243Z.jpg,2026-01-07 12:54:25,15,620
manual_capture_2026-01-07T07:23:29.437Z.jpg,2026-01-07 12:54:26,14,632
manual_capture_2026-01-07T07:23:29.996Z.jpg,2026-01-07 12:54:26,10,634
manual_capture_2026-01-07T07:23:30.339Z.jpg,2026-01-07 12:54:27,15,605
manual_capture_2026-01-07T07:23:30.616Z.jpg,2026-01-07 12:54:28,11,600
manual_capture_2026-01-07T07:23:30.709Z.jpg,2026-01-07 12:54:28,15,616
manual_capture_2026-01-07T07:23:30.875Z.jpg,2026-01-07 12:54:29,13,625
manual_capture_2026-01-07T07:23:31.128Z.jpg,2026-01-07 12:54:29,14,618
manual_capture_2026-01-07T07:23:31.367Z.jpg,2026-01-07 12:54:30,15,598
manual_capture_2026-01-07T07:23:31.898Z.jpg,2026-01-07 12:54:31,11,619
manual_capture_2026-01-07T07:23:32.165Z.jpg,2026-01-07 12:54:31,13,618
manual_capture_2026-01-07T07:23:32.286Z.jpg,2026-01-07 12:54:32,12,599
manual_capture_2026-01-07T07:23:32.903Z.jpg,2026-01-07 12:54:32,12,620
manual_capture_2026-01-07T07:23:33.009Z.jpg,2026-01-07 12:54:33,14,591
manual_capture_2026-01-07T07:23:33.316Z.jpg,2026-01-07 12:54:34,12,596
manual_capture_2026-01-07T07:23:33.438Z.jpg,2026-01-07 12:54:34,13,605
manual_capture_2026-01-07T07:23:33.836Z.jpg,2026-01-07 12:54:35,12,607
manual_capture_2026-01-07T07:23:34.266Z.jpg,2026-01-07 12:54:36,13,600
manual_capture_2026-01-07T07:23:35.272Z.jpg,2026-01-07 12:54:36,10,600
manual_capture_2026-01-07T07:23:35.296Z.jpg,2026-01-07 12:54:37,13,612
manual_capture_2026-01-07T07:23:35.653Z.jpg,2026-01-07 12:54:37,13,607
manual_capture_2026-01-07T07:23:36.238Z.jpg,2026-01-07 12:54:38,14,622
manual_capture_2026-01-07T07:23:36.664Z.jpg,2026-01-07 12:54:39,11,632
manual_capture_2026-01-07T07:23:36.862Z.jpg,2026-01-07 12:54:39,13,605
manual_capture_2026-01-07T07:23:37.150Z.jpg,2026-01-07 12:54:40,12,596
manual_capture_2026-01-07T07:23:37.280Z.jpg,2026-01-07 12:54:40,13,611
manual_capture_2026-01-07T07:23:37.424Z.jpg,2026-01-07 12:54:41,10,601
manual_capture_2026-01-07T07:23:38.183Z.jpg,2026-01-07 12:54:42,10,609
manual_capture_2026-01-07T07:23:38.214Z.jpg,2026-01-07 12:54:42,13,585
manual_capture_2026-01-07T07:23:38.474Z.jpg,2026-01-07 12:54:43,11,604
manual_capture_2026-01-07T07:23:38.631Z.jpg,2026-01-07 12:54:43,13,619
manual_capture_2026-01-07T07:23:38.881Z.jpg,2026-01-07 12:54:44,10,635
manual_capture_2026-01-07T07:23:39.178Z.jpg,2026-01-07 12:54:45,12,607
manual_capture_2026-01-07T07:23:39.494Z.jpg,2026-01-07 12:54:45,10,593
manual_capture_2026-01-07T07:23:39.776Z.jpg,2026-01-07 12:54:46,14,622
manual_capture_2026-01-07T07:23:40.333Z.jpg,2026-01-07 12:54:47,14,611
manual_capture_2026-01-07T07:23:40.506Z.jpg,2026-01-07 12:54:47,13,606
manual_capture_2026-01-07T07:23:40.630Z.jpg,2026-01-07 12:54:48,14,623
manual_capture_2026-01-07T07:23:40.758Z.jpg,2026-01-07 12:54:48,12,612
manual_capture_2026-01-07T07:23:41.136Z.jpg,2026-01-07 12:54:49,9,621
manual_capture_2026-01-07T07:23:42.085Z.jpg,2026-01-07 12:54:50,15,597
manual_capture_2026-01-07T07:23:42.179Z.jpg,2026-01-07 12:54:50,15,621
manual_capture_2026-01-07T07:23:43.192Z.jpg,2026-01-07 12:54:51,14,616
manual_capture_2026-01-07T07:23:43.679Z.jpg,2026-01-07 12:54:51,12,594
manual_capture_2026-01-07T07:23:43.907Z.jpg,2026-01-07 12:54:52,13,604
manual_capture_2026-01-07T07:23:44.359Z.jpg,2026-01-07 12:54:53,12,611
manual_capture_2026-01-07T07:23:44.648Z.jpg,2026-01-07 12:54:53,13,601
manual_capture_2026-01-07T07:23:44.834Z.jpg,2026-01-07 12:54:54,15,620
manual_capture_2026-01-07T07:23:45.150Z.jpg,2026-01-07 12:54:55,14,645
manual_capture_2026-01-07T07:23:45.524Z.jpg,2026-01-07 12:54:55,15,659
manual_capture_2026-01-07T07:23:45.861Z.jpg,2026-01-07 12:54:56,14,634
manual_capture_2026-01-07T07:23:46.132Z.jpg,2026-01-07 12:54:56,15,625
manual_capture_2026-01-07T07:23:46.606Z.jpg,2026-01-07 12:54:57,16,635
manual_capture_2026-01-07T07:23:47.217Z.jpg,2026-01-07 12:54:58,14,619
manual_capture_2026-01-07T07:23:47.646Z.jpg,2026-01-07 12:54:58,15,610
manual_capture_2026-01-07T07:23:48.105Z.jpg,2026-01-07 12:54:59,16,623
manual_capture_2026-01-07T07:23:48.551Z.jpg,2026-01-07 12:55:00,11,631
manual_capture_2026-01-07T07:23:49.054Z.jpg,2026-01-07 12:55:00,13,614
manual_capture_2026-01-07T07:23:49.738Z.jpg,2026-01-07 12:55:01,15,616
manual_capture_2026-01-07T07:23:49.846Z.jpg,2026-01-07 12:55:01,17,619
manual_capture_2026-01-07T07:23:50.773Z.jpg,2026-01-07 12:55:02,14,607
manual_capture_2026-01-07T07:23:51.311Z.jpg,2026-01-07 12:55:03,14,603
manual_capture_2026-01-07T07:23:51.479Z.jpg,2026-01-07 12:55:03,12,621
manual_capture_2026-01-07T07:23:51.917Z.jpg,2026-01-07 12:55:04,13,608
manual_capture_2026-01-07T07:23:52.527Z.jpg,2026-01-07 12:55:05,15,605
manual_capture_2026-01-07T07:23:52.880Z.jpg,2026-01-07 12:55:05,17,613
manual_capture_2026-01-07T07:23:53.234Z.jpg,2026-01-07 12:55:06,11,623
manual_capture_2026-01-07T07:23:53.850Z.jpg,2026-01-07 12:55:06,12,610
manual_capture_2026-01-07T07:23:54.365Z.jpg,2026-01-07 12:55:07,10,610
manual_capture_2026-01-07T07:23:54.471Z.jpg,2026-01-07 12:55:08,12,611
manual_capture_2026-01-07T07:23:54.734Z.jpg,2026-01-07 12:55:08,9,594
manual_capture_2026-01-07T07:23:55.367Z.jpg,2026-01-07 12:55:09,11,608
manual_capture_2026-01-07T07:23:55.689Z.jpg,2026-01-07 12:55:09,11,601
manual_capture_2026-01-07T07:23:55.890Z.jpg,2026-01-07 12:55:10,11,622
manual_capture_2026-01-07T07:23:56.885Z.jpg,2026-01-07 12:55:11,11,608
manual_capture_2026-01-07T07:23:57.022Z.jpg,2026-01-07 12:55:11,10,603
manual_capture_2026-01-07T07:23:57.902Z.jpg,2026-01-07 12:55:12,8,611
manual_capture_2026-01-07T07:23:58.272Z.jpg,2026-01-07 12:55:12,10,595
manual_capture_2026-01-07T07:23:59.118Z.jpg,2026-01-07 12:55:13,8,591
manual_capture_2026-01-07T07:23:59.727Z.jpg,2026-01-07 12:55:14,9,628
manual_capture_2026-01-07T07:23:59.781Z.jpg,2026-01-07 12:55:14,9,610
manual_capture_2026-01-07T07:24:00.748Z.jpg,2026-01-07 12:55:15,8,593
manual_capture_2026-01-07T07:24:00.862Z.jpg,2026-01-07 12:55:15,9,598
manual_capture_2026-01-07T07:24:01.626Z.jpg,2026-01-07 12:55:16,8,616
manual_capture_2026-01-07T07:24:02.170Z.jpg,2026-01-07 12:55:17,9,601
manual_capture_2026-01-07T07:24:02.412Z.jpg,2026-01-07 12:55:17,7,606
manual_capture_2026-01-07T07:24:02.671Z.jpg,2026-01-07 12:55:18,10,617
manual_capture_2026-01-07T07:24:02.903Z.jpg,2026-01-07 12:55:19,5,620
manual_capture_2026-01-07T07:24:03.346Z.jpg,2026-01-07 12:55:19,6,607
manual_capture_2026-01-07T07:24:04.026Z.jpg,2026-01-07 12:55:20,8,613
manual_capture_2026-01-07T07:24:05.114Z.jpg,2026-01-07 12:55:20,10,616
manual_capture_2026-01-07T07:24:05.525Z.jpg,2026-01-07 12:55:21,10,593
manual_capture_2026-01-07T07:24:06.020Z.jpg,2026-01-07 12:55:22,8,630
manual_capture_2026-01-07T07:24:06.229Z.jpg,2026-01-07 12:55:22,8,625
manual_capture_2026-01-07T07:24:06.691Z.jpg,2026-01-07 12:55:23,13,577
manual_capture_2026-01-07T07:24:06.755Z.jpg,2026-01-07 12:55:23,10,624
manual_capture_2026-01-07T07:24:07.150Z.jpg,2026-01-07 12:55:24,12,625
manual_capture_2026-01-07T07:24:07.339Z.jpg,2026-01-07 12:55:25,11,608
manual_capture_2026-01-07T07:24:07.675Z.jpg,2026-01-07 12:55:25,12,625
manual_capture_2026-01-07T07:24:07.867Z.jpg,2026-01-07 12:55:26,13,611
manual_capture_2026-01-07T07:24:09.430Z.jpg,2026-01-07 12:55:27,15,595
manual_capture_2026-01-07T07:24:10.257Z.jpg,2026-01-07 12:55:27,14,618
manual_capture_2026-01-07T07:24:11.156Z.jpg,2026-01-07 12:55:28,13,613
manual_capture_2026-01-07T07:24:12.453Z.jpg,2026-01-07 12:55:28,8,593
manual_capture_2026-01-07T07:24:14.701Z.jpg,2026-01-07 12:55:29,8,613
manual_capture_2026-01-07T07:24:15.131Z.jpg,2026-01-07 12:55:30,9,604
manual_capture_2026-01-07T07:24:15.290Z.jpg,2026-01-07 12:55:30,9,624
manual_capture_2026-01-07T07:24:15.571Z.jpg,2026-01-07 12:55:31,10,600
manual_capture_2026-01-07T07:24:15.863Z.jpg,2026-01-07 12:55:31,10,598
manual_capture_2026-01-07T07:24:16.792Z.jpg,2026-01-07 12:55:32,12,605
manual_capture_2026-01-07T07:24:17.004Z.jpg,2026-01-07 12:55:33,14,611
manual_capture_2026-01-07T07:24:17.005Z.jpg,2026-01-07 12:55:33,10,592
manual_capture_2026-01-07T07:24:17.957Z.jpg,2026-01-07 12:55:34,13,607
manual_capture_2026-01-07T07:24:18.014Z.jpg,2026-01-07 12:55:34,12,598
manual_capture_2026-01-07T07:24:18.171Z.jpg,2026-01-07 12:55:38,10,650
manual_capture_2026-01-07T07:24:18.527Z.jpg,2026-01-07 12:55:39,10,603
manual_capture_2026-01-07T07:24:19.162Z.jpg,2026-01-07 12:55:39,16,613
manual_capture_2026-01-07T07:24:19.213Z.jpg,2026-01-07 12:55:40,10,598
manual_capture_2026-01-07T07:24:19.940Z.jpg,2026-01-07 12:55:41,11,608
manual_capture_2026-01-07T07:24:20.373Z.jpg,2026-01-07 12:55:41,10,619
manual_capture_2026-01-07T07:24:20.661Z.jpg,2026-01-07 12:55:42,11,597
manual_capture_2026-01-07T07:24:20.663Z.jpg,2026-01-07 12:55:42,11,605
manual_capture_2026-01-07T07:24:20.979Z.jpg,2026-01-07 12:55:43,13,602
manual_capture_2026-01-07T07:24:21.169Z.jpg,2026-01-07 12:55:44,12,601
manual_capture_2026-01-07T07:24:21.457Z.jpg,2026-01-07 12:55:44,13,606
manual_capture_2026-01-07T07:24:21.581Z.jpg,2026-01-07 12:55:45,13,593
manual_capture_2026-01-07T07:24:22.131Z.jpg,2026-01-07 12:55:45,12,612
manual_capture_2026-01-07T07:24:22.371Z.jpg,2026-01-07 12:55:46,11,604
manual_capture_2026-01-07T07:24:22.805Z.jpg,2026-01-07 12:55:47,11,616
manual_capture_2026-01-07T07:24:23.156Z.jpg,2026-01-07 12:55:47,10,617
manual_capture_2026-01-07T07:24:23.172Z.jpg,2026-01-07 12:55:48,11,629
manual_capture_2026-01-07T07:24:23.614Z.jpg,2026-01-07 12:55:49,10,669
manual_capture_2026-01-07T07:24:23.706Z.jpg,2026-01-07 12:55:49,12,622
manual_capture_2026-01-07T07:24:24.380Z.jpg,2026-01-07 12:55:50,11,629
manual_capture_2026-01-07T07:24:24.446Z.jpg,2026-01-07 12:55:50,10,602
manual_capture_2026-01-07T07:24:25.157Z.jpg,2026-01-07 12:55:51,12,591
manual_capture_2026-01-07T07:24:25.205Z.jpg,2026-01-07 12:55:52,12,596
manual_capture_2026-01-07T07:24:25.629Z.jpg,2026-01-07 12:55:52,12,606
manual_capture_2026-01-07T07:24:26.352Z.jpg,2026-01-07 12:55:53,12,623
manual_capture_2026-01-07T07:24:26.385Z.jpg,2026-01-07 12:55:53,12,628
manual_capture_2026-01-07T07:24:27.085Z.jpg,2026-01-07 12:55:54,9,622
manual_capture_2026-01-07T07:24:27.165Z.jpg,2026-01-07 12:55:55,8,607
manual_capture_2026-01-07T07:24:27.668Z.jpg,2026-01-07 12:55:55,8,584
manual_capture_2026-01-07T07:24:27.859Z.jpg,2026-01-07 12:55:56,9,602
manual_capture_2026-01-07T07:24:28.640Z.jpg,2026-01-07 12:55:56,9,593
manual_capture_2026-01-07T07:24:28.768Z.jpg,2026-01-07 12:55:57,7,616
manual_capture_2026-01-07T07:24:29.040Z.jpg,2026-01-07 12:55:58,9,598
manual_capture_2026-01-07T07:24:29.344Z.jpg,2026-01-07 12:55:58,8,608
manual_capture_2026-01-07T07:24:29.364Z.jpg,2026-01-07 12:55:59,8,610
manual_capture_2026-01-07T07:24:29.701Z.jpg,2026-01-07 12:56:00,7,598
manual_capture_2026-01-07T07:24:30.196Z.jpg,2026-01-07 12:56:00,9,600
manual_capture_2026-01-07T07:24:30.323Z.jpg,2026-01-07 12:56:01,10,602
manual_capture_2026-01-07T07:24:30.496Z.jpg,2026-01-07 12:56:01,7,590
manual_capture_2026-01-07T07:24:31.083Z.jpg,2026-01-07 12:56:02,9,662
manual_capture_2026-01-07T07:24:31.444Z.jpg,2026-01-07 12:56:03,7,604
manual_capture_2026-01-07T07:24:31.879Z.jpg,2026-01-07 12:56:03,8,615
manual_capture_2026-01-07T07:24:32.887Z.jpg,2026-01-07 12:56:04,7,602
manual_capture_2026-01-07T07:24:33.104Z.jpg,2026-01-07 12:56:04,11,608
manual_capture_2026-01-07T07:24:33.183Z.jpg,2026-01-07 12:56:05,10,606
manual_capture_2026-01-07T07:24:33.918Z.jpg,2026-01-07 12:56:06,10,613
manual_capture_2026-01-07T07:24:34.256Z.jpg,2026-01-07 12:56:06,11,597
manual_capture_2026-01-07T07:24:34.390Z.jpg,2026-01-07 12:56:07,10,595
manual_capture_2026-01-07T07:24:34.884Z.jpg,2026-01-07 12:56:07,12,613
manual_capture_2026-01-07T07:24:35.341Z.jpg,2026-01-07 12:56:08,12,624
manual_capture_2026-01-07T07:24:36.082Z.jpg,2026-01-07 12:56:09,10,620
manual_capture_2026-01-07T07:24:36.152Z.jpg,2026-01-07 12:56:09,8,616
manual_capture_2026-01-07T07:24:36.782Z.jpg,2026-01-07 12:56:10,10,611
manual_capture_2026-01-07T07:24:37.148Z.jpg,2026-01-07 12:56:11,11,600
manual_capture_2026-01-07T07:24:37.260Z.jpg,2026-01-07 12:56:11,9,603
manual_capture_2026-01-07T07:24:37.698Z.jpg,2026-01-07 12:56:12,8,616
manual_capture_2026-01-07T07:24:38.171Z.jpg,2026-01-07 12:56:12,10,630
manual_capture_2026-01-07T07:24:38.340Z.jpg,2026-01-07 12:56:13,9,636
manual_capture_2026-01-07T07:24:38.539Z.jpg,2026-01-07 12:56:14,8,637
manual_capture_2026-01-07T07:24:38.924Z.jpg,2026-01-07 12:56:14,10,629
manual_capture_2026-01-07T07:24:39.312Z.jpg,2026-01-07 12:56:15,8,608
manual_capture_2026-01-07T07:24:39.847Z.jpg,2026-01-07 12:56:16,10,590
manual_capture_2026-01-07T07:24:40.055Z.jpg,2026-01-07 12:56:16,11,604
manual_capture_2026-01-07T07:24:40.159Z.jpg,2026-01-07 12:56:17,9,601
manual_capture_2026-01-07T07:24:40.700Z.jpg,2026-01-07 12:56:17,10,598
manual_capture_2026-01-07T07:24:40.838Z.jpg,2026-01-07 12:56:18,11,618
manual_capture_2026-01-07T07:24:41.059Z.jpg,2026-01-07 12:56:19,8,607
manual_capture_2026-01-07T07:24:41.485Z.jpg,2026-01-07 12:56:19,8,606
manual_capture_2026-01-07T07:24:41.678Z.jpg,2026-01-07 12:56:20,7,619
manual_capture_2026-01-07T07:24:42.104Z.jpg,2026-01-07 12:56:20,7,609
manual_capture_2026-01-07T07:24:42.501Z.jpg,2026-01-07 12:56:21,8,612
manual_capture_2026-01-07T07:24:42.790Z.jpg,2026-01-07 12:56:22,8,613
manual_capture_2026-01-07T07:24:42.941Z.jpg,2026-01-07 12:56:22,8,586
manual_capture_2026-01-07T07:24:43.113Z.jpg,2026-01-07 12:56:23,9,594
manual_capture_2026-01-07T07:24:43.510Z.jpg,2026-01-07 12:56:23,7,615
manual_capture_2026-01-07T07:24:43.528Z.jpg,2026-01-07 12:56:24,10,602
manual_capture_2026-01-07T07:24:43.850Z.jpg,2026-01-07 12:56:25,11,611
manual_capture_2026-01-07T07:24:44.502Z.jpg,2026-01-07 12:56:25,11,606
manual_capture_2026-01-07T07:24:44.743Z.jpg,2026-01-07 12:56:26,9,608
manual_capture_2026-01-07T07:24:45.079Z.jpg,2026-01-07 12:56:27,11,608
manual_capture_2026-01-07T07:24:45.405Z.jpg,2026-01-07 12:56:27,11,635
manual_capture_2026-01-07T07:24:45.493Z.jpg,2026-01-07 12:56:28,9,606
manual_capture_2026-01-07T07:24:45.979Z.jpg,2026-01-07 12:56:28,8,609
manual_capture_2026-01-07T07:24:46.010Z.jpg,2026-01-07 12:56:29,12,606
manual_capture_2026-01-07T07:24:46.175Z.jpg,2026-01-07 12:56:30,11,600
manual_capture_2026-01-07T07:24:46.478Z.jpg,2026-01-07 12:56:30,10,601
manual_capture_2026-01-07T07:24:47.069Z.jpg,2026-01-07 12:56:31,8,627
manual_capture_2026-01-07T07:24:47.195Z.jpg,2026-01-07 12:56:31,8,612
manual_capture_2026-01-07T07:24:47.614Z.jpg,2026-01-07 12:56:32,8,612
manual_capture_2026-01-07T07:24:47.828Z.jpg,2026-01-07 12:56:33,8,610
manual_capture_2026-01-07T07:24:48.322Z.jpg,2026-01-07 12:56:33,9,613
manual_capture_2026-01-07T07:24:48.630Z.jpg,2026-01-07 12:56:34,9,609
manual_capture_2026-01-07T07:24:49.163Z.jpg,2026-01-07 12:56:35,9,620
manual_capture_2026-01-07T07:24:49.647Z.jpg,2026-01-07 12:56:35,10,608
manual_capture_2026-01-07T07:24:49.738Z.jpg,2026-01-07 12:56:36,5,607
manual_capture_2026-01-07T07:24:50.398Z.jpg,2026-01-07 12:56:36,9,600
manual_capture_2026-01-07T07:24:50.621Z.jpg,2026-01-07 12:56:37,9,602
manual_capture_2026-01-07T07:24:50.638Z.jpg,2026-01-07 12:56:38,13,609
manual_capture_2026-01-07T07:24:51.497Z.jpg,2026-01-07 12:56:38,12,608
manual_capture_2026-01-07T07:24:52.567Z.jpg,2026-01-07 12:56:39,9,603
manual_capture_2026-01-07T07:24:52.826Z.jpg,2026-01-07 12:56:39,11,591
manual_capture_2026-01-07T07:24:53.045Z.jpg,2026-01-07 12:56:40,8,622
manual_capture_2026-01-07T07:24:53.169Z.jpg,2026-01-07 12:56:41,7,605
manual_capture_2026-01-07T07:24:53.367Z.jpg,2026-01-07 12:56:41,10,661
manual_capture_2026-01-07T07:24:53.850Z.jpg,2026-01-07 12:56:42,10,611
manual_capture_2026-01-07T07:24:53.927Z.jpg,2026-01-07 12:56:42,8,610
manual_capture_2026-01-07T07:24:54.086Z.jpg,2026-01-07 12:56:43,13,605
manual_capture_2026-01-07T07:24:54.389Z.jpg,2026-01-07 12:56:44,8,620
manual_capture_2026-01-07T07:24:55.284Z.jpg,2026-01-07 12:56:44,9,612
manual_capture_2026-01-07T07:24:55.443Z.jpg,2026-01-07 12:56:45,5,616
manual_capture_2026-01-07T07:24:56.069Z.jpg,2026-01-07 12:56:46,6,598
manual_capture_2026-01-07T07:24:56.292Z.jpg,2026-01-07 12:56:46,9,599
manual_capture_2026-01-07T07:24:56.457Z.jpg,2026-01-07 12:56:47,8,619
manual_capture_2026-01-07T07:24:56.880Z.jpg,2026-01-07 12:56:47,7,596
manual_capture_2026-01-07T07:24:57.391Z.jpg,2026-01-07 12:56:48,5,612
manual_capture_2026-01-07T07:24:57.704Z.jpg,2026-01-07 12:56:49,6,599
manual_capture_2026-01-07T07:24:57.723Z.jpg,2026-01-07 12:56:49,6,624
manual_capture_2026-01-07T07:24:57.873Z.jpg,2026-01-07 12:56:50,4,598
manual_capture_2026-01-07T07:24:58.485Z.jpg,2026-01-07 12:56:50,10,606
manual_capture_2026-01-07T07:24:58.839Z.jpg,2026-01-07 12:56:51,10,606
manual_capture_2026-01-07T07:24:59.237Z.jpg,2026-01-07 12:56:52,7,594
manual_capture_2026-01-07T07:24:59.495Z.jpg,2026-01-07 12:56:52,7,606
manual_capture_2026-01-07T07:24:59.639Z.jpg,2026-01-07 12:56:53,8,594
manual_capture_2026-01-07T07:24:59.897Z.jpg,2026-01-07 12:56:53,7,603
manual_capture_2026-01-07T07:25:00.448Z.jpg,2026-01-07 12:56:54,7,609
manual_capture_2026-01-07T07:25:00.813Z.jpg,2026-01-07 12:56:55,9,631
manual_capture_2026-01-07T07:25:01.242Z.jpg,2026-01-07 12:56:55,6,622
manual_capture_2026-01-07T07:25:01.343Z.jpg,2026-01-07 12:56:56,7,616
manual_capture_2026-01-07T07:25:01.549Z.jpg,2026-01-07 12:56:57,8,633
manual_capture_2026-01-07T07:25:01.833Z.jpg,2026-01-07 12:56:57,8,617
manual_capture_2026-01-07T07:25:02.138Z.jpg,2026-01-07 12:56:58,7,609
manual_capture_2026-01-07T07:25:02.534Z.jpg,2026-01-07 12:56:58,8,629
manual_capture_2026-01-07T07:25:02.822Z.jpg,2026-01-07 12:56:59,6,637
manual_capture_2026-01-07T07:25:03.088Z.jpg,2026-01-07 12:57:00,6,626
manual_capture_2026-01-07T07:25:03.349Z.jpg,2026-01-07 12:57:00,7,614
manual_capture_2026-01-07T07:25:03.836Z.jpg,2026-01-07 12:57:01,7,609
manual_capture_2026-01-07T07:25:04.295Z.jpg,2026-01-07 12:57:02,8,604
manual_capture_2026-01-07T07:25:04.339Z.jpg,2026-01-07 12:57:02,4,609
manual_capture_2026-01-07T07:25:04.753Z.jpg,2026-01-07 12:57:03,5,615
manual_capture_2026-01-07T07:25:05.099Z.jpg,2026-01-07 12:57:03,7,587
manual_capture_2026-01-07T07:25:05.437Z.jpg,2026-01-07 12:57:04,5,598
manual_capture_2026-01-07T07:25:06.219Z.jpg,2026-01-07 12:57:05,6,610
manual_capture_2026-01-07T07:25:06.285Z.jpg,2026-01-07 12:57:05,4,633
manual_capture_2026-01-07T07:25:06.578Z.jpg,2026-01-07 12:57:06,7,612
manual_capture_2026-01-07T07:25:06.800Z.jpg,2026-01-07 12:57:06,7,609
manual_capture_2026-01-07T07:25:07.084Z.jpg,2026-01-07 12:57:07,4,599
manual_capture_2026-01-07T07:25:07.421Z.jpg,2026-01-07 12:57:08,4,611
manual_capture_2026-01-07T07:25:07.865Z.jpg,2026-01-07 12:57:08,6,609
manual_capture_2026-01-07T07:25:08.116Z.jpg,2026-01-07 12:57:09,5,594
manual_capture_2026-01-07T07:25:08.494Z.jpg,2026-01-07 12:57:09,7,620
manual_capture_2026-01-07T07:25:08.580Z.jpg,2026-01-07 12:57:10,6,593
manual_capture_2026-01-07T07:25:09.041Z.jpg,2026-01-07 12:57:11,6,623
manual_capture_2026-01-07T07:25:09.129Z.jpg,2026-01-07 12:57:11,6,621
manual_capture_2026-01-07T07:25:09.609Z.jpg,2026-01-07 12:57:12,6,630
manual_capture_2026-01-07T07:25:09.742Z.jpg,2026-01-07 12:57:13,6,606
manual_capture_2026-01-07T07:25:10.141Z.jpg,2026-01-07 12:57:13,5,617
manual_capture_2026-01-07T07:25:10.252Z.jpg,2026-01-07 12:57:14,7,605
manual_capture_2026-01-07T07:25:10.783Z.jpg,2026-01-07 12:57:14,5,622
manual_capture_2026-01-07T07:25:10.881Z.jpg,2026-01-07 12:57:15,7,610
manual_capture_2026-01-07T07:25:11.239Z.jpg,2026-01-07 12:57:16,9,604
manual_capture_2026-01-07T07:25:11.348Z.jpg,2026-01-07 12:57:16,5,589
manual_capture_2026-01-07T07:25:11.592Z.jpg,2026-01-07 12:57:17,6,604
manual_capture_2026-01-07T07:25:11.830Z.jpg,2026-01-07 12:57:17,7,609
manual_capture_2026-01-07T07:25:11.925Z.jpg,2026-01-07 12:57:18,5,598
manual_capture_2026-01-07T07:25:12.145Z.jpg,2026-01-07 12:57:19,5,612
manual_capture_2026-01-07T07:25:12.420Z.jpg,2026-01-07 12:57:19,9,604
manual_capture_2026-01-07T07:25:12.658Z.jpg,2026-01-07 12:57:20,9,605
manual_capture_2026-01-07T07:25:13.102Z.jpg,2026-01-07 12:57:21,7,635
manual_capture_2026-01-07T07:25:13.751Z.jpg,2026-01-07 12:57:21,7,619
manual_capture_2026-01-07T07:25:13.752Z.jpg,2026-01-07 12:57:22,8,603
manual_capture_2026-01-07T07:25:14.339Z.jpg,2026-01-07 12:57:22,4,601
manual_capture_2026-01-07T07:25:14.419Z.jpg,2026-01-07 12:57:23,8,607
manual_capture_2026-01-07T07:25:15.458Z.jpg,2026-01-07 12:57:24,6,609
manual_capture_2026-01-07T07:25:15.894Z.jpg,2026-01-07 12:57:24,8,597
manual_capture_2026-01-07T07:25:16.149Z.jpg,2026-01-07 12:57:25,8,616
manual_capture_2026-01-07T07:25:16.359Z.jpg,2026-01-07 12:57:25,9,624
manual_capture_2026-01-07T07:25:18.332Z.jpg,2026-01-07 12:57:26,9,611
manual_capture_2026-01-07T07:25:19.378Z.jpg,2026-01-07 12:57:27,7,602
manual_capture_2026-01-07T07:25:19.988Z.jpg,2026-01-07 12:57:27,8,609
manual_capture_2026-01-07T07:25:20.171Z.jpg,2026-01-07 12:57:28,8,607
manual_capture_2026-01-07T07:25:20.469Z.jpg,2026-01-07 12:57:28,10,611
manual_capture_2026-01-07T07:25:20.900Z.jpg,2026-01-07 12:57:29,10,602
manual_capture_2026-01-07T07:25:20.966Z.jpg,2026-01-07 12:57:30,10,612
manual_capture_2026-01-07T07:25:21.259Z.jpg,2026-01-07 12:57:30,12,601
manual_capture_2026-01-07T07:25:21.529Z.jpg,2026-01-07 12:57:31,10,609
manual_capture_2026-01-07T07:25:21.817Z.jpg,2026-01-07 12:57:32,13,625
manual_capture_2026-01-07T07:25:22.037Z.jpg,2026-01-07 12:57:32,10,604
manual_capture_2026-01-07T07:25:22.438Z.jpg,2026-01-07 12:57:33,8,613
manual_capture_2026-01-07T07:25:22.594Z.jpg,2026-01-07 12:57:33,13,618
manual_capture_2026-01-07T07:25:22.889Z.jpg,2026-01-07 12:57:34,10,597
manual_capture_2026-01-07T07:25:23.106Z.jpg,2026-01-07 12:57:35,10,621
manual_capture_2026-01-07T07:25:23.390Z.jpg,2026-01-07 12:57:35,8,592
manual_capture_2026-01-07T07:25:24.140Z.jpg,2026-01-07 12:57:36,11,615
manual_capture_2026-01-07T07:25:24.229Z.jpg,2026-01-07 12:57:36,9,620
manual_capture_2026-01-07T07:25:24.438Z.jpg,2026-01-07 12:57:37,10,616
manual_capture_2026-01-07T07:25:24.688Z.jpg,2026-01-07 12:57:38,15,639
manual_capture_2026-01-07T07:25:24.897Z.jpg,2026-01-07 12:57:38,15,624
manual_capture_2026-01-07T07:25:25.210Z.jpg,2026-01-07 12:57:39,13,629
manual_capture_2026-01-07T07:25:25.467Z.jpg,2026-01-07 12:57:40,15,607
manual_capture_2026-01-07T07:25:25.550Z.jpg,2026-01-07 12:57:40,14,610
manual_capture_2026-01-07T07:25:25.790Z.jpg,2026-01-07 12:57:41,18,612
manual_capture_2026-01-07T07:25:26.029Z.jpg,2026-01-07 12:57:41,13,609
manual_capture_2026-01-07T07:25:26.393Z.jpg,2026-01-07 12:57:42,11,606
manual_capture_2026-01-07T07:25:26.994Z.jpg,2026-01-07 12:57:43,14,601
manual_capture_2026-01-07T07:25:27.226Z.jpg,2026-01-07 12:57:43,17,612
manual_capture_2026-01-07T07:25:27.322Z.jpg,2026-01-07 12:57:44,14,602
manual_capture_2026-01-07T07:25:27.525Z.jpg,2026-01-07 12:57:44,17,627
manual_capture_2026-01-07T07:25:27.872Z.jpg,2026-01-07 12:57:45,18,590
manual_capture_2026-01-07T07:25:28.188Z.jpg,2026-01-07 12:57:46,14,605
manual_capture_2026-01-07T07:25:28.548Z.jpg,2026-01-07 12:57:46,9,615
manual_capture_2026-01-07T07:25:28.832Z.jpg,2026-01-07 12:57:47,13,627
manual_capture_2026-01-07T07:25:29.161Z.jpg,2026-01-07 12:57:48,12,608
manual_capture_2026-01-07T07:25:29.379Z.jpg,2026-01-07 12:57:48,11,613
manual_capture_2026-01-07T07:25:29.705Z.jpg,2026-01-07 12:57:49,10,589
manual_capture_2026-01-07T07:25:30.150Z.jpg,2026-01-07 12:57:49,10,603
manual_capture_2026-01-07T07:25:30.213Z.jpg,2026-01-07 12:57:50,11,609
manual_capture_2026-01-07T07:25:30.584Z.jpg,2026-01-07 12:57:51,11,613
manual_capture_2026-01-07T07:25:30.724Z.jpg,2026-01-07 12:57:51,11,614
manual_capture_2026-01-07T07:25:30.963Z.jpg,2026-01-07 12:57:52,7,608
manual_capture_2026-01-07T07:25:31.124Z.jpg,2026-01-07 12:57:52,14,595
manual_capture_2026-01-07T07:25:31.543Z.jpg,2026-01-07 12:57:53,11,635
manual_capture_2026-01-07T07:25:31.959Z.jpg,2026-01-07 12:57:54,11,610
manual_capture_2026-01-07T07:25:32.475Z.jpg,2026-01-07 12:57:54,10,613
manual_capture_2026-01-07T07:25:32.810Z.jpg,2026-01-07 12:57:55,9,654
manual_capture_2026-01-07T07:25:33.283Z.jpg,2026-01-07 12:57:56,11,647
manual_capture_2026-01-07T07:25:33.342Z.jpg,2026-01-07 12:57:56,11,639
manual_capture_2026-01-07T07:25:33.576Z.jpg,2026-01-07 12:57:57,12,609
manual_capture_2026-01-07T07:25:34.092Z.jpg,2026-01-07 12:57:57,14,603
manual_capture_2026-01-07T07:25:34.210Z.jpg,2026-01-07 12:57:58,10,608
manual_capture_2026-01-07T07:25:34.538Z.jpg,2026-01-07 12:57:59,13,598
manual_capture_2026-01-07T07:25:35.333Z.jpg,2026-01-07 12:57:59,12,594
manual_capture_2026-01-07T07:25:35.423Z.jpg,2026-01-07 12:58:00,11,613
manual_capture_2026-01-07T07:25:36.296Z.jpg,2026-01-07 12:58:00,12,613
manual_capture_2026-01-07T07:25:36.473Z.jpg,2026-01-07 12:58:01,11,590
manual_capture_2026-01-07T07:25:37.125Z.jpg,2026-01-07 12:58:02,10,611
manual_capture_2026-01-07T07:25:37.153Z.jpg,2026-01-07 12:58:02,11,602
manual_capture_2026-01-07T07:25:37.544Z.jpg,2026-01-07 12:58:03,9,617
manual_capture_2026-01-07T07:25:37.622Z.jpg,2026-01-07 12:58:03,14,597
manual_capture_2026-01-07T07:25:38.255Z.jpg,2026-01-07 12:58:07,12,658
manual_capture_2026-01-07T07:25:38.291Z.jpg,2026-01-07 12:58:08,16,597
manual_capture_2026-01-07T07:25:38.657Z.jpg,2026-01-07 12:58:08,13,614
manual_capture_2026-01-07T07:25:38.847Z.jpg,2026-01-07 12:58:09,12,601
manual_capture_2026-01-07T07:25:39.262Z.jpg,2026-01-07 12:58:10,14,614
manual_capture_2026-01-07T07:25:39.447Z.jpg,2026-01-07 12:58:10,13,611
manual_capture_2026-01-07T07:25:40.149Z.jpg,2026-01-07 12:58:11,11,611
manual_capture_2026-01-07T07:25:40.508Z.jpg,2026-01-07 12:58:11,14,601
manual_capture_2026-01-07T07:25:40.627Z.jpg,2026-01-07 12:58:12,10,607
manual_capture_2026-01-07T07:25:40.783Z.jpg,2026-01-07 12:58:13,12,621
manual_capture_2026-01-07T07:25:41.083Z.jpg,2026-01-07 12:58:13,11,617
manual_capture_2026-01-07T07:25:41.582Z.jpg,2026-01-07 12:58:14,12,609
manual_capture_2026-01-07T07:25:42.313Z.jpg,2026-01-07 12:58:14,12,597
manual_capture_2026-01-07T07:25:42.490Z.jpg,2026-01-07 12:58:15,11,591
manual_capture_2026-01-07T07:25:42.609Z.jpg,2026-01-07 12:58:16,10,616
manual_capture_2026-01-07T07:25:42.798Z.jpg,2026-01-07 12:58:16,12,613
manual_capture_2026-01-07T07:25:43.038Z.jpg,2026-01-07 12:58:17,11,605
manual_capture_2026-01-07T07:25:43.313Z.jpg,2026-01-07 12:58:18,10,624
manual_capture_2026-01-07T07:25:43.746Z.jpg,2026-01-07 12:58:18,10,591
manual_capture_2026-01-07T07:25:43.852Z.jpg,2026-01-07 12:58:19,10,610
manual_capture_2026-01-07T07:25:44.110Z.jpg,2026-01-07 12:58:19,10,610
manual_capture_2026-01-07T07:25:44.345Z.jpg,2026-01-07 12:58:20,11,601
manual_capture_2026-01-07T07:25:44.616Z.jpg,2026-01-07 12:58:21,10,593
manual_capture_2026-01-07T07:25:44.944Z.jpg,2026-01-07 12:58:21,13,615
manual_capture_2026-01-07T07:25:45.371Z.jpg,2026-01-07 12:58:22,13,614
manual_capture_2026-01-07T07:25:45.418Z.jpg,2026-01-07 12:58:22,14,609
manual_capture_2026-01-07T07:25:46.016Z.jpg,2026-01-07 12:58:23,15,613
manual_capture_2026-01-07T07:25:46.142Z.jpg,2026-01-07 12:58:24,9,620
manual_capture_2026-01-07T07:25:46.372Z.jpg,2026-01-07 12:58:24,13,620
manual_capture_2026-01-07T07:25:46.620Z.jpg,2026-01-07 12:58:25,11,604
manual_capture_2026-01-07T07:25:46.971Z.jpg,2026-01-07 12:58:26,9,633
manual_capture_2026-01-07T07:25:47.291Z.jpg,2026-01-07 12:58:26,10,623
manual_capture_2026-01-07T07:25:47.507Z.jpg,2026-01-07 12:58:27,12,601
manual_capture_2026-01-07T07:25:47.703Z.jpg,2026-01-07 12:58:27,10,591
manual_capture_2026-01-07T07:25:48.032Z.jpg,2026-01-07 12:58:28,11,605
manual_capture_2026-01-07T07:25:48.213Z.jpg,2026-01-07 12:58:29,8,602
manual_capture_2026-01-07T07:25:48.556Z.jpg,2026-01-07 12:58:29,12,610
manual_capture_2026-01-07T07:25:48.649Z.jpg,2026-01-07 12:58:30,13,596
manual_capture_2026-01-07T07:25:48.880Z.jpg,2026-01-07 12:58:30,7,609
manual_capture_2026-01-07T07:25:49.248Z.jpg,2026-01-07 12:58:31,12,610
manual_capture_2026-01-07T07:25:49.457Z.jpg,2026-01-07 12:58:32,13,598
manual_capture_2026-01-07T07:25:49.691Z.jpg,2026-01-07 12:58:32,13,617
manual_capture_2026-01-07T07:25:50.145Z.jpg,2026-01-07 12:58:33,11,612
manual_capture_2026-01-07T07:25:50.463Z.jpg,2026-01-07 12:58:33,12,653
manual_capture_2026-01-07T07:25:50.675Z.jpg,2026-01-07 12:58:34,10,629
manual_capture_2026-01-07T07:25:50.988Z.jpg,2026-01-07 12:58:35,11,616
manual_capture_2026-01-07T07:25:51.215Z.jpg,2026-01-07 12:58:35,11,607
manual_capture_2026-01-07T07:25:52.029Z.jpg,2026-01-07 12:58:36,11,610
manual_capture_2026-01-07T07:25:52.430Z.jpg,2026-01-07 12:58:37,11,628
manual_capture_2026-01-07T07:25:52.620Z.jpg,2026-01-07 12:58:37,10,610
manual_capture_2026-01-07T07:25:52.646Z.jpg,2026-01-07 12:58:38,10,612
manual_capture_2026-01-07T07:25:52.833Z.jpg,2026-01-07 12:58:38,9,596
manual_capture_2026-01-07T07:25:53.047Z.jpg,2026-01-07 12:58:39,10,619
manual_capture_2026-01-07T07:25:53.399Z.jpg,2026-01-07 12:58:40,14,613
manual_capture_2026-01-07T07:25:53.877Z.jpg,2026-01-07 12:58:40,13,610
manual_capture_2026-01-07T07:25:53.910Z.jpg,2026-01-07 12:58:41,12,605
manual_capture_2026-01-07T07:25:54.163Z.jpg,2026-01-07 12:58:41,10,605
manual_capture_2026-01-07T07:25:54.357Z.jpg,2026-01-07 12:58:42,11,602
manual_capture_2026-01-07T07:25:54.548Z.jpg,2026-01-07 12:58:43,13,610
manual_capture_2026-01-07T07:25:54.780Z.jpg,2026-01-07 12:58:43,9,619
manual_capture_2026-01-07T07:25:55.208Z.jpg,2026-01-07 12:58:44,12,593
manual_capture_2026-01-07T07:25:55.487Z.jpg,2026-01-07 12:58:45,11,617
manual_capture_2026-01-07T07:25:55.821Z.jpg,2026-01-07 12:58:45,11,617
manual_capture_2026-01-07T07:25:56.038Z.jpg,2026-01-07 12:58:46,11,599
manual_capture_2026-01-07T07:25:56.282Z.jpg,2026-01-07 12:58:46,17,623
manual_capture_2026-01-07T07:25:56.518Z.jpg,2026-01-07 12:58:47,13,613
manual_capture_2026-01-07T07:25:56.882Z.jpg,2026-01-07 12:58:48,16,596
manual_capture_2026-01-07T07:25:57.038Z.jpg,2026-01-07 12:58:48,10,608
manual_capture_2026-01-07T07:25:57.261Z.jpg,2026-01-07 12:58:49,13,607
manual_capture_2026-01-07T07:25:57.466Z.jpg,2026-01-07 12:58:49,14,614
manual_capture_2026-01-07T07:25:57.646Z.jpg,2026-01-07 12:58:50,12,613
manual_capture_2026-01-07T07:25:57.865Z.jpg,2026-01-07 12:58:51,9,606
manual_capture_2026-01-07T07:25:58.173Z.jpg,2026-01-07 12:58:51,15,599
manual_capture_2026-01-07T07:25:58.388Z.jpg,2026-01-07 12:58:52,14,598
manual_capture_2026-01-07T07:25:58.683Z.jpg,2026-01-07 12:58:52,12,621
manual_capture_2026-01-07T07:25:58.812Z.jpg,2026-01-07 12:58:53,14,602
manual_capture_2026-01-07T07:25:59.029Z.jpg,2026-01-07 12:58:54,12,603
manual_capture_2026-01-07T07:25:59.435Z.jpg,2026-01-07 12:58:54,10,620
manual_capture_2026-01-07T07:25:59.604Z.jpg,2026-01-07 12:58:55,10,624
manual_capture_2026-01-07T07:25:59.960Z.jpg,2026-01-07 12:58:56,11,652
manual_capture_2026-01-07T07:26:00.257Z.jpg,2026-01-07 12:58:56,13,644
manual_capture_2026-01-07T07:26:00.651Z.jpg,2026-01-07 12:58:57,12,621
manual_capture_2026-01-07T07:26:00.794Z.jpg,2026-01-07 12:58:57,9,609
manual_capture_2026-01-07T07:26:01.151Z.jpg,2026-01-07 12:58:58,12,601
manual_capture_2026-01-07T07:26:01.348Z.jpg,2026-01-07 12:58:59,10,614
manual_capture_2026-01-07T07:26:01.603Z.jpg,2026-01-07 12:58:59,13,620
manual_capture_2026-01-07T07:26:02.009Z.jpg,2026-01-07 12:59:00,13,611
manual_capture_2026-01-07T07:26:02.054Z.jpg,2026-01-07 12:59:01,13,611
manual_capture_2026-01-07T07:26:02.251Z.jpg,2026-01-07 12:59:01,11,606
manual_capture_2026-01-07T07:26:02.522Z.jpg,2026-01-07 12:59:02,16,623
manual_capture_2026-01-07T07:26:02.726Z.jpg,2026-01-07 12:59:02,13,600
manual_capture_2026-01-07T07:26:02.938Z.jpg,2026-01-07 12:59:03,12,611
manual_capture_2026-01-07T07:26:03.506Z.jpg,2026-01-07 12:59:04,12,608
manual_capture_2026-01-07T07:26:03.659Z.jpg,2026-01-07 12:59:04,13,612
manual_capture_2026-01-07T07:26:03.971Z.jpg,2026-01-07 12:59:05,10,609
manual_capture_2026-01-07T07:26:04.401Z.jpg,2026-01-07 12:59:05,12,613
manual_capture_2026-01-07T07:26:04.742Z.jpg,2026-01-07 12:59:06,13,602
manual_capture_2026-01-07T07:26:05.067Z.jpg,2026-01-07 12:59:07,14,605
manual_capture_2026-01-07T07:26:05.596Z.jpg,2026-01-07 12:59:07,13,610
manual_capture_2026-01-07T07:26:05.625Z.jpg,2026-01-07 12:59:08,12,624
manual_capture_2026-01-07T07:26:05.954Z.jpg,2026-01-07 12:59:09,11,607
manual_capture_2026-01-07T07:26:06.130Z.jpg,2026-01-07 12:59:09,11,620
manual_capture_2026-01-07T07:26:06.616Z.jpg,2026-01-07 12:59:10,10,632
manual_capture_2026-01-07T07:26:06.878Z.jpg,2026-01-07 12:59:10,11,600
manual_capture_2026-01-07T07:26:07.308Z.jpg,2026-01-07 12:59:11,7,607
manual_capture_2026-01-07T07:26:07.489Z.jpg,2026-01-07 12:59:12,8,603
manual_capture_2026-01-07T07:26:07.696Z.jpg,2026-01-07 12:59:12,9,605
manual_capture_2026-01-07T07:26:07.917Z.jpg,2026-01-07 12:59:13,13,590
manual_capture_2026-01-07T07:26:08.296Z.jpg,2026-01-07 12:59:13,15,592
manual_capture_2026-01-07T07:26:08.408Z.jpg,2026-01-07 12:59:14,12,632
manual_capture_2026-01-07T07:26:08.673Z.jpg,2026-01-07 12:59:15,12,611
manual_capture_2026-01-07T07:26:08.842Z.jpg,2026-01-07 12:59:15,11,619
manual_capture_2026-01-07T07:26:09.518Z.jpg,2026-01-07 12:59:16,10,613
manual_capture_2026-01-07T07:26:09.779Z.jpg,2026-01-07 12:59:17,12,612
manual_capture_2026-01-07T07:26:10.060Z.jpg,2026-01-07 12:59:17,11,605
manual_capture_2026-01-07T07:26:10.413Z.jpg,2026-01-07 12:59:18,10,597
manual_capture_2026-01-07T07:26:10.564Z.jpg,2026-01-07 12:59:18,12,588
manual_capture_2026-01-07T07:26:10.838Z.jpg,2026-01-07 12:59:19,13,624
manual_capture_2026-01-07T07:26:11.060Z.jpg,2026-01-07 12:59:20,11,602
manual_capture_2026-01-07T07:26:11.247Z.jpg,2026-01-07 12:59:20,11,596
manual_capture_2026-01-07T07:26:11.499Z.jpg,2026-01-07 12:59:21,13,607
manual_capture_2026-01-07T07:26:11.928Z.jpg,2026-01-07 12:59:21,12,669
manual_capture_2026-01-07T07:26:12.295Z.jpg,2026-01-07 12:59:22,13,599
manual_capture_2026-01-07T07:26:12.353Z.jpg,2026-01-07 12:59:23,14,620
manual_capture_2026-01-07T07:26:12.677Z.jpg,2026-01-07 12:59:23,12,585
manual_capture_2026-01-07T07:26:12.890Z.jpg,2026-01-07 12:59:24,11,612
manual_capture_2026-01-07T07:26:13.270Z.jpg,2026-01-07 12:59:24,7,597
manual_capture_2026-01-07T07:26:13.319Z.jpg,2026-01-07 12:59:25,13,612
manual_capture_2026-01-07T07:26:13.619Z.jpg,2026-01-07 12:59:26,9,606
manual_capture_2026-01-07T07:26:13.862Z.jpg,2026-01-07 12:59:26,10,605
manual_capture_2026-01-07T07:26:14.009Z.jpg,2026-01-07 12:59:27,9,601
manual_capture_2026-01-07T07:26:14.335Z.jpg,2026-01-07 12:59:27,9,605
manual_capture_2026-01-07T07:26:14.512Z.jpg,2026-01-07 12:59:28,9,599
manual_capture_2026-01-07T07:26:14.816Z.jpg,2026-01-07 12:59:29,15,610
manual_capture_2026-01-07T07:26:15.113Z.jpg,2026-01-07 12:59:29,9,631
manual_capture_2026-01-07T07:26:15.235Z.jpg,2026-01-07 12:59:30,8,636
manual_capture_2026-01-07T07:26:15.556Z.jpg,2026-01-07 12:59:31,11,614
manual_capture_2026-01-07T07:26:15.671Z.jpg,2026-01-07 12:59:31,13,612
manual_capture_2026-01-07T07:26:16.020Z.jpg,2026-01-07 12:59:32,14,577
manual_capture_2026-01-07T07:26:16.266Z.jpg,2026-01-07 12:59:32,14,597
manual_capture_2026-01-07T07:26:16.954Z.jpg,2026-01-07 12:59:33,10,603
manual_capture_2026-01-07T07:26:17.092Z.jpg,2026-01-07 12:59:34,12,602
manual_capture_2026-01-07T07:26:17.735Z.jpg,2026-01-07 12:59:34,12,612
manual_capture_2026-01-07T07:26:18.118Z.jpg,2026-01-07 12:59:35,15,619
manual_capture_2026-01-07T07:26:18.228Z.jpg,2026-01-07 12:59:35,12,611
manual_capture_2026-01-07T07:26:18.509Z.jpg,2026-01-07 12:59:36,15,632
manual_capture_2026-01-07T07:26:18.545Z.jpg,2026-01-07 12:59:37,17,597
manual_capture_2026-01-07T07:26:18.907Z.jpg,2026-01-07 12:59:37,11,599
manual_capture_2026-01-07T07:26:19.088Z.jpg,2026-01-07 12:59:38,9,589
manual_capture_2026-01-07T07:26:19.352Z.jpg,2026-01-07 12:59:38,11,597
manual_capture_2026-01-07T07:26:20.130Z.jpg,2026-01-07 12:59:39,12,616
manual_capture_2026-01-07T07:26:20.489Z.jpg,2026-01-07 12:59:40,8,600
manual_capture_2026-01-07T07:26:20.790Z.jpg,2026-01-07 12:59:40,12,600
manual_capture_2026-01-07T07:26:21.108Z.jpg,2026-01-07 12:59:41,10,606
manual_capture_2026-01-07T07:26:21.216Z.jpg,2026-01-07 12:59:42,9,595
manual_capture_2026-01-07T07:26:21.467Z.jpg,2026-01-07 12:59:42,13,594
manual_capture_2026-01-07T07:26:21.875Z.jpg,2026-01-07 12:59:43,14,586
manual_capture_2026-01-07T07:26:22.065Z.jpg,2026-01-07 12:59:43,14,587
manual_capture_2026-01-07T07:26:22.433Z.jpg,2026-01-07 12:59:44,9,608
manual_capture_2026-01-07T07:26:22.705Z.jpg,2026-01-07 12:59:44,11,587
manual_capture_2026-01-07T07:26:22.808Z.jpg,2026-01-07 12:59:45,12,606
manual_capture_2026-01-07T07:26:22.958Z.jpg,2026-01-07 12:59:46,11,603
manual_capture_2026-01-07T07:26:23.525Z.jpg,2026-01-07 12:59:46,10,601
manual_capture_2026-01-07T07:26:23.603Z.jpg,2026-01-07 12:59:47,8,615
manual_capture_2026-01-07T07:26:24.058Z.jpg,2026-01-07 12:59:48,9,616
manual_capture_2026-01-07T07:26:24.241Z.jpg,2026-01-07 12:59:48,8,617
manual_capture_2026-01-07T07:26:24.542Z.jpg,2026-01-07 12:59:49,8,616
manual_capture_2026-01-07T07:26:24.647Z.jpg,2026-01-07 12:59:49,9,619
manual_capture_2026-01-07T07:26:24.799Z.jpg,2026-01-07 12:59:50,11,597
manual_capture_2026-01-07T07:26:25.033Z.jpg,2026-01-07 12:59:51,15,594
manual_capture_2026-01-07T07:26:25.526Z.jpg,2026-01-07 12:59:51,12,598
manual_capture_2026-01-07T07:26:25.818Z.jpg,2026-01-07 12:59:52,13,596
manual_capture_2026-01-07T07:26:25.916Z.jpg,2026-01-07 12:59:52,13,597
manual_capture_2026-01-07T07:26:26.087Z.jpg,2026-01-07 12:59:53,12,611
manual_capture_2026-01-07T07:26:26.428Z.jpg,2026-01-07 12:59:54,11,634
manual_capture_2026-01-07T07:26:27.002Z.jpg,2026-01-07 12:59:54,9,601
manual_capture_2026-01-07T07:26:27.486Z.jpg,2026-01-07 12:59:55,11,668
manual_capture_2026-01-07T07:26:27.750Z.jpg,2026-01-07 12:59:56,12,629
manual_capture_2026-01-07T07:26:27.891Z.jpg,2026-01-07 12:59:56,11,596
manual_capture_2026-01-07T07:26:28.162Z.jpg,2026-01-07 12:59:57,10,597
manual_capture_2026-01-07T07:26:28.384Z.jpg,2026-01-07 12:59:57,14,594
manual_capture_2026-01-07T07:26:28.643Z.jpg,2026-01-07 12:59:58,11,588
manual_capture_2026-01-07T07:26:29.103Z.jpg,2026-01-07 12:59:59,14,604
manual_capture_2026-01-07T07:26:29.242Z.jpg,2026-01-07 12:59:59,11,603
manual_capture_2026-01-07T07:26:29.411Z.jpg,2026-01-07 13:00:00,9,605
manual_capture_2026-01-07T07:26:29.732Z.jpg,2026-01-07 13:00:00,12,605
manual_capture_2026-01-07T07:26:30.151Z.jpg,2026-01-07 13:00:01,12,598
manual_capture_2026-01-07T07:26:30.158Z.jpg,2026-01-07 13:00:02,9,611
manual_capture_2026-01-07T07:26:30.548Z.jpg,2026-01-07 13:00:02,11,607
manual_capture_2026-01-07T07:26:31.008Z.jpg,2026-01-07 13:00:03,10,605
manual_capture_2026-01-07T07:26:31.012Z.jpg,2026-01-07 13:00:03,11,594
manual_capture_2026-01-07T07:26:31.293Z.jpg,2026-01-07 13:00:04,10,609
manual_capture_2026-01-07T07:26:31.634Z.jpg,2026-01-07 13:00:05,10,600
manual_capture_2026-01-07T07:26:31.858Z.jpg,2026-01-07 13:00:05,11,602
manual_capture_2026-01-07T07:26:32.029Z.jpg,2026-01-07 13:00:06,10,607
manual_capture_2026-01-07T07:26:32.786Z.jpg,2026-01-07 13:00:06,16,606
manual_capture_2026-01-07T07:26:33.065Z.jpg,2026-01-07 13:00:07,12,594
manual_capture_2026-01-07T07:26:33.095Z.jpg,2026-01-07 13:00:08,14,599
manual_capture_2026-01-07T07:26:33.372Z.jpg,2026-01-07 13:00:08,12,605
manual_capture_2026-01-07T07:26:33.554Z.jpg,2026-01-07 13:00:09,13,611
manual_capture_2026-01-07T07:26:33.811Z.jpg,2026-01-07 13:00:09,12,607
manual_capture_2026-01-07T07:26:33.957Z.jpg,2026-01-07 13:00:10,12,613
manual_capture_2026-01-07T07:26:34.178Z.jpg,2026-01-07 13:00:11,12,581
manual_capture_2026-01-07T07:26:34.400Z.jpg,2026-01-07 13:00:11,12,605
manual_capture_2026-01-07T07:26:34.629Z.jpg,2026-01-07 13:00:12,11,597
manual_capture_2026-01-07T07:26:35.205Z.jpg,2026-01-07 13:00:12,9,588
manual_capture_2026-01-07T07:26:35.445Z.jpg,2026-01-07 13:00:13,11,597
manual_capture_2026-01-07T07:26:35.603Z.jpg,2026-01-07 13:00:14,10,582
manual_capture_2026-01-07T07:26:35.768Z.jpg,2026-01-07 13:00:14,10,583
manual_capture_2026-01-07T07:26:36.556Z.jpg,2026-01-07 13:00:15,10,636
manual_capture_2026-01-07T07:26:37.019Z.jpg,2026-01-07 13:00:15,12,625
manual_capture_2026-01-07T07:26:37.104Z.jpg,2026-01-07 13:00:16,11,625
manual_capture_2026-01-07T07:26:37.636Z.jpg,2026-01-07 13:00:17,12,620
manual_capture_2026-01-07T07:26:37.833Z.jpg,2026-01-07 13:00:17,11,607
manual_capture_2026-01-07T07:26:38.128Z.jpg,2026-01-07 13:00:18,12,639
manual_capture_2026-01-07T07:26:38.569Z.jpg,2026-01-07 13:00:19,11,605
manual_capture_2026-01-07T07:26:38.844Z.jpg,2026-01-07 13:00:19,13,619
manual_capture_2026-01-07T07:26:38.955Z.jpg,2026-01-07 13:00:20,13,618
manual_capture_2026-01-07T07:26:39.374Z.jpg,2026-01-07 13:00:20,12,599
manual_capture_2026-01-07T07:26:39.495Z.jpg,2026-01-07 13:00:21,10,601
manual_capture_2026-01-07T07:26:39.755Z.jpg,2026-01-07 13:00:22,12,580
manual_capture_2026-01-07T07:26:40.000Z.jpg,2026-01-07 13:00:22,12,604
manual_capture_2026-01-07T07:26:40.376Z.jpg,2026-01-07 13:00:23,10,604
manual_capture_2026-01-07T07:26:40.667Z.jpg,2026-01-07 13:00:23,13,596
manual_capture_2026-01-07T07:26:40.873Z.jpg,2026-01-07 13:00:24,10,599
manual_capture_2026-01-07T07:26:41.007Z.jpg,2026-01-07 13:00:25,9,602
manual_capture_2026-01-07T07:26:41.957Z.jpg,2026-01-07 13:00:25,12,601
manual_capture_2026-01-07T07:26:42.259Z.jpg,2026-01-07 13:00:26,10,614
manual_capture_2026-01-07T07:26:42.433Z.jpg,2026-01-07 13:00:26,9,617
manual_capture_2026-01-07T07:26:42.690Z.jpg,2026-01-07 13:00:27,14,627
manual_capture_2026-01-07T07:26:42.870Z.jpg,2026-01-07 13:00:28,11,612
manual_capture_2026-01-07T07:26:43.075Z.jpg,2026-01-07 13:00:28,12,605
manual_capture_2026-01-07T07:26:43.608Z.jpg,2026-01-07 13:00:29,10,594
manual_capture_2026-01-07T07:26:43.924Z.jpg,2026-01-07 13:00:30,12,611
manual_capture_2026-01-07T07:26:44.087Z.jpg,2026-01-07 13:00:30,14,587
manual_capture_2026-01-07T07:26:44.439Z.jpg,2026-01-07 13:00:31,10,609
manual_capture_2026-01-07T07:26:44.995Z.jpg,2026-01-07 13:00:31,12,587
manual_capture_2026-01-07T07:26:45.048Z.jpg,2026-01-07 13:00:32,10,603
manual_capture_2026-01-07T07:26:45.430Z.jpg,2026-01-07 13:00:33,10,616
manual_capture_2026-01-07T07:26:45.648Z.jpg,2026-01-07 13:00:33,10,610
manual_capture_2026-01-07T07:26:45.917Z.jpg,2026-01-07 13:00:34,13,607
manual_capture_2026-01-07T07:26:46.098Z.jpg,2026-01-07 13:00:34,10,614
manual_capture_2026-01-07T07:26:46.417Z.jpg,2026-01-07 13:00:35,12,613
manual_capture_2026-01-07T07:26:47.129Z.jpg,2026-01-07 13:00:36,13,612
manual_capture_2026-01-07T07:26:47.204Z.jpg,2026-01-07 13:00:36,9,612
manual_capture_2026-01-07T07:26:47.702Z.jpg,2026-01-07 13:00:37,8,617
manual_capture_2026-01-07T07:26:47.821Z.jpg,2026-01-07 13:00:37,10,612
manual_capture_2026-01-07T07:26:48.146Z.jpg,2026-01-07 13:00:38,6,622
manual_capture_2026-01-07T07:26:48.611Z.jpg,2026-01-07 13:00:39,12,614
manual_capture_2026-01-07T07:26:48.680Z.jpg,2026-01-07 13:00:39,11,593
manual_capture_2026-01-07T07:26:49.003Z.jpg,2026-01-07 13:00:40,10,607
manual_capture_2026-01-07T07:26:49.108Z.jpg,2026-01-07 13:00:41,13,628
manual_capture_2026-01-07T07:26:49.572Z.jpg,2026-01-07 13:00:41,13,626
manual_capture_2026-01-07T07:26:49.910Z.jpg,2026-01-07 13:00:42,12,616
manual_capture_2026-01-07T07:26:50.387Z.jpg,2026-01-07 13:00:42,15,609
manual_capture_2026-01-07T07:26:50.536Z.jpg,2026-01-07 13:00:43,13,606
manual_capture_2026-01-07T07:26:51.046Z.jpg,2026-01-07 13:00:44,13,604
manual_capture_2026-01-07T07:26:51.216Z.jpg,2026-01-07 13:00:44,13,592
manual_capture_2026-01-07T07:26:51.865Z.jpg,2026-01-07 13:00:45,12,614
manual_capture_2026-01-07T07:26:52.107Z.jpg,2026-01-07 13:00:45,12,618
manual_capture_2026-01-07T07:26:52.325Z.jpg,2026-01-07 13:00:46,11,612
manual_capture_2026-01-07T07:26:52.631Z.jpg,2026-01-07 13:00:47,10,683
manual_capture_2026-01-07T07:26:52.921Z.jpg,2026-01-07 13:00:47,10,595
manual_capture_2026-01-07T07:26:53.495Z.jpg,2026-01-07 13:00:48,12,603
manual_capture_2026-01-07T07:26:53.654Z.jpg,2026-01-07 13:00:49,11,625
manual_capture_2026-01-07T07:26:54.040Z.jpg,2026-01-07 13:00:49,14,658
manual_capture_2026-01-07T07:26:54.409Z.jpg,2026-01-07 13:00:50,18,605
manual_capture_2026-01-07T07:26:54.777Z.jpg,2026-01-07 13:00:50,17,608
manual_capture_2026-01-07T07:26:55.046Z.jpg,2026-01-07 13:00:51,18,590
manual_capture_2026-01-07T07:26:55.348Z.jpg,2026-01-07 13:00:52,15,591
manual_capture_2026-01-07T07:26:55.519Z.jpg,2026-01-07 13:00:52,15,597
manual_capture_2026-01-07T07:26:56.772Z.jpg,2026-01-07 13:00:53,12,595
manual_capture_2026-01-07T07:26:57.108Z.jpg,2026-01-07 13:00:53,10,602
manual_capture_2026-01-07T07:26:57.374Z.jpg,2026-01-07 13:00:54,13,617
manual_capture_2026-01-07T07:26:57.457Z.jpg,2026-01-07 13:00:55,8,621
manual_capture_2026-01-07T07:26:57.969Z.jpg,2026-01-07 13:00:55,10,626
manual_capture_2026-01-07T07:26:58.055Z.jpg,2026-01-07 13:00:56,11,622
manual_capture_2026-01-07T07:26:58.541Z.jpg,2026-01-07 13:00:57,12,627
manual_capture_2026-01-07T07:26:58.585Z.jpg,2026-01-07 13:00:57,14,622
manual_capture_2026-01-07T07:26:58.774Z.jpg,2026-01-07 13:00:58,13,621
manual_capture_2026-01-07T07:26:58.952Z.jpg,2026-01-07 13:00:58,10,608
manual_capture_2026-01-07T07:26:59.526Z.jpg,2026-01-07 13:00:59,12,605
manual_capture_2026-01-07T07:26:59.909Z.jpg,2026-01-07 13:01:00,11,614
manual_capture_2026-01-07T07:27:00.205Z.jpg,2026-01-07 13:01:00,15,612
manual_capture_2026-01-07T07:27:00.675Z.jpg,2026-01-07 13:01:01,12,618
manual_capture_2026-01-07T07:27:00.873Z.jpg,2026-01-07 13:01:02,10,596
manual_capture_2026-01-07T07:27:01.461Z.jpg,2026-01-07 13:01:02,11,602
manual_capture_2026-01-07T07:27:01.802Z.jpg,2026-01-07 13:01:03,11,598
manual_capture_2026-01-07T07:27:02.253Z.jpg,2026-01-07 13:01:03,7,607
manual_capture_2026-01-07T07:27:02.568Z.jpg,2026-01-07 13:01:04,12,606
manual_capture_2026-01-07T07:27:02.747Z.jpg,2026-01-07 13:01:05,11,607
manual_capture_2026-01-07T07:27:03.070Z.jpg,2026-01-07 13:01:05,9,602
manual_capture_2026-01-07T07:27:03.478Z.jpg,2026-01-07 13:01:06,13,606
manual_capture_2026-01-07T07:27:06.250Z.jpg,2026-01-07 13:01:06,9,614
manual_capture_2026-01-07T07:27:06.258Z.jpg,2026-01-07 13:01:07,11,605
manual_capture_2026-01-07T07:27:06.961Z.jpg,2026-01-07 13:01:08,12,588
manual_capture_2026-01-07T07:27:07.798Z.jpg,2026-01-07 13:01:08,11,588
manual_capture_2026-01-07T07:27:07.801Z.jpg,2026-01-07 13:01:09,12,604
manual_capture_2026-01-07T07:27:07.804Z.jpg,2026-01-07 13:01:09,11,617
manual_capture_2026-01-07T07:27:08.187Z.jpg,2026-01-07 13:01:10,13,617
manual_capture_2026-01-07T07:27:08.562Z.jpg,2026-01-07 13:01:11,11,598
manual_capture_2026-01-07T07:27:09.070Z.jpg,2026-01-07 13:01:11,11,585
manual_capture_2026-01-07T07:27:09.396Z.jpg,2026-01-07 13:01:12,12,604
manual_capture_2026-01-07T07:27:09.746Z.jpg,2026-01-07 13:01:12,10,589
manual_capture_2026-01-07T07:27:10.287Z.jpg,2026-01-07 13:01:13,11,620
manual_capture_2026-01-07T07:27:10.699Z.jpg,2026-01-07 13:01:14,10,612
manual_capture_2026-01-07T07:27:11.581Z.jpg,2026-01-07 13:01:14,11,600
manual_capture_2026-01-07T07:27:12.666Z.jpg,2026-01-07 13:01:15,11,586
manual_capture_2026-01-07T07:27:13.181Z.jpg,2026-01-07 13:01:15,12,608
manual_capture_2026-01-07T07:27:13.357Z.jpg,2026-01-07 13:01:16,12,578
manual_capture_2026-01-07T07:27:13.399Z.jpg,2026-01-07 13:01:17,10,609
manual_capture_2026-01-07T07:27:13.613Z.jpg,2026-01-07 13:01:17,11,592
manual_capture_2026-01-07T07:27:13.981Z.jpg,2026-01-07 13:01:18,10,587
manual_capture_2026-01-07T07:27:14.724Z.jpg,2026-01-07 13:01:18,9,608
manual_capture_2026-01-07T07:27:14.839Z.jpg,2026-01-07 13:01:19,11,627
manual_capture_2026-01-07T07:27:15.850Z.jpg,2026-01-07 13:01:20,12,613
manual_capture_2026-01-07T07:27:16.027Z.jpg,2026-01-07 13:01:20,10,619
manual_capture_2026-01-07T07:27:16.607Z.jpg,2026-01-07 13:01:21,8,635
manual_capture_2026-01-07T07:27:18.472Z.jpg,2026-01-07 13:01:22,12,594
manual_capture_2026-01-07T07:27:18.795Z.jpg,2026-01-07 13:01:22,9,590
manual_capture_2026-01-07T07:27:19.093Z.jpg,2026-01-07 13:01:23,9,611
manual_capture_2026-01-07T07:27:19.696Z.jpg,2026-01-07 13:01:23,13,589
manual_capture_2026-01-07T07:27:19.818Z.jpg,2026-01-07 13:01:24,10,619
manual_capture_2026-01-07T07:27:20.094Z.jpg,2026-01-07 13:01:25,11,608
manual_capture_2026-01-07T07:27:20.769Z.jpg,2026-01-07 13:01:25,10,596
manual_capture_2026-01-07T07:27:21.103Z.jpg,2026-01-07 13:01:26,11,610
manual_capture_2026-01-07T07:27:21.167Z.jpg,2026-01-07 13:01:26,11,595
manual_capture_2026-01-07T07:27:21.542Z.jpg,2026-01-07 13:01:27,8,597
manual_capture_2026-01-07T07:27:21.966Z.jpg,2026-01-07 13:01:28,9,592
manual_capture_2026-01-07T07:27:22.516Z.jpg,2026-01-07 13:01:28,9,590
manual_capture_2026-01-07T07:27:22.932Z.jpg,2026-01-07 13:01:29,11,592
manual_capture_2026-01-07T07:27:23.559Z.jpg,2026-01-07 13:01:29,9,593
manual_capture_2026-01-07T07:27:23.862Z.jpg,2026-01-07 13:01:30,9,608
manual_capture_2026-01-07T07:27:24.070Z.jpg,2026-01-07 13:01:31,12,617
manual_capture_2026-01-07T07:27:24.466Z.jpg,2026-01-07 13:01:31,9,596
manual_capture_2026-01-07T07:27:24.990Z.jpg,2026-01-07 13:01:32,13,613
manual_capture_2026-01-07T07:27:25.291Z.jpg,2026-01-07 13:01:32,10,594
manual_capture_2026-01-07T07:27:25.911Z.jpg,2026-01-07 13:01:33,10,595
manual_capture_2026-01-07T07:27:27.015Z.jpg,2026-01-07 13:01:34,12,611
manual_capture_2026-01-07T07:27:28.165Z.jpg,2026-01-07 13:01:34,12,600
manual_capture_2026-01-07T07:27:28.287Z.jpg,2026-01-07 13:01:35,10,610
manual_capture_2026-01-07T07:27:28.854Z.jpg,2026-01-07 13:01:35,11,590
manual_capture_2026-01-07T07:27:29.154Z.jpg,2026-01-07 13:01:36,10,606
manual_capture_2026-01-07T07:27:29.262Z.jpg,2026-01-07 13:01:37,10,593
manual_capture_2026-01-07T07:27:29.554Z.jpg,2026-01-07 13:01:37,12,606
manual_capture_2026-01-07T07:27:29.713Z.jpg,2026-01-07 13:01:38,11,595
manual_capture_2026-01-07T07:27:29.900Z.jpg,2026-01-07 13:01:38,9,584
manual_capture_2026-01-07T07:27:31.233Z.jpg,2026-01-07 13:01:39,11,602
manual_capture_2026-01-07T07:27:31.612Z.jpg,2026-01-07 13:01:40,9,599
manual_capture_2026-01-07T07:27:32.229Z.jpg,2026-01-07 13:01:40,8,594
manual_capture_2026-01-07T07:27:33.028Z.jpg,2026-01-07 13:01:41,12,590
manual_capture_2026-01-07T07:27:33.662Z.jpg,2026-01-07 13:01:41,10,609
manual_capture_2026-01-07T07:27:33.849Z.jpg,2026-01-07 13:01:42,10,606
manual_capture_2026-01-07T07:27:34.201Z.jpg,2026-01-07 13:01:43,8,588
manual_capture_2026-01-07T07:27:34.341Z.jpg,2026-01-07 13:01:43,11,599
manual_capture_2026-01-07T07:27:34.566Z.jpg,2026-01-07 13:01:44,10,613
manual_capture_2026-01-07T07:27:35.665Z.jpg,2026-01-07 13:01:44,13,605
manual_capture_2026-01-07T07:27:36.650Z.jpg,2026-01-07 13:01:45,11,607
manual_capture_2026-01-07T07:27:36.972Z.jpg,2026-01-07 13:01:46,13,612
manual_capture_2026-01-07T07:27:37.446Z.jpg,2026-01-07 13:01:46,15,604
manual_capture_2026-01-07T07:27:37.579Z.jpg,2026-01-07 13:01:47,15,598
manual_capture_2026-01-07T07:27:37.901Z.jpg,2026-01-07 13:01:47,14,592
manual_capture_2026-01-07T07:27:38.152Z.jpg,2026-01-07 13:01:48,15,582
manual_capture_2026-01-07T07:27:38.564Z.jpg,2026-01-07 13:01:49,16,613
manual_capture_2026-01-07T07:27:38.917Z.jpg,2026-01-07 13:01:49,19,721
manual_capture_2026-01-07T07:27:40.452Z.jpg,2026-01-07 13:01:50,14,641
manual_capture_2026-01-07T07:27:41.027Z.jpg,2026-01-07 13:01:51,14,640
manual_capture_2026-01-07T07:27:41.408Z.jpg,2026-01-07 13:01:51,16,627
manual_capture_2026-01-07T07:27:41.468Z.jpg,2026-01-07 13:01:52,15,610
manual_capture_2026-01-07T07:27:41.777Z.jpg,2026-01-07 13:01:53,15,637
manual_capture_2026-01-07T07:27:42.237Z.jpg,2026-01-07 13:01:53,12,590
manual_capture_2026-01-07T07:27:42.462Z.jpg,2026-01-07 13:01:54,14,606
manual_capture_2026-01-07T07:27:42.984Z.jpg,2026-01-07 13:01:54,15,619
manual_capture_2026-01-07T07:27:43.032Z.jpg,2026-01-07 13:01:55,15,606
manual_capture_2026-01-07T07:27:43.808Z.jpg,2026-01-07 13:01:56,15,604
manual_capture_2026-01-07T07:27:44.329Z.jpg,2026-01-07 13:01:56,13,628
manual_capture_2026-01-07T07:27:44.564Z.jpg,2026-01-07 13:01:57,16,588
manual_capture_2026-01-07T07:27:45.138Z.jpg,2026-01-07 13:01:57,18,640
manual_capture_2026-01-07T07:27:45.624Z.jpg,2026-01-07 13:01:58,14,592
manual_capture_2026-01-07T07:27:45.810Z.jpg,2026-01-07 13:01:59,17,602
manual_capture_2026-01-07T07:27:45.904Z.jpg,2026-01-07 13:01:59,15,628
manual_capture_2026-01-07T07:27:46.625Z.jpg,2026-01-07 13:02:00,17,660
manual_capture_2026-01-07T07:27:46.829Z.jpg,2026-01-07 13:02:01,16,609
manual_capture_2026-01-07T07:27:47.521Z.jpg,2026-01-07 13:02:01,16,601
manual_capture_2026-01-07T07:27:47.633Z.jpg,2026-01-07 13:02:02,11,593
manual_capture_2026-01-07T07:27:49.154Z.jpg,2026-01-07 13:02:02,13,590
manual_capture_2026-01-07T07:27:49.701Z.jpg,2026-01-07 13:02:03,18,643
manual_capture_2026-01-07T07:27:50.678Z.jpg,2026-01-07 13:02:04,16,597
manual_capture_2026-01-07T07:27:50.830Z.jpg,2026-01-07 13:02:04,12,611
manual_capture_2026-01-07T07:27:51.314Z.jpg,2026-01-07 13:02:05,12,612
manual_capture_2026-01-07T07:27:51.631Z.jpg,2026-01-07 13:02:05,14,610
manual_capture_2026-01-07T07:27:51.959Z.jpg,2026-01-07 13:02:06,14,596
manual_capture_2026-01-07T07:27:52.062Z.jpg,2026-01-07 13:02:07,14,607
manual_capture_2026-01-07T07:27:53.789Z.jpg,2026-01-07 13:02:07,13,592
manual_capture_2026-01-07T07:27:54.254Z.jpg,2026-01-07 13:02:08,19,590
manual_capture_2026-01-07T07:27:54.797Z.jpg,2026-01-07 13:02:08,18,589
manual_capture_2026-01-07T07:27:55.272Z.jpg,2026-01-07 13:02:09,12,600
manual_capture_2026-01-07T07:27:55.680Z.jpg,2026-01-07 13:02:10,11,623
manual_capture_2026-01-07T07:27:55.942Z.jpg,2026-01-07 13:02:10,16,614
manual_capture_2026-01-07T07:27:56.878Z.jpg,2026-01-07 13:02:11,14,613
manual_capture_2026-01-07T07:27:57.149Z.jpg,2026-01-07 13:02:11,15,590
manual_capture_2026-01-07T07:27:57.575Z.jpg,2026-01-07 13:02:12,11,599
manual_capture_2026-01-07T07:27:58.119Z.jpg,2026-01-07 13:02:13,12,590
manual_capture_2026-01-07T07:27:58.919Z.jpg,2026-01-07 13:02:13,14,621
manual_capture_2026-01-07T07:27:59.654Z.jpg,2026-01-07 13:02:14,13,592
manual_capture_2026-01-07T07:28:00.450Z.jpg,2026-01-07 13:02:15,13,596
manual_capture_2026-01-07T07:28:01.317Z.jpg,2026-01-07 13:02:15,15,604
manual_capture_2026-01-07T07:28:02.466Z.jpg,2026-01-07 13:02:16,10,611
manual_capture_2026-01-07T07:28:03.825Z.jpg,2026-01-07 13:02:16,9,585
manual_capture_2026-01-07T07:28:04.292Z.jpg,2026-01-07 13:02:17,11,589
manual_capture_2026-01-07T07:28:04.558Z.jpg,2026-01-07 13:02:18,9,621
manual_capture_2026-01-07T07:28:04.841Z.jpg,2026-01-07 13:02:18,13,633
manual_capture_2026-01-07T07:28:04.914Z.jpg,2026-01-07 13:02:19,11,628
manual_capture_2026-01-07T07:28:06.682Z.jpg,2026-01-07 13:02:19,13,598
manual_capture_2026-01-07T07:28:06.986Z.jpg,2026-01-07 13:02:20,9,607
manual_capture_2026-01-07T07:28:07.105Z.jpg,2026-01-07 13:02:24,10,640
manual_capture_2026-01-07T07:28:08.008Z.jpg,2026-01-07 13:02:24,10,602
manual_capture_2026-01-07T07:28:09.603Z.jpg,2026-01-07 13:02:25,11,599
manual_capture_2026-01-07T07:28:09.654Z.jpg,2026-01-07 13:02:25,11,600
manual_capture_2026-01-07T07:28:09.849Z.jpg,2026-01-07 13:02:26,11,607
manual_capture_2026-01-07T07:28:10.678Z.jpg,2026-01-07 13:02:27,9,603
manual_capture_2026-01-07T07:28:10.682Z.jpg,2026-01-07 13:02:27,12,636
manual_capture_2026-01-07T07:28:11.381Z.jpg,2026-01-07 13:02:28,13,591
manual_capture_2026-01-07T07:28:11.590Z.jpg,2026-01-07 13:02:29,10,594
manual_capture_2026-01-07T07:28:12.273Z.jpg,2026-01-07 13:02:29,13,605
manual_capture_2026-01-07T07:28:13.834Z.jpg,2026-01-07 13:02:30,15,619
manual_capture_2026-01-07T07:28:14.361Z.jpg,2026-01-07 13:02:30,8,599
manual_capture_2026-01-07T07:28:14.437Z.jpg,2026-01-07 13:02:31,8,610
manual_capture_2026-01-07T07:28:15.821Z.jpg,2026-01-07 13:02:32,9,598
manual_capture_2026-01-07T07:28:17.020Z.jpg,2026-01-07 13:02:32,15,592
manual_capture_2026-01-07T07:28:17.595Z.jpg,2026-01-07 13:02:33,13,604
manual_capture_2026-01-07T07:28:18.269Z.jpg,2026-01-07 13:02:33,12,602
manual_capture_2026-01-07T07:28:18.874Z.jpg,2026-01-07 13:02:34,12,671
manual_capture_2026-01-07T07:28:19.237Z.jpg,2026-01-07 13:02:35,13,617
manual_capture_2026-01-07T07:28:19.591Z.jpg,2026-01-07 13:02:35,12,612
manual_capture_2026-01-07T07:28:19.781Z.jpg,2026-01-07 13:02:36,12,606
manual_capture_2026-01-07T07:28:20.940Z.jpg,2026-01-07 13:02:36,13,610
manual_capture_2026-01-07T07:28:21.670Z.jpg,2026-01-07 13:02:37,11,594
manual_capture_2026-01-07T07:28:22.068Z.jpg,2026-01-07 13:02:38,11,587
manual_capture_2026-01-07T07:28:22.355Z.jpg,2026-01-07 13:02:38,11,589
manual_capture_2026-01-07T07:28:23.423Z.jpg,2026-01-07 13:02:39,11,602
manual_capture_2026-01-07T07:28:24.056Z.jpg,2026-01-07 13:02:39,12,591
manual_capture_2026-01-07T07:28:24.282Z.jpg,2026-01-07 13:02:40,8,606
manual_capture_2026-01-07T07:28:24.908Z.jpg,2026-01-07 13:02:41,11,595
manual_capture_2026-01-07T07:28:25.005Z.jpg,2026-01-07 13:02:41,10,602
manual_capture_2026-01-07T07:28:26.540Z.jpg,2026-01-07 13:02:42,11,618
manual_capture_2026-01-07T07:28:26.652Z.jpg,2026-01-07 13:02:43,9,602
manual_capture_2026-01-07T07:28:29.337Z.jpg,2026-01-07 13:02:43,11,589
manual_capture_2026-01-07T07:28:29.940Z.jpg,2026-01-07 13:02:44,7,609
manual_capture_2026-01-07T07:28:30.113Z.jpg,2026-01-07 13:02:44,9,602
manual_capture_2026-01-07T07:28:30.184Z.jpg,2026-01-07 13:02:45,12,628
manual_capture_2026-01-07T07:28:30.351Z.jpg,2026-01-07 13:02:46,11,608
manual_capture_2026-01-07T07:28:30.833Z.jpg,2026-01-07 13:02:46,8,596
manual_capture_2026-01-07T07:28:31.426Z.jpg,2026-01-07 13:02:47,9,597
manual_capture_2026-01-07T07:28:32.588Z.jpg,2026-01-07 13:02:47,8,610
manual_capture_2026-01-07T07:28:33.604Z.jpg,2026-01-07 13:02:48,11,591
manual_capture_2026-01-07T07:28:33.685Z.jpg,2026-01-07 13:02:49,6,577
manual_capture_2026-01-07T07:28:34.103Z.jpg,2026-01-07 13:02:49,11,648
manual_capture_2026-01-07T07:28:34.943Z.jpg,2026-01-07 13:02:50,15,638
manual_capture_2026-01-07T07:28:35.753Z.jpg,2026-01-07 13:02:50,12,622
manual_capture_2026-01-07T07:28:36.737Z.jpg,2026-01-07 13:02:51,15,603
manual_capture_2026-01-07T07:28:37.131Z.jpg,2026-01-07 13:02:52,9,600
manual_capture_2026-01-07T07:28:38.289Z.jpg,2026-01-07 13:02:52,5,598
manual_capture_2026-01-07T07:28:38.327Z.jpg,2026-01-07 13:02:53,9,583
manual_capture_2026-01-07T07:28:38.537Z.jpg,2026-01-07 13:02:53,6,602
manual_capture_2026-01-07T07:28:38.811Z.jpg,2026-01-07 13:02:54,10,614
manual_capture_2026-01-07T07:28:39.362Z.jpg,2026-01-07 13:02:55,7,608
manual_capture_2026-01-07T07:28:39.459Z.jpg,2026-01-07 13:02:55,11,612
manual_capture_2026-01-07T07:28:39.670Z.jpg,2026-01-07 13:02:56,6,625
manual_capture_2026-01-07T07:28:39.950Z.jpg,2026-01-07 13:02:57,9,628
manual_capture_2026-01-07T07:28:40.160Z.jpg,2026-01-07 13:02:57,8,611
manual_capture_2026-01-07T07:28:40.408Z.jpg,2026-01-07 13:02:58,6,629
manual_capture_2026-01-07T07:28:40.657Z.jpg,2026-01-07 13:02:58,8,621
manual_capture_2026-01-07T07:28:41.124Z.jpg,2026-01-07 13:02:59,5,618
manual_capture_2026-01-07T07:28:41.437Z.jpg,2026-01-07 13:03:00,4,632
manual_capture_2026-01-07T07:28:41.683Z.jpg,2026-01-07 13:03:00,6,635
manual_capture_2026-01-07T07:28:41.924Z.jpg,2026-01-07 13:03:01,11,621
manual_capture_2026-01-07T07:28:42.820Z.jpg,2026-01-07 13:03:02,11,622
manual_capture_2026-01-07T07:28:42.885Z.jpg,2026-01-07 13:03:02,14,606
manual_capture_2026-01-07T07:28:43.276Z.jpg,2026-01-07 13:03:03,10,597
manual_capture_2026-01-07T07:28:43.439Z.jpg,2026-01-07 13:03:03,6,604
manual_capture_2026-01-07T07:28:44.124Z.jpg,2026-01-07 13:03:04,8,616
manual_capture_2026-01-07T07:28:44.433Z.jpg,2026-01-07 13:03:05,7,593
manual_capture_2026-01-07T07:28:45.245Z.jpg,2026-01-07 13:03:05,7,620
manual_capture_2026-01-07T07:28:45.349Z.jpg,2026-01-07 13:03:06,10,616
manual_capture_2026-01-07T07:28:45.692Z.jpg,2026-01-07 13:03:07,10,682
manual_capture_2026-01-07T07:28:45.958Z.jpg,2026-01-07 13:03:07,11,613
manual_capture_2026-01-07T07:28:46.552Z.jpg,2026-01-07 13:03:08,7,598
manual_capture_2026-01-07T07:28:47.047Z.jpg,2026-01-07 13:03:08,7,593
manual_capture_2026-01-07T07:28:47.846Z.jpg,2026-01-07 13:03:09,6,593
manual_capture_2026-01-07T07:28:48.061Z.jpg,2026-01-07 13:03:10,7,591
manual_capture_2026-01-07T07:28:48.202Z.jpg,2026-01-07 13:03:10,8,605
manual_capture_2026-01-07T07:28:48.431Z.jpg,2026-01-07 13:03:11,9,612
manual_capture_2026-01-07T07:28:48.555Z.jpg,2026-01-07 13:03:11,6,616
manual_capture_2026-01-07T07:28:49.223Z.jpg,2026-01-07 13:03:12,8,617
manual_capture_2026-01-07T07:28:49.374Z.jpg,2026-01-07 13:03:13,11,619
manual_capture_2026-01-07T07:28:50.297Z.jpg,2026-01-07 13:03:13,12,590
manual_capture_2026-01-07T07:28:50.451Z.jpg,2026-01-07 13:03:14,11,591
manual_capture_2026-01-07T07:28:50.838Z.jpg,2026-01-07 13:03:14,13,621
manual_capture_2026-01-07T07:28:51.332Z.jpg,2026-01-07 13:03:15,9,618
manual_capture_2026-01-07T07:28:51.508Z.jpg,2026-01-07 13:03:16,6,596
manual_capture_2026-01-07T07:28:52.219Z.jpg,2026-01-07 13:03:16,8,601
manual_capture_2026-01-07T07:28:52.730Z.jpg,2026-01-07 13:03:17,7,612
manual_capture_2026-01-07T07:28:52.772Z.jpg,2026-01-07 13:03:18,11,628
manual_capture_2026-01-07T07:28:53.148Z.jpg,2026-01-07 13:03:18,5,596
manual_capture_2026-01-07T07:28:53.645Z.jpg,2026-01-07 13:03:19,12,600
manual_capture_2026-01-07T07:28:53.710Z.jpg,2026-01-07 13:03:19,8,597
manual_capture_2026-01-07T07:28:53.866Z.jpg,2026-01-07 13:03:20,14,627
manual_capture_2026-01-07T07:28:54.428Z.jpg,2026-01-07 13:03:21,6,613
manual_capture_2026-01-07T07:28:54.455Z.jpg,2026-01-07 13:03:21,6,612
manual_capture_2026-01-07T07:28:54.862Z.jpg,2026-01-07 13:03:22,8,620
manual_capture_2026-01-07T07:28:55.462Z.jpg,2026-01-07 13:03:22,6,602
manual_capture_2026-01-07T07:28:55.525Z.jpg,2026-01-07 13:03:23,11,592
manual_capture_2026-01-07T07:28:55.835Z.jpg,2026-01-07 13:03:24,10,617
manual_capture_2026-01-07T07:28:56.090Z.jpg,2026-01-07 13:03:24,8,603
manual_capture_2026-01-07T07:28:56.171Z.jpg,2026-01-07 13:03:25,9,596
manual_capture_2026-01-07T07:28:56.407Z.jpg,2026-01-07 13:03:25,12,595
manual_capture_2026-01-07T07:28:56.623Z.jpg,2026-01-07 13:03:26,7,606
manual_capture_2026-01-07T07:28:56.805Z.jpg,2026-01-07 13:03:27,9,608
manual_capture_2026-01-07T07:28:57.191Z.jpg,2026-01-07 13:03:27,10,607
manual_capture_2026-01-07T07:28:58.086Z.jpg,2026-01-07 13:03:28,6,597
manual_capture_2026-01-07T07:28:58.255Z.jpg,2026-01-07 13:03:28,6,584
manual_capture_2026-01-07T07:28:58.478Z.jpg,2026-01-07 13:03:29,7,608
manual_capture_2026-01-07T07:28:58.738Z.jpg,2026-01-07 13:03:30,9,598
manual_capture_2026-01-07T07:28:59.248Z.jpg,2026-01-07 13:03:30,9,591
manual_capture_2026-01-07T07:28:59.905Z.jpg,2026-01-07 13:03:31,13,590
manual_capture_2026-01-07T07:29:00.135Z.jpg,2026-01-07 13:03:31,9,602
manual_capture_2026-01-07T07:29:00.228Z.jpg,2026-01-07 13:03:32,12,594
manual_capture_2026-01-07T07:29:00.651Z.jpg,2026-01-07 13:03:33,9,605
manual_capture_2026-01-07T07:29:00.898Z.jpg,2026-01-07 13:03:33,6,600
manual_capture_2026-01-07T07:29:01.393Z.jpg,2026-01-07 13:03:34,14,595
manual_capture_2026-01-07T07:29:01.563Z.jpg,2026-01-07 13:03:34,9,599
manual_capture_2026-01-07T07:29:01.779Z.jpg,2026-01-07 13:03:35,10,598
manual_capture_2026-01-07T07:29:02.086Z.jpg,2026-01-07 13:03:36,14,613
manual_capture_2026-01-07T07:29:02.456Z.jpg,2026-01-07 13:03:36,8,632
manual_capture_2026-01-07T07:29:02.810Z.jpg,2026-01-07 13:03:37,9,630
manual_capture_2026-01-07T07:29:02.991Z.jpg,2026-01-07 13:03:38,7,610
manual_capture_2026-01-07T07:29:03.161Z.jpg,2026-01-07 13:03:38,7,668
manual_capture_2026-01-07T07:29:03.396Z.jpg,2026-01-07 13:03:39,9,634
manual_capture_2026-01-07T07:29:04.260Z.jpg,2026-01-07 13:03:39,9,614
manual_capture_2026-01-07T07:29:04.366Z.jpg,2026-01-07 13:03:40,6,629
manual_capture_2026-01-07T07:29:04.644Z.jpg,2026-01-07 13:03:41,7,607
manual_capture_2026-01-07T07:29:04.963Z.jpg,2026-01-07 13:03:41,9,599
manual_capture_2026-01-07T07:29:05.279Z.jpg,2026-01-07 13:03:42,6,608
manual_capture_2026-01-07T07:29:05.464Z.jpg,2026-01-07 13:03:42,5,593
manual_capture_2026-01-07T07:29:05.750Z.jpg,2026-01-07 13:03:43,8,581
manual_capture_2026-01-07T07:29:06.909Z.jpg,2026-01-07 13:03:44,9,615
manual_capture_2026-01-07T07:29:07.312Z.jpg,2026-01-07 13:03:44,3,602
manual_capture_2026-01-07T07:29:07.383Z.jpg,2026-01-07 13:03:45,3,614
manual_capture_2026-01-07T07:29:07.768Z.jpg,2026-01-07 13:03:46,6,677
manual_capture_2026-01-07T07:29:07.841Z.jpg,2026-01-07 13:03:46,5,595
manual_capture_2026-01-07T07:29:08.097Z.jpg,2026-01-07 13:03:47,9,590
manual_capture_2026-01-07T07:29:08.390Z.jpg,2026-01-07 13:03:47,7,598
manual_capture_2026-01-07T07:29:08.886Z.jpg,2026-01-07 13:03:48,5,598
manual_capture_2026-01-07T07:29:09.369Z.jpg,2026-01-07 13:03:49,10,607
manual_capture_2026-01-07T07:29:09.754Z.jpg,2026-01-07 13:03:49,6,600
manual_capture_2026-01-07T07:29:10.277Z.jpg,2026-01-07 13:03:50,7,607
manual_capture_2026-01-07T07:29:10.355Z.jpg,2026-01-07 13:03:50,10,632
manual_capture_2026-01-07T07:29:10.556Z.jpg,2026-01-07 13:03:51,8,619
manual_capture_2026-01-07T07:29:10.828Z.jpg,2026-01-07 13:03:52,8,606
manual_capture_2026-01-07T07:29:11.347Z.jpg,2026-01-07 13:03:52,6,623
manual_capture_2026-01-07T07:29:12.629Z.jpg,2026-01-07 13:03:53,7,610
manual_capture_2026-01-07T07:29:13.372Z.jpg,2026-01-07 13:03:54,8,619
manual_capture_2026-01-07T07:29:13.559Z.jpg,2026-01-07 13:03:54,9,621
manual_capture_2026-01-07T07:29:13.949Z.jpg,2026-01-07 13:03:55,8,630
manual_capture_2026-01-07T07:29:14.159Z.jpg,2026-01-07 13:03:55,10,640
manual_capture_2026-01-07T07:29:14.457Z.jpg,2026-01-07 13:03:56,9,626
manual_capture_2026-01-07T07:29:14.728Z.jpg,2026-01-07 13:03:57,9,612
manual_capture_2026-01-07T07:29:15.076Z.jpg,2026-01-07 13:03:57,12,606
manual_capture_2026-01-07T07:29:15.703Z.jpg,2026-01-07 13:03:58,8,603
manual_capture_2026-01-07T07:29:15.771Z.jpg,2026-01-07 13:03:59,8,602
manual_capture_2026-01-07T07:29:16.131Z.jpg,2026-01-07 13:03:59,10,622
manual_capture_2026-01-07T07:29:16.661Z.jpg,2026-01-07 13:04:00,8,627
manual_capture_2026-01-07T07:29:16.949Z.jpg,2026-01-07 13:04:00,10,655
manual_capture_2026-01-07T07:29:17.650Z.jpg,2026-01-07 13:04:01,14,611
manual_capture_2026-01-07T07:29:17.797Z.jpg,2026-01-07 13:04:02,11,617
manual_capture_2026-01-07T07:29:18.144Z.jpg,2026-01-07 13:04:02,13,613
manual_capture_2026-01-07T07:29:19.166Z.jpg,2026-01-07 13:04:03,11,608
manual_capture_2026-01-07T07:29:20.372Z.jpg,2026-01-07 13:04:04,12,616
manual_capture_2026-01-07T07:29:21.220Z.jpg,2026-01-07 13:04:04,11,618
manual_capture_2026-01-07T07:29:21.729Z.jpg,2026-01-07 13:04:05,12,608
manual_capture_2026-01-07T07:29:22.144Z.jpg,2026-01-07 13:04:05,10,622
manual_capture_2026-01-07T07:29:22.419Z.jpg,2026-01-07 13:04:06,14,607
manual_capture_2026-01-07T07:29:23.218Z.jpg,2026-01-07 13:04:07,10,619
manual_capture_2026-01-07T07:29:23.323Z.jpg,2026-01-07 13:04:07,16,620
manual_capture_2026-01-07T07:29:23.641Z.jpg,2026-01-07 13:04:08,10,616
manual_capture_2026-01-07T07:29:23.916Z.jpg,2026-01-07 13:04:08,9,617
manual_capture_2026-01-07T07:29:24.683Z.jpg,2026-01-07 13:04:09,12,619
manual_capture_2026-01-07T07:29:25.129Z.jpg,2026-01-07 13:04:10,15,626
manual_capture_2026-01-07T07:29:25.338Z.jpg,2026-01-07 13:04:10,16,612
manual_capture_2026-01-07T07:29:25.631Z.jpg,2026-01-07 13:04:11,13,603
manual_capture_2026-01-07T07:29:26.131Z.jpg,2026-01-07 13:04:12,15,610
manual_capture_2026-01-07T07:29:26.253Z.jpg,2026-01-07 13:04:12,15,607
manual_capture_2026-01-07T07:29:26.671Z.jpg,2026-01-07 13:04:13,17,615
manual_capture_2026-01-07T07:29:26.946Z.jpg,2026-01-07 13:04:13,14,617
manual_capture_2026-01-07T07:29:27.287Z.jpg,2026-01-07 13:04:14,10,606
manual_capture_2026-01-07T07:29:27.700Z.jpg,2026-01-07 13:04:15,12,609
manual_capture_2026-01-07T07:29:27.820Z.jpg,2026-01-07 13:04:15,15,614
manual_capture_2026-01-07T07:29:28.276Z.jpg,2026-01-07 13:04:16,13,617
manual_capture_2026-01-07T07:29:28.892Z.jpg,2026-01-07 13:04:16,15,626
manual_capture_2026-01-07T07:29:29.057Z.jpg,2026-01-07 13:04:17,12,614
manual_capture_2026-01-07T07:29:29.242Z.jpg,2026-01-07 13:04:18,9,618
manual_capture_2026-01-07T07:29:29.889Z.jpg,2026-01-07 13:04:18,9,620
manual_capture_2026-01-07T07:29:29.918Z.jpg,2026-01-07 13:04:19,11,627
manual_capture_2026-01-07T07:29:30.260Z.jpg,2026-01-07 13:04:20,14,645
manual_capture_2026-01-07T07:29:30.291Z.jpg,2026-01-07 13:04:20,14,614
manual_capture_2026-01-07T07:29:30.535Z.jpg,2026-01-07 13:04:21,12,612
manual_capture_2026-01-07T07:29:30.744Z.jpg,2026-01-07 13:04:21,16,621
manual_capture_2026-01-07T07:29:31.118Z.jpg,2026-01-07 13:04:22,12,598
manual_capture_2026-01-07T07:29:31.548Z.jpg,2026-01-07 13:04:23,15,632
manual_capture_2026-01-07T07:29:31.549Z.jpg,2026-01-07 13:04:23,12,650
manual_capture_2026-01-07T07:29:31.831Z.jpg,2026-01-07 13:04:24,12,602
manual_capture_2026-01-07T07:29:32.337Z.jpg,2026-01-07 13:04:25,13,618
manual_capture_2026-01-07T07:29:33.082Z.jpg,2026-01-07 13:04:25,17,624
manual_capture_2026-01-07T07:29:33.157Z.jpg,2026-01-07 13:04:26,13,608
manual_capture_2026-01-07T07:29:33.632Z.jpg,2026-01-07 13:04:26,16,624
manual_capture_2026-01-07T07:29:33.838Z.jpg,2026-01-07 13:04:27,15,615
manual_capture_2026-01-07T07:29:34.299Z.jpg,2026-01-07 13:04:28,11,618
manual_capture_2026-01-07T07:29:34.810Z.jpg,2026-01-07 13:04:28,11,617
manual_capture_2026-01-07T07:29:37.108Z.jpg,2026-01-07 13:04:29,16,624
manual_capture_2026-01-07T07:29:37.641Z.jpg,2026-01-07 13:04:30,17,628
manual_capture_2026-01-07T07:29:39.049Z.jpg,2026-01-07 13:04:30,15,622
manual_capture_2026-01-07T07:29:41.180Z.jpg,2026-01-07 13:04:31,17,628
manual_capture_2026-01-07T07:29:42.068Z.jpg,2026-01-07 13:04:31,12,615
manual_capture_2026-01-07T07:29:42.924Z.jpg,2026-01-07 13:04:32,10,618
manual_capture_2026-01-07T07:29:45.408Z.jpg,2026-01-07 13:04:33,13,606
manual_capture_2026-01-07T07:29:45.727Z.jpg,2026-01-07 13:04:33,13,619
manual_capture_2026-01-07T07:29:46.899Z.jpg,2026-01-07 13:04:34,8,651
manual_capture_2026-01-07T07:29:49.099Z.jpg,2026-01-07 13:04:35,9,611
manual_capture_2026-01-07T07:29:49.866Z.jpg,2026-01-07 13:04:35,9,622
manual_capture_2026-01-07T07:29:51.250Z.jpg,2026-01-07 13:04:36,11,622
manual_capture_2026-01-07T07:29:53.199Z.jpg,2026-01-07 13:04:36,13,627
manual_capture_2026-01-07T07:29:54.194Z.jpg,2026-01-07 13:04:37,17,611
manual_capture_2026-01-07T07:29:54.896Z.jpg,2026-01-07 13:04:38,14,614
manual_capture_2026-01-07T07:29:58.247Z.jpg,2026-01-07 13:04:38,13,616
manual_capture_2026-01-07T07:29:58.322Z.jpg,2026-01-07 13:04:39,15,606
manual_capture_2026-01-07T07:29:59.519Z.jpg,2026-01-07 13:04:40,22,738
manual_capture_2026-01-07T07:30:01.809Z.jpg,2026-01-07 13:04:40,15,619
manual_capture_2026-01-07T07:30:02.048Z.jpg,2026-01-07 13:04:41,12,630
manual_capture_2026-01-07T07:30:03.104Z.jpg,2026-01-07 13:04:42,13,627
manual_capture_2026-01-07T07:30:05.233Z.jpg,2026-01-07 13:04:42,15,616
manual_capture_2026-01-07T07:30:05.820Z.jpg,2026-01-07 13:04:43,16,609
manual_capture_2026-01-07T07:30:07.087Z.jpg,2026-01-07 13:04:43,15,624
manual_capture_2026-01-07T07:30:09.151Z.jpg,2026-01-07 13:04:44,12,622
manual_capture_2026-01-07T07:30:09.755Z.jpg,2026-01-07 13:04:45,13,609
manual_capture_2026-01-07T07:30:11.306Z.jpg,2026-01-07 13:04:45,17,620
manual_capture_2026-01-07T07:30:13.184Z.jpg,2026-01-07 13:04:46,17,615
manual_capture_2026-01-07T07:30:13.934Z.jpg,2026-01-07 13:04:46,19,636
manual_capture_2026-01-07T07:30:15.054Z.jpg,2026-01-07 13:04:47,15,613
manual_capture_2026-01-07T07:30:17.335Z.jpg,2026-01-07 13:04:48,11,611
manual_capture_2026-01-07T07:30:18.121Z.jpg,2026-01-07 13:04:48,14,615
manual_capture_2026-01-07T07:30:19.180Z.jpg,2026-01-07 13:04:49,15,664
manual_capture_2026-01-07T07:30:21.756Z.jpg,2026-01-07 13:04:50,15,621
manual_capture_2026-01-07T07:30:22.056Z.jpg,2026-01-07 13:04:50,15,628
manual_capture_2026-01-07T07:30:23.334Z.jpg,2026-01-07 13:04:51,15,618
manual_capture_2026-01-07T07:30:25.445Z.jpg,2026-01-07 13:04:52,16,614
manual_capture_2026-01-07T07:30:26.268Z.jpg,2026-01-07 13:04:52,19,630
manual_capture_2026-01-07T07:30:27.204Z.jpg,2026-01-07 13:04:53,18,614
manual_capture_2026-01-07T07:30:29.328Z.jpg,2026-01-07 13:04:53,15,632
manual_capture_2026-01-07T07:30:29.942Z.jpg,2026-01-07 13:04:54,16,641
manual_capture_2026-01-07T07:30:30.855Z.jpg,2026-01-07 13:04:55,21,629
manual_capture_2026-01-07T07:30:33.293Z.jpg,2026-01-07 13:04:55,18,684
manual_capture_2026-01-07T07:30:33.884Z.jpg,2026-01-07 13:04:56,20,689
manual_capture_2026-01-07T07:30:34.788Z.jpg,2026-01-07 13:04:57,15,663
manual_capture_2026-01-07T07:30:37.099Z.jpg,2026-01-07 13:04:57,19,616
manual_capture_2026-01-07T07:30:38.019Z.jpg,2026-01-07 13:04:58,19,620
manual_capture_2026-01-07T07:30:38.806Z.jpg,2026-01-07 13:04:59,19,673
manual_capture_2026-01-07T07:30:41.176Z.jpg,2026-01-07 13:04:59,24,673
manual_capture_2026-01-07T07:30:41.821Z.jpg,2026-01-07 13:05:00,18,649
manual_capture_2026-01-07T07:30:43.207Z.jpg,2026-01-07 13:05:01,17,621
manual_capture_2026-01-07T07:30:45.338Z.jpg,2026-01-07 13:05:01,16,620
manual_capture_2026-01-07T07:30:45.823Z.jpg,2026-01-07 13:05:02,16,618
manual_capture_2026-01-07T07:30:46.812Z.jpg,2026-01-07 13:05:02,14,617
manual_capture_2026-01-07T07:30:49.376Z.jpg,2026-01-07 13:05:03,12,630
manual_capture_2026-01-07T07:30:49.762Z.jpg,2026-01-07 13:05:04,13,627
manual_capture_2026-01-07T07:30:51.024Z.jpg,2026-01-07 13:05:04,16,618
manual_capture_2026-01-07T07:30:53.272Z.jpg,2026-01-07 13:05:05,19,624
manual_capture_2026-01-07T07:30:54.233Z.jpg,2026-01-07 13:05:06,16,631
manual_capture_2026-01-07T07:30:55.007Z.jpg,2026-01-07 13:05:06,16,617
manual_capture_2026-01-07T07:30:57.771Z.jpg,2026-01-07 13:05:07,21,631
manual_capture_2026-01-07T07:30:57.921Z.jpg,2026-01-07 13:05:07,18,626
manual_capture_2026-01-07T07:30:59.360Z.jpg,2026-01-07 13:05:08,17,624
manual_capture_2026-01-07T07:31:01.156Z.jpg,2026-01-07 13:05:09,12,624
manual_capture_2026-01-07T07:31:01.797Z.jpg,2026-01-07 13:05:09,14,623
manual_capture_2026-01-07T07:31:03.129Z.jpg,2026-01-07 13:05:10,18,613
manual_capture_2026-01-07T07:31:05.525Z.jpg,2026-01-07 13:05:11,15,607
manual_capture_2026-01-07T07:31:05.876Z.jpg,2026-01-07 13:05:11,17,631
manual_capture_2026-01-07T07:31:07.222Z.jpg,2026-01-07 13:05:12,16,621
manual_capture_2026-01-07T07:31:10.428Z.jpg,2026-01-07 13:05:12,20,623
manual_capture_2026-01-07T07:31:10.677Z.jpg,2026-01-07 13:05:13,18,624
manual_capture_2026-01-07T07:31:11.036Z.jpg,2026-01-07 13:05:14,16,626
manual_capture_2026-01-07T07:31:16.054Z.jpg,2026-01-07 13:05:14,12,633
manual_capture_2026-01-07T07:31:16.981Z.jpg,2026-01-07 13:05:15,18,614
manual_capture_2026-01-07T07:31:18.385Z.jpg,2026-01-07 13:05:16,20,676
manual_capture_2026-01-07T07:31:19.450Z.jpg,2026-01-07 13:05:16,20,617
manual_capture_2026-01-07T07:31:19.463Z.jpg,2026-01-07 13:05:17,19,615
manual_capture_2026-01-07T07:31:19.654Z.jpg,2026-01-07 13:05:18,19,620
manual_capture_2026-01-07T07:31:21.134Z.jpg,2026-01-07 13:05:18,13,630
manual_capture_2026-01-07T07:31:21.873Z.jpg,2026-01-07 13:05:19,19,623
manual_capture_2026-01-07T07:31:22.833Z.jpg,2026-01-07 13:05:19,17,622
manual_capture_2026-01-07T07:31:25.875Z.jpg,2026-01-07 13:05:20,17,609
manual_capture_2026-01-07T07:31:26.063Z.jpg,2026-01-07 13:05:21,14,621
manual_capture_2026-01-07T07:31:27.206Z.jpg,2026-01-07 13:05:21,12,609
manual_capture_2026-01-07T07:31:29.532Z.jpg,2026-01-07 13:05:22,12,616
manual_capture_2026-01-07T07:31:30.022Z.jpg,2026-01-07 13:05:22,16,613
manual_capture_2026-01-07T07:31:31.063Z.jpg,2026-01-07 13:05:23,12,633
manual_capture_2026-01-07T07:31:33.540Z.jpg,2026-01-07 13:05:24,12,620
manual_capture_2026-01-07T07:31:35.858Z.jpg,2026-01-07 13:05:24,13,615
manual_capture_2026-01-07T07:31:36.401Z.jpg,2026-01-07 13:05:25,15,649
manual_capture_2026-01-07T07:31:37.168Z.jpg,2026-01-07 13:05:26,18,618
manual_capture_2026-01-07T07:31:37.719Z.jpg,2026-01-07 13:05:26,13,620
manual_capture_2026-01-07T07:31:39.034Z.jpg,2026-01-07 13:05:27,13,644
manual_capture_2026-01-07T07:31:41.476Z.jpg,2026-01-07 13:05:28,17,617
manual_capture_2026-01-07T07:31:42.296Z.jpg,2026-01-07 13:05:28,17,608
manual_capture_2026-01-07T07:31:43.020Z.jpg,2026-01-07 13:05:29,17,614
manual_capture_2026-01-07T07:31:45.209Z.jpg,2026-01-07 13:05:29,14,600
manual_capture_2026-01-07T07:31:45.728Z.jpg,2026-01-07 13:05:30,12,638
manual_capture_2026-01-07T07:31:49.192Z.jpg,2026-01-07 13:05:31,17,617
manual_capture_2026-01-07T07:31:49.297Z.jpg,2026-01-07 13:05:31,13,617
manual_capture_2026-01-07T07:31:50.173Z.jpg,2026-01-07 13:05:32,12,616
manual_capture_2026-01-07T07:31:51.185Z.jpg,2026-01-07 13:05:32,13,609
manual_capture_2026-01-07T07:31:54.299Z.jpg,2026-01-07 13:05:33,11,608
manual_capture_2026-01-07T07:31:54.576Z.jpg,2026-01-07 13:05:34,12,617
manual_capture_2026-01-07T07:31:55.332Z.jpg,2026-01-07 13:05:34,10,617
manual_capture_2026-01-07T07:31:57.266Z.jpg,2026-01-07 13:05:35,13,643
manual_capture_2026-01-07T07:31:57.799Z.jpg,2026-01-07 13:05:36,13,633
manual_capture_2026-01-07T07:31:58.918Z.jpg,2026-01-07 13:05:36,9,620
manual_capture_2026-01-07T07:32:01.064Z.jpg,2026-01-07 13:05:37,13,614
manual_capture_2026-01-07T07:32:05.750Z.jpg,2026-01-07 13:05:37,17,607
manual_capture_2026-01-07T07:32:06.354Z.jpg,2026-01-07 13:05:38,14,603
manual_capture_2026-01-07T07:32:07.029Z.jpg,2026-01-07 13:05:39,13,622
manual_capture_2026-01-07T07:32:07.936Z.jpg,2026-01-07 13:05:39,12,624
manual_capture_2026-01-07T07:32:09.122Z.jpg,2026-01-07 13:05:40,15,606
manual_capture_2026-01-07T07:32:10.909Z.jpg,2026-01-07 13:05:41,12,620
manual_capture_2026-01-07T07:32:14.449Z.jpg,2026-01-07 13:05:41,14,605
manual_capture_2026-01-07T07:32:14.837Z.jpg,2026-01-07 13:05:42,16,609
manual_capture_2026-01-07T07:32:15.647Z.jpg,2026-01-07 13:05:42,17,609
manual_capture_2026-01-07T07:32:17.075Z.jpg,2026-01-07 13:05:43,10,614
manual_capture_2026-01-07T07:32:17.454Z.jpg,2026-01-07 13:05:44,12,618
manual_capture_2026-01-07T07:32:17.798Z.jpg,2026-01-07 13:05:44,9,620
manual_capture_2026-01-07T07:32:18.259Z.jpg,2026-01-07 13:05:45,10,610
manual_capture_2026-01-07T07:32:19.768Z.jpg,2026-01-07 13:05:45,9,649
manual_capture_2026-01-07T07:32:21.904Z.jpg,2026-01-07 13:05:46,12,627
manual_capture_2026-01-07T07:32:22.514Z.jpg,2026-01-07 13:05:47,9,627
manual_capture_2026-01-07T07:32:24.368Z.jpg,2026-01-07 13:05:50,14,656
manual_capture_2026-01-07T07:32:29.134Z.jpg,2026-01-07 13:05:51,13,613
manual_capture_2026-01-07T07:32:32.382Z.jpg,2026-01-07 13:05:52,16,608
manual_capture_2026-01-07T07:32:32.986Z.jpg,2026-01-07 13:05:52,14,625
manual_capture_2026-01-07T07:32:33.611Z.jpg,2026-01-07 13:05:53,18,612
manual_capture_2026-01-07T07:32:33.970Z.jpg,2026-01-07 13:05:54,15,614
manual_capture_2026-01-07T07:32:36.888Z.jpg,2026-01-07 13:05:54,12,635
manual_capture_2026-01-07T07:32:38.990Z.jpg,2026-01-07 13:05:55,17,655
manual_capture_2026-01-07T07:32:40.032Z.jpg,2026-01-07 13:05:55,17,629
manual_capture_2026-01-07T07:32:42.042Z.jpg,2026-01-07 13:05:56,18,648
manual_capture_2026-01-07T07:32:42.915Z.jpg,2026-01-07 13:05:57,13,637
manual_capture_2026-01-07T07:32:43.057Z.jpg,2026-01-07 13:05:57,14,616
manual_capture_2026-01-07T07:32:43.252Z.jpg,2026-01-07 13:05:58,12,614
manual_capture_2026-01-07T07:32:46.360Z.jpg,2026-01-07 13:05:59,15,624
manual_capture_2026-01-07T07:32:46.742Z.jpg,2026-01-07 13:05:59,17,616
manual_capture_2026-01-07T07:32:46.978Z.jpg,2026-01-07 13:06:00,17,621
manual_capture_2026-01-07T07:32:48.191Z.jpg,2026-01-07 13:06:00,17,614
manual_capture_2026-01-07T07:32:48.789Z.jpg,2026-01-07 13:06:01,16,624
manual_capture_2026-01-07T07:32:48.991Z.jpg,2026-01-07 13:06:02,18,619
manual_capture_2026-01-07T07:32:49.787Z.jpg,2026-01-07 13:06:02,24,687
manual_capture_2026-01-07T07:32:50.650Z.jpg,2026-01-07 13:06:03,14,606
manual_capture_2026-01-07T07:32:51.357Z.jpg,2026-01-07 13:06:04,18,616
manual_capture_2026-01-07T07:32:57.521Z.jpg,2026-01-07 13:06:04,14,614
manual_capture_2026-01-07T07:32:58.938Z.jpg,2026-01-07 13:06:05,16,608
manual_capture_2026-01-07T07:32:59.234Z.jpg,2026-01-07 13:06:05,18,611
manual_capture_2026-01-07T07:33:00.179Z.jpg,2026-01-07 13:06:06,13,709
manual_capture_2026-01-07T07:33:00.320Z.jpg,2026-01-07 13:06:07,22,619
manual_capture_2026-01-07T07:33:00.452Z.jpg,2026-01-07 13:06:07,13,609
manual_capture_2026-01-07T07:33:01.279Z.jpg,2026-01-07 13:06:08,13,622
manual_capture_2026-01-07T07:33:02.565Z.jpg,2026-01-07 13:06:09,13,621
manual_capture_2026-01-07T07:33:03.149Z.jpg,2026-01-07 13:06:09,13,622
manual_capture_2026-01-07T07:33:05.524Z.jpg,2026-01-07 13:06:10,15,616
manual_capture_2026-01-07T07:33:06.315Z.jpg,2026-01-07 13:06:11,9,621
manual_capture_2026-01-07T07:33:07.578Z.jpg,2026-01-07 13:06:11,10,609
manual_capture_2026-01-07T07:33:10.741Z.jpg,2026-01-07 13:06:12,11,628
manual_capture_2026-01-07T07:33:11.498Z.jpg,2026-01-07 13:06:12,9,605
manual_capture_2026-01-07T07:33:17.366Z.jpg,2026-01-07 13:06:13,13,622
manual_capture_2026-01-07T07:33:20.195Z.jpg,2026-01-07 13:06:14,13,615
manual_capture_2026-01-07T07:33:22.286Z.jpg,2026-01-07 13:06:14,8,610
manual_capture_2026-01-07T07:33:36.924Z.jpg,2026-01-07 13:06:15,9,616
manual_capture_2026-01-07T07:33:38.721Z.jpg,2026-01-07 13:06:15,10,614
manual_capture_2026-01-07T07:33:39.650Z.jpg,2026-01-07 13:06:16,13,612
manual_capture_2026-01-07T07:33:40.135Z.jpg,2026-01-07 13:06:17,11,656
manual_capture_2026-01-07T07:33:41.939Z.jpg,2026-01-07 13:06:17,10,623
manual_capture_2026-01-07T07:33:43.824Z.jpg,2026-01-07 13:06:18,11,618
manual_capture_2026-01-07T07:33:44.839Z.jpg,2026-01-07 13:06:19,9,614
manual_capture_2026-01-07T07:33:45.775Z.jpg,2026-01-07 13:06:19,14,613
manual_capture_2026-01-07T07:33:49.952Z.jpg,2026-01-07 13:06:20,11,608
manual_capture_2026-01-07T07:33:50.924Z.jpg,2026-01-07 13:06:20,11,611
manual_capture_2026-01-07T07:33:52.582Z.jpg,2026-01-07 13:06:21,11,610
manual_capture_2026-01-07T07:33:55.031Z.jpg,2026-01-07 13:06:22,14,621
manual_capture_2026-01-07T07:33:56.597Z.jpg,2026-01-07 13:06:22,10,625
manual_capture_2026-01-07T07:33:58.013Z.jpg,2026-01-07 13:06:23,11,634
manual_capture_2026-01-07T07:33:59.007Z.jpg,2026-01-07 13:06:24,10,631
manual_capture_2026-01-07T07:34:01.522Z.jpg,2026-01-07 13:06:24,12,609
manual_capture_2026-01-07T07:34:02.482Z.jpg,2026-01-07 13:06:25,13,616
manual_capture_2026-01-07T07:34:06.522Z.jpg,2026-01-07 13:06:25,10,620
manual_capture_2026-01-07T07:34:15.068Z.jpg,2026-01-07 13:06:26,12,614
manual_capture_2026-01-07T07:34:17.028Z.jpg,2026-01-07 13:06:27,17,621
manual_capture_2026-01-07T07:34:17.678Z.jpg,2026-01-07 13:06:27,12,627
manual_capture_2026-01-07T07:34:18.304Z.jpg,2026-01-07 13:06:28,13,617
manual_capture_2026-01-07T07:34:18.899Z.jpg,2026-01-07 13:06:29,15,627
manual_capture_2026-01-07T07:34:19.763Z.jpg,2026-01-07 13:06:29,12,618
manual_capture_2026-01-07T07:34:20.575Z.jpg,2026-01-07 13:06:30,15,637
manual_capture_2026-01-07T07:34:21.546Z.jpg,2026-01-07 13:06:30,15,603
manual_capture_2026-01-07T07:34:22.191Z.jpg,2026-01-07 13:06:31,16,637
manual_capture_2026-01-07T07:34:23.043Z.jpg,2026-01-07 13:06:32,16,634
manual_capture_2026-01-07T07:34:24.194Z.jpg,2026-01-07 13:06:32,15,621
manual_capture_2026-01-07T07:34:25.428Z.jpg,2026-01-07 13:06:33,16,636
manual_capture_2026-01-07T07:34:26.080Z.jpg,2026-01-07 13:06:34,9,598
manual_capture_2026-01-07T07:34:26.371Z.jpg,2026-01-07 13:06:34,12,616
manual_capture_2026-01-07T07:34:26.783Z.jpg,2026-01-07 13:06:35,13,603
manual_capture_2026-01-07T07:34:27.603Z.jpg,2026-01-07 13:06:35,11,603
manual_capture_2026-01-07T07:34:28.031Z.jpg,2026-01-07 13:06:36,12,611
manual_capture_2026-01-07T07:34:29.070Z.jpg,2026-01-07 13:06:37,14,608
manual_capture_2026-01-07T07:34:29.735Z.jpg,2026-01-07 13:06:37,10,607
manual_capture_2026-01-07T07:34:30.412Z.jpg,2026-01-07 13:06:38,19,611
manual_capture_2026-01-07T07:34:31.722Z.jpg,2026-01-07 13:06:38,10,617
manual_capture_2026-01-07T07:34:34.059Z.jpg,2026-01-07 13:06:39,8,619
manual_capture_2026-01-07T07:34:36.147Z.jpg,2026-01-07 13:06:40,11,610
manual_capture_2026-01-07T07:34:37.112Z.jpg,2026-01-07 13:06:40,12,626
manual_capture_2026-01-07T07:34:38.357Z.jpg,2026-01-07 13:06:41,12,619
manual_capture_2026-01-07T07:34:38.563Z.jpg,2026-01-07 13:06:42,12,631
manual_capture_2026-01-07T07:34:39.933Z.jpg,2026-01-07 13:06:42,14,612
manual_capture_2026-01-07T07:34:40.385Z.jpg,2026-01-07 13:06:43,13,623
manual_capture_2026-01-07T07:34:43.576Z.jpg,2026-01-07 13:06:43,14,610
manual_capture_2026-01-07T07:34:44.483Z.jpg,2026-01-07 13:06:44,12,617
manual_capture_2026-01-07T07:34:44.591Z.jpg,2026-01-07 13:06:45,15,622
manual_capture_2026-01-07T07:34:46.404Z.jpg,2026-01-07 13:06:45,16,630
manual_capture_2026-01-07T07:34:47.177Z.jpg,2026-01-07 13:06:46,13,617
manual_capture_2026-01-07T07:34:48.387Z.jpg,2026-01-07 13:06:47,13,624
manual_capture_2026-01-07T07:34:48.880Z.jpg,2026-01-07 13:06:47,11,614
manual_capture_2026-01-07T07:34:49.912Z.jpg,2026-01-07 13:06:48,15,600
manual_capture_2026-01-07T07:34:50.441Z.jpg,2026-01-07 13:06:48,13,600
manual_capture_2026-01-07T07:34:51.545Z.jpg,2026-01-07 13:06:49,13,606
manual_capture_2026-01-07T07:34:53.408Z.jpg,2026-01-07 13:06:50,12,614
manual_capture_2026-01-07T07:34:57.585Z.jpg,2026-01-07 13:06:50,11,612
manual_capture_2026-01-07T07:34:58.129Z.jpg,2026-01-07 13:06:51,12,648
manual_capture_2026-01-07T07:34:58.587Z.jpg,2026-01-07 13:06:52,16,662
manual_capture_2026-01-07T07:35:03.206Z.jpg,2026-01-07 13:06:52,13,613
manual_capture_2026-01-07T07:35:06.701Z.jpg,2026-01-07 13:06:53,13,610
manual_capture_2026-01-07T07:35:07.595Z.jpg,2026-01-07 13:06:53,15,611
manual_capture_2026-01-07T07:35:10.564Z.jpg,2026-01-07 13:06:54,17,609
manual_capture_2026-01-07T07:35:11.572Z.jpg,2026-01-07 13:06:55,14,626
manual_capture_2026-01-07T07:35:13.514Z.jpg,2026-01-07 13:06:55,13,617
manual_capture_2026-01-07T07:35:14.441Z.jpg,2026-01-07 13:06:56,11,628
manual_capture_2026-01-07T07:35:15.026Z.jpg,2026-01-07 13:06:56,10,634
manual_capture_2026-01-07T07:35:15.867Z.jpg,2026-01-07 13:06:57,13,628
manual_capture_2026-01-07T07:35:22.231Z.jpg,2026-01-07 13:06:58,12,629
manual_capture_2026-01-07T07:35:22.690Z.jpg,2026-01-07 13:06:58,11,621
manual_capture_2026-01-07T07:35:23.464Z.jpg,2026-01-07 13:06:59,11,617
manual_capture_2026-01-07T07:35:25.456Z.jpg,2026-01-07 13:07:00,10,613
manual_capture_2026-01-07T07:35:26.390Z.jpg,2026-01-07 13:07:00,12,615
manual_capture_2026-01-07T07:35:26.731Z.jpg,2026-01-07 13:07:01,10,619
manual_capture_2026-01-07T07:35:27.408Z.jpg,2026-01-07 13:07:01,11,621
manual_capture_2026-01-07T07:35:27.519Z.jpg,2026-01-07 13:07:02,13,640
manual_capture_2026-01-07T07:35:29.129Z.jpg,2026-01-07 13:07:03,7,615
manual_capture_2026-01-07T07:35:31.656Z.jpg,2026-01-07 13:07:03,15,616
manual_capture_2026-01-07T07:35:32.180Z.jpg,2026-01-07 13:07:04,8,616
manual_capture_2026-01-07T07:35:34.074Z.jpg,2026-01-07 13:07:05,8,613
manual_capture_2026-01-07T07:35:38.761Z.jpg,2026-01-07 13:07:05,6,595
manual_capture_2026-01-07T07:35:38.763Z.jpg,2026-01-07 13:07:06,12,623
manual_capture_2026-01-07T07:35:39.503Z.jpg,2026-01-07 13:07:06,8,637
manual_capture_2026-01-07T07:35:41.355Z.jpg,2026-01-07 13:07:07,10,621
manual_capture_2026-01-07T07:35:42.275Z.jpg,2026-01-07 13:07:08,16,617
manual_capture_2026-01-07T07:35:44.124Z.jpg,2026-01-07 13:07:08,10,613
manual_capture_2026-01-07T07:35:44.938Z.jpg,2026-01-07 13:07:09,14,612
manual_capture_2026-01-07T07:35:45.437Z.jpg,2026-01-07 13:07:10,16,612
manual_capture_2026-01-07T07:35:46.102Z.jpg,2026-01-07 13:07:10,13,616
manual_capture_2026-01-07T07:35:46.794Z.jpg,2026-01-07 13:07:11,13,619
manual_capture_2026-01-07T07:35:46.905Z.jpg,2026-01-07 13:07:11,10,622
manual_capture_2026-01-07T07:35:48.116Z.jpg,2026-01-07 13:07:12,9,615
manual_capture_2026-01-07T07:35:49.219Z.jpg,2026-01-07 13:07:13,16,616
manual_capture_2026-01-07T07:35:51.812Z.jpg,2026-01-07 13:07:16,15,665
manual_capture_2026-01-07T07:35:52.666Z.jpg,2026-01-07 13:07:17,16,619
manual_capture_2026-01-07T07:35:53.828Z.jpg,2026-01-07 13:07:18,15,607
manual_capture_2026-01-07T07:35:54.761Z.jpg,2026-01-07 13:07:18,16,612
manual_capture_2026-01-07T07:35:56.329Z.jpg,2026-01-07 13:07:19,8,602
manual_capture_2026-01-07T07:35:57.003Z.jpg,2026-01-07 13:07:19,12,645
manual_capture_2026-01-07T07:35:57.449Z.jpg,2026-01-07 13:07:20,12,637
manual_capture_2026-01-07T07:35:58.502Z.jpg,2026-01-07 13:07:21,15,617
manual_capture_2026-01-07T07:36:02.122Z.jpg,2026-01-07 13:07:21,14,613
manual_capture_2026-01-07T07:36:07.347Z.jpg,2026-01-07 13:07:22,9,675
manual_capture_2026-01-07T07:36:12.494Z.jpg,2026-01-07 13:07:23,9,633
manual_capture_2026-01-07T07:36:14.529Z.jpg,2026-01-07 13:07:23,9,620
manual_capture_2026-01-07T07:36:16.840Z.jpg,2026-01-07 13:07:24,14,616
manual_capture_2026-01-07T07:36:23.197Z.jpg,2026-01-07 13:07:24,10,615
manual_capture_2026-01-07T07:36:27.921Z.jpg,2026-01-07 13:07:25,12,622
manual_capture_2026-01-07T07:36:29.300Z.jpg,2026-01-07 13:07:26,11,618
manual_capture_2026-01-07T07:36:41.683Z.jpg,2026-01-07 13:07:26,12,631
manual_capture_2026-01-07T07:36:41.992Z.jpg,2026-01-07 13:07:27,9,616
manual_capture_2026-01-07T07:36:45.164Z.jpg,2026-01-07 13:07:28,10,613
manual_capture_2026-01-07T07:36:47.966Z.jpg,2026-01-07 13:07:28,10,606
manual_capture_2026-01-07T07:36:52.900Z.jpg,2026-01-07 13:07:29,10,628
manual_capture_2026-01-07T07:37:04.155Z.jpg,2026-01-07 13:07:29,6,601
manual_capture_2026-01-07T07:37:06.306Z.jpg,2026-01-07 13:07:30,12,616
manual_capture_2026-01-07T07:37:07.150Z.jpg,2026-01-07 13:07:31,11,607
manual_capture_2026-01-07T07:37:15.675Z.jpg,2026-01-07 13:07:31,9,644
manual_capture_2026-01-07T07:37:15.683Z.jpg,2026-01-07 13:07:32,6,616
manual_capture_2026-01-07T07:37:34.951Z.jpg,2026-01-07 13:07:36,13,655
manual_capture_2026-01-07T07:37:39.207Z.jpg,2026-01-07 13:07:42,9,647
manual_capture_2026-01-07T07:37:40.428Z.jpg,2026-01-07 13:07:43,14,609
manual_capture_2026-01-07T07:37:45.169Z.jpg,2026-01-07 13:07:47,9,637
manual_capture_2026-01-07T07:37:46.009Z.jpg,2026-01-07 13:07:47,8,620
manual_capture_2026-01-07T07:37:47.134Z.jpg,2026-01-07 13:07:51,9,648
manual_capture_2026-01-07T07:37:50.971Z.jpg,2026-01-07 13:07:54,7,641
manual_capture_2026-01-07T07:37:53.430Z.jpg,2026-01-07 13:07:55,9,619
manual_capture_2026-01-07T07:37:56.516Z.jpg,2026-01-07 13:07:59,12,655
manual_capture_2026-01-07T07:37:57.203Z.jpg,2026-01-07 13:07:59,11,614
manual_capture_2026-01-07T07:38:00.317Z.jpg,2026-01-07 13:08:03,11,681
manual_capture_2026-01-07T07:38:01.502Z.jpg,2026-01-07 13:08:04,10,630
manual_capture_2026-01-07T07:38:01.853Z.jpg,2026-01-07 13:08:04,9,631
manual_capture_2026-01-07T07:38:02.212Z.jpg,2026-01-07 13:08:05,10,615
manual_capture_2026-01-07T07:38:04.997Z.jpg,2026-01-07 13:08:09,11,657
manual_capture_2026-01-07T07:38:08.957Z.jpg,2026-01-07 13:08:12,9,650
manual_capture_2026-01-07T07:38:33.132Z.jpg,2026-01-07 13:08:34,11,743
manual_capture_2026-01-07T07:38:35.038Z.jpg,2026-01-07 13:08:38,14,668
manual_capture_2026-01-07T07:38:36.105Z.jpg,2026-01-07 13:08:38,7,626
manual_capture_2026-01-07T07:38:36.846Z.jpg,2026-01-07 13:08:39,9,627
manual_capture_2026-01-07T07:38:38.481Z.jpg,2026-01-07 13:08:43,12,664
manual_capture_2026-01-07T07:38:42.919Z.jpg,2026-01-07 13:08:46,12,716
manual_capture_2026-01-07T07:38:48.622Z.jpg,2026-01-07 13:08:50,13,669
manual_capture_2026-01-07T07:38:49.110Z.jpg,2026-01-07 13:08:51,10,632
manual_capture_2026-01-07T07:38:49.164Z.jpg,2026-01-07 13:08:51,17,605
manual_capture_2026-01-07T07:38:59.966Z.jpg,2026-01-07 13:09:01,12,709
manual_capture_2026-01-07T07:39:03.601Z.jpg,2026-01-07 13:09:05,15,666
manual_capture_2026-01-07T07:39:04.618Z.jpg,2026-01-07 13:09:05,17,629
manual_capture_2026-01-07T07:39:05.943Z.jpg,2026-01-07 13:09:09,15,656
manual_capture_2026-01-07T07:39:09.416Z.jpg,2026-01-07 13:09:13,13,665
manual_capture_2026-01-07T07:39:11.581Z.jpg,2026-01-07 13:09:13,11,601
manual_capture_2026-01-07T07:39:13.231Z.jpg,2026-01-07 13:09:17,15,657
manual_capture_2026-01-07T07:39:14.982Z.jpg,2026-01-07 13:09:18,14,617
manual_capture_2026-01-07T07:39:16.078Z.jpg,2026-01-07 13:09:18,13,623
manual_capture_2026-01-07T07:39:16.766Z.jpg,2026-01-07 13:09:19,10,620
manual_capture_2026-01-07T07:39:17.879Z.jpg,2026-01-07 13:09:23,14,660
manual_capture_2026-01-07T07:39:18.298Z.jpg,2026-01-07 13:09:23,12,614
manual_capture_2026-01-07T07:39:19.884Z.jpg,2026-01-07 13:09:24,12,616
manual_capture_2026-01-07T07:39:20.323Z.jpg,2026-01-07 13:09:24,8,618
manual_capture_2026-01-07T07:39:22.713Z.jpg,2026-01-07 13:09:28,11,651
manual_capture_2026-01-07T07:39:26.630Z.jpg,2026-01-07 13:09:29,13,611
manual_capture_2026-01-07T07:39:27.559Z.jpg,2026-01-07 13:09:29,14,633
manual_capture_2026-01-07T07:39:28.450Z.jpg,2026-01-07 13:09:33,15,669
manual_capture_2026-01-07T07:39:30.851Z.jpg,2026-01-07 13:09:34,14,652
manual_capture_2026-01-07T07:39:33.229Z.jpg,2026-01-07 13:09:37,15,661
manual_capture_2026-01-07T07:39:33.232Z.jpg,2026-01-07 13:09:38,10,621
manual_capture_2026-01-07T07:39:37.403Z.jpg,2026-01-07 13:09:42,10,646
manual_capture_2026-01-07T07:39:37.982Z.jpg,2026-01-07 13:09:42,10,620
manual_capture_2026-01-07T07:39:38.665Z.jpg,2026-01-07 13:09:43,9,614
manual_capture_2026-01-07T07:39:40.778Z.jpg,2026-01-07 13:09:44,13,610
manual_capture_2026-01-07T07:39:43.307Z.jpg,2026-01-07 13:09:47,9,667
manual_capture_2026-01-07T07:39:45.565Z.jpg,2026-01-07 13:09:48,14,612
manual_capture_2026-01-07T07:39:46.664Z.jpg,2026-01-07 13:09:48,10,617
manual_capture_2026-01-07T07:39:48.042Z.jpg,2026-01-07 13:09:52,13,656
manual_capture_2026-01-07T07:39:48.940Z.jpg,2026-01-07 13:09:53,14,605
manual_capture_2026-01-07T07:39:49.472Z.jpg,2026-01-07 13:09:53,10,632
manual_capture_2026-01-07T07:39:49.498Z.jpg,2026-01-07 13:09:54,9,636
manual_capture_2026-01-07T07:39:50.522Z.jpg,2026-01-07 13:09:55,9,632
manual_capture_2026-01-07T07:39:51.614Z.jpg,2026-01-07 13:09:55,11,625
manual_capture_2026-01-07T07:39:52.524Z.jpg,2026-01-07 13:09:59,12,657
manual_capture_2026-01-07T07:39:53.366Z.jpg,2026-01-07 13:10:00,12,628
manual_capture_2026-01-07T07:39:54.053Z.jpg,2026-01-07 13:10:00,11,634
manual_capture_2026-01-07T07:39:54.674Z.jpg,2026-01-07 13:10:01,11,605
manual_capture_2026-01-07T07:39:55.443Z.jpg,2026-01-07 13:10:01,12,610
manual_capture_2026-01-07T07:39:56.518Z.jpg,2026-01-07 13:10:02,16,617
manual_capture_2026-01-07T07:39:57.451Z.jpg,2026-01-07 13:10:03,8,622
manual_capture_2026-01-07T07:40:04.813Z.jpg,2026-01-07 13:10:06,10,650
manual_capture_2026-01-07T07:40:07.067Z.jpg,2026-01-07 13:10:10,11,661
manual_capture_2026-01-07T07:40:08.331Z.jpg,2026-01-07 13:10:11,10,622
manual_capture_2026-01-07T07:40:10.413Z.jpg,2026-01-07 13:10:14,10,641
manual_capture_2026-01-07T07:40:15.114Z.jpg,2026-01-07 13:10:18,11,633
manual_capture_2026-01-07T07:40:15.688Z.jpg,2026-01-07 13:10:19,13,616
manual_capture_2026-01-07T07:40:19.873Z.jpg,2026-01-07 13:10:22,14,663
manual_capture_2026-01-07T07:40:20.207Z.jpg,2026-01-07 13:10:23,14,609
manual_capture_2026-01-07T07:40:20.350Z.jpg,2026-01-07 13:10:24,14,633
manual_capture_2026-01-07T07:40:21.552Z.jpg,2026-01-07 13:10:24,15,613
manual_capture_2026-01-07T07:40:23.779Z.jpg,2026-01-07 13:10:28,15,672
manual_capture_2026-01-07T07:40:28.641Z.jpg,2026-01-07 13:10:31,12,648
manual_capture_2026-01-07T07:40:34.496Z.jpg,2026-01-07 13:10:35,12,651
manual_capture_2026-01-07T07:40:39.227Z.jpg,2026-01-07 13:10:42,14,665
manual_capture_2026-01-07T07:40:40.125Z.jpg,2026-01-07 13:10:42,9,611
manual_capture_2026-01-07T07:40:41.373Z.jpg,2026-01-07 13:10:43,12,619
manual_capture_2026-01-07T07:40:41.768Z.jpg,2026-01-07 13:10:47,10,641
manual_capture_2026-01-07T07:40:42.713Z.jpg,2026-01-07 13:10:47,14,613
manual_capture_2026-01-07T07:40:48.156Z.jpg,2026-01-07 13:10:51,18,664
manual_capture_2026-01-07T07:40:49.239Z.jpg,2026-01-07 13:10:52,17,619
manual_capture_2026-01-07T07:40:49.426Z.jpg,2026-01-07 13:10:52,14,621
manual_capture_2026-01-07T07:40:53.446Z.jpg,2026-01-07 13:10:56,12,664
manual_capture_2026-01-07T07:41:00.356Z.jpg,2026-01-07 13:11:03,15,701
manual_capture_2026-01-07T07:41:00.496Z.jpg,2026-01-07 13:11:03,12,630
manual_capture_2026-01-07T07:41:01.364Z.jpg,2026-01-07 13:11:04,15,628
manual_capture_2026-01-07T07:41:08.522Z.jpg,2026-01-07 13:11:11,9,665
manual_capture_2026-01-07T07:41:18.656Z.jpg,2026-01-07 13:11:20,4,635
manual_capture_2026-01-07T07:41:18.765Z.jpg,2026-01-07 13:11:21,7,614
manual_capture_2026-01-07T07:41:18.909Z.jpg,2026-01-07 13:11:22,10,625
manual_capture_2026-01-07T07:41:21.426Z.jpg,2026-01-07 13:11:25,15,687
manual_capture_2026-01-07T07:41:26.860Z.jpg,2026-01-07 13:11:29,11,654
manual_capture_2026-01-07T07:41:28.372Z.jpg,2026-01-07 13:11:30,14,638
manual_capture_2026-01-07T07:41:30.068Z.jpg,2026-01-07 13:11:33,13,660
manual_capture_2026-01-07T07:41:30.122Z.jpg,2026-01-07 13:11:34,13,629
manual_capture_2026-01-07T07:41:32.163Z.jpg,2026-01-07 13:11:35,14,609
manual_capture_2026-01-07T07:41:33.831Z.jpg,2026-01-07 13:11:38,14,651
manual_capture_2026-01-07T07:41:41.644Z.jpg,2026-01-07 13:11:42,11,656
manual_capture_2026-01-07T07:41:45.489Z.jpg,2026-01-07 13:11:49,9,669
manual_capture_2026-01-07T07:41:48.521Z.jpg,2026-01-07 13:11:52,12,642
manual_capture_2026-01-07T07:41:49.405Z.jpg,2026-01-07 13:11:53,12,616
manual_capture_2026-01-07T07:41:49.744Z.jpg,2026-01-07 13:11:53,10,603
manual_capture_2026-01-07T07:41:53.162Z.jpg,2026-01-07 13:11:57,12,655
manual_capture_2026-01-07T07:41:53.589Z.jpg,2026-01-07 13:11:58,11,615
manual_capture_2026-01-07T07:41:54.578Z.jpg,2026-01-07 13:11:58,14,611
manual_capture_2026-01-07T07:41:55.863Z.jpg,2026-01-07 13:11:59,11,613
manual_capture_2026-01-07T07:41:55.917Z.jpg,2026-01-07 13:12:00,10,604
manual_capture_2026-01-07T07:41:56.439Z.jpg,2026-01-07 13:12:00,10,646
manual_capture_2026-01-07T07:41:58.853Z.jpg,2026-01-07 13:12:04,12,643
manual_capture_2026-01-07T07:41:59.110Z.jpg,2026-01-07 13:12:05,15,624
manual_capture_2026-01-07T07:42:00.435Z.jpg,2026-01-07 13:12:05,15,614
manual_capture_2026-01-07T07:42:00.756Z.jpg,2026-01-07 13:12:06,16,612
manual_capture_2026-01-07T07:42:03.886Z.jpg,2026-01-07 13:12:09,10,635
manual_capture_2026-01-07T07:42:04.430Z.jpg,2026-01-07 13:12:10,10,623
manual_capture_2026-01-07T07:42:04.723Z.jpg,2026-01-07 13:12:11,16,630
manual_capture_2026-01-07T07:42:05.078Z.jpg,2026-01-07 13:12:11,11,617
manual_capture_2026-01-07T07:42:06.694Z.jpg,2026-01-07 13:12:12,14,633
manual_capture_2026-01-07T07:42:17.200Z.jpg,2026-01-07 13:12:19,17,666
manual_capture_2026-01-07T07:42:21.010Z.jpg,2026-01-07 13:12:22,11,679
manual_capture_2026-01-07T07:42:22.734Z.jpg,2026-01-07 13:12:26,15,649
manual_capture_2026-01-07T07:42:24.582Z.jpg,2026-01-07 13:12:27,15,616
manual_capture_2026-01-07T07:42:25.099Z.jpg,2026-01-07 13:12:27,14,685
manual_capture_2026-01-07T07:42:25.595Z.jpg,2026-01-07 13:12:28,11,630
manual_capture_2026-01-07T07:42:26.597Z.jpg,2026-01-07 13:12:32,13,662
manual_capture_2026-01-07T07:42:26.989Z.jpg,2026-01-07 13:12:32,13,607
manual_capture_2026-01-07T07:42:44.541Z.jpg,2026-01-07 13:12:45,15,652
manual_capture_2026-01-07T07:42:52.463Z.jpg,2026-01-07 13:12:55,13,689
manual_capture_2026-01-07T07:42:52.498Z.jpg,2026-01-07 13:12:55,13,635
manual_capture_2026-01-07T07:42:55.906Z.jpg,2026-01-07 13:12:59,13,666
manual_capture_2026-01-07T07:43:00.751Z.jpg,2026-01-07 13:13:03,8,655
manual_capture_2026-01-07T07:43:01.341Z.jpg,2026-01-07 13:13:03,16,628
manual_capture_2026-01-07T07:43:15.837Z.jpg,2026-01-07 13:13:19,16,649
manual_capture_2026-01-07T07:43:17.155Z.jpg,2026-01-07 13:13:20,13,625
manual_capture_2026-01-07T07:43:17.189Z.jpg,2026-01-07 13:13:20,14,619
manual_capture_2026-01-07T07:43:18.663Z.jpg,2026-01-07 13:13:21,14,613
manual_capture_2026-01-07T07:43:20.888Z.jpg,2026-01-07 13:13:25,14,663
manual_capture_2026-01-07T07:43:26.706Z.jpg,2026-01-07 13:13:28,14,665
manual_capture_2026-01-07T07:43:27.538Z.jpg,2026-01-07 13:13:29,11,621
manual_capture_2026-01-07T07:43:27.539Z.jpg,2026-01-07 13:13:29,14,623
manual_capture_2026-01-07T07:43:28.526Z.jpg,2026-01-07 13:13:33,13,646
manual_capture_2026-01-07T07:43:29.712Z.jpg,2026-01-07 13:13:34,14,621
manual_capture_2026-01-07T07:43:30.956Z.jpg,2026-01-07 13:13:34,13,630
manual_capture_2026-01-07T07:43:34.219Z.jpg,2026-01-07 13:13:38,10,676
manual_capture_2026-01-07T07:43:36.140Z.jpg,2026-01-07 13:13:39,12,618
manual_capture_2026-01-07T07:43:58.430Z.jpg,2026-01-07 13:14:00,18,671
manual_capture_2026-01-07T07:44:04.792Z.jpg,2026-01-07 13:14:07,14,667
manual_capture_2026-01-07T07:44:06.401Z.jpg,2026-01-07 13:14:08,11,603
manual_capture_2026-01-07T07:44:19.120Z.jpg,2026-01-07 13:14:21,11,659
manual_capture_2026-01-07T07:44:19.143Z.jpg,2026-01-07 13:14:21,8,624
manual_capture_2026-01-07T07:44:23.168Z.jpg,2026-01-07 13:14:25,11,669
manual_capture_2026-01-07T07:44:24.117Z.jpg,2026-01-07 13:14:25,12,650
manual_capture_2026-01-07T07:44:24.828Z.jpg,2026-01-07 13:14:29,15,690
manual_capture_2026-01-07T07:44:29.089Z.jpg,2026-01-07 13:14:33,15,667
manual_capture_2026-01-07T07:44:29.143Z.jpg,2026-01-07 13:14:33,12,626
manual_capture_2026-01-07T07:44:29.321Z.jpg,2026-01-07 13:14:34,13,632
manual_capture_2026-01-07T07:44:29.973Z.jpg,2026-01-07 13:14:35,13,612
manual_capture_2026-01-07T07:44:31.096Z.jpg,2026-01-07 13:14:35,16,626
manual_capture_2026-01-07T07:44:31.215Z.jpg,2026-01-07 13:14:36,14,614
manual_capture_2026-01-07T07:44:35.255Z.jpg,2026-01-07 13:14:40,12,661
manual_capture_2026-01-07T07:44:35.693Z.jpg,2026-01-07 13:14:40,14,626
manual_capture_2026-01-07T07:44:36.384Z.jpg,2026-01-07 13:14:41,12,626
manual_capture_2026-01-07T07:44:38.203Z.jpg,2026-01-07 13:14:42,13,617
manual_capture_2026-01-07T07:44:41.626Z.jpg,2026-01-07 13:14:45,15,740
manual_capture_2026-01-07T07:44:44.784Z.jpg,2026-01-07 13:14:46,11,638
manual_capture_2026-01-07T07:44:46.487Z.jpg,2026-01-07 13:14:50,11,638
manual_capture_2026-01-07T07:44:50.699Z.jpg,2026-01-07 13:14:53,12,665
manual_capture_2026-01-07T07:44:50.759Z.jpg,2026-01-07 13:14:54,14,639
manual_capture_2026-01-07T07:44:59.008Z.jpg,2026-01-07 13:15:01,14,666
manual_capture_2026-01-07T07:45:01.746Z.jpg,2026-01-07 13:15:04,13,644
manual_capture_2026-01-07T07:45:08.584Z.jpg,2026-01-07 13:15:11,15,679
manual_capture_2026-01-07T07:45:11.451Z.jpg,2026-01-07 13:15:15,16,648
manual_capture_2026-01-07T07:45:15.463Z.jpg,2026-01-07 13:15:18,11,656
manual_capture_2026-01-07T07:45:54.019Z.jpg,2026-01-07 13:15:55,10,679
manual_capture_2026-01-07T07:46:15.624Z.jpg,2026-01-07 13:16:17,17,678
manual_capture_2026-01-07T07:46:20.233Z.jpg,2026-01-07 13:16:21,10,641
manual_capture_2026-01-07T07:46:21.681Z.jpg,2026-01-07 13:16:24,9,666
manual_capture_2026-01-07T07:46:23.415Z.jpg,2026-01-07 13:16:25,14,635
manual_capture_2026-01-07T07:46:25.347Z.jpg,2026-01-07 13:16:29,15,668
manual_capture_2026-01-07T07:46:26.541Z.jpg,2026-01-07 13:16:29,12,634
manual_capture_2026-01-07T07:46:29.345Z.jpg,2026-01-07 13:16:33,13,646
manual_capture_2026-01-07T07:46:53.179Z.jpg,2026-01-07 13:16:55,13,698
manual_capture_2026-01-07T07:47:08.030Z.jpg,2026-01-07 13:17:11,13,683
manual_capture_2026-01-07T07:47:10.005Z.jpg,2026-01-07 13:17:11,11,620
manual_capture_2026-01-07T07:47:19.150Z.jpg,2026-01-07 13:17:21,15,655
manual_capture_2026-01-07T07:47:26.402Z.jpg,2026-01-07 13:17:28,13,647
manual_capture_2026-01-07T07:47:42.087Z.jpg,2026-01-07 13:17:43,17,650
manual_capture_2026-01-07T07:47:48.834Z.jpg,2026-01-07 13:17:50,11,652
manual_capture_2026-01-07T07:47:52.476Z.jpg,2026-01-07 13:17:54,17,654
manual_capture_2026-01-07T07:47:52.492Z.jpg,2026-01-07 13:17:54,16,633
manual_capture_2026-01-07T07:47:56.322Z.jpg,2026-01-07 13:17:58,10,651
manual_capture_2026-01-07T07:48:04.933Z.jpg,2026-01-07 13:18:08,11,673
manual_capture_2026-01-07T07:48:04.984Z.jpg,2026-01-07 13:18:08,11,639
manual_capture_2026-01-07T07:48:05.593Z.jpg,2026-01-07 13:18:09,7,624
manual_capture_2026-01-07T07:48:27.366Z.jpg,2026-01-07 13:18:28,7,671
manual_capture_2026-01-07T07:48:33.983Z.jpg,2026-01-07 13:18:34,10,654
manual_capture_2026-01-07T07:48:34.447Z.jpg,2026-01-07 13:18:38,13,646
manual_capture_2026-01-07T07:48:35.392Z.jpg,2026-01-07 13:18:39,18,634
manual_capture_2026-01-07T07:48:35.610Z.jpg,2026-01-07 13:18:39,15,623
manual_capture_2026-01-07T07:48:38.041Z.jpg,2026-01-07 13:18:43,17,665
manual_capture_2026-01-07T07:48:39.563Z.jpg,2026-01-07 13:18:44,14,616
manual_capture_2026-01-07T07:48:39.690Z.jpg,2026-01-07 13:18:44,16,634
manual_capture_2026-01-07T07:48:40.068Z.jpg,2026-01-07 13:18:45,13,626
manual_capture_2026-01-07T07:48:40.934Z.jpg,2026-01-07 13:18:45,11,620
manual_capture_2026-01-07T07:48:42.257Z.jpg,2026-01-07 13:18:46,11,615
manual_capture_2026-01-07T07:48:42.726Z.jpg,2026-01-07 13:18:47,9,621
manual_capture_2026-01-07T07:48:43.288Z.jpg,2026-01-07 13:18:50,11,654
manual_capture_2026-01-07T07:48:43.432Z.jpg,2026-01-07 13:18:51,13,620
manual_capture_2026-01-07T07:48:43.658Z.jpg,2026-01-07 13:18:52,9,628
manual_capture_2026-01-07T07:48:45.636Z.jpg,2026-01-07 13:18:52,11,613
manual_capture_2026-01-07T07:48:46.705Z.jpg,2026-01-07 13:18:53,10,608
manual_capture_2026-01-07T07:48:47.213Z.jpg,2026-01-07 13:18:53,8,617
manual_capture_2026-01-07T07:48:49.846Z.jpg,2026-01-07 13:18:54,8,629
manual_capture_2026-01-07T07:48:50.445Z.jpg,2026-01-07 13:18:58,12,652
manual_capture_2026-01-07T07:48:50.700Z.jpg,2026-01-07 13:18:58,10,628
manual_capture_2026-01-07T07:48:51.770Z.jpg,2026-01-07 13:18:59,7,634
manual_capture_2026-01-07T07:48:51.962Z.jpg,2026-01-07 13:19:00,7,657
manual_capture_2026-01-07T07:48:54.688Z.jpg,2026-01-07 13:19:00,9,647
manual_capture_2026-01-07T07:48:55.544Z.jpg,2026-01-07 13:19:01,8,620
manual_capture_2026-01-07T07:48:55.632Z.jpg,2026-01-07 13:19:02,10,640
manual_capture_2026-01-07T07:48:57.774Z.jpg,2026-01-07 13:19:05,6,648
manual_capture_2026-01-07T07:48:59.137Z.jpg,2026-01-07 13:19:06,8,615
manual_capture_2026-01-07T07:48:59.200Z.jpg,2026-01-07 13:19:07,10,618
manual_capture_2026-01-07T07:49:01.222Z.jpg,2026-01-07 13:19:07,12,624
manual_capture_2026-01-07T07:49:04.945Z.jpg,2026-01-07 13:19:08,9,608
manual_capture_2026-01-07T07:49:09.788Z.jpg,2026-01-07 13:19:11,10,664
manual_capture_2026-01-07T07:49:09.878Z.jpg,2026-01-07 13:19:12,12,611
manual_capture_2026-01-07T07:49:09.919Z.jpg,2026-01-07 13:19:13,10,608
manual_capture_2026-01-07T07:49:11.956Z.jpg,2026-01-07 13:19:16,5,652
manual_capture_2026-01-07T07:49:18.625Z.jpg,2026-01-07 13:19:20,5,658
manual_capture_2026-01-07T07:49:26.149Z.jpg,2026-01-07 13:19:27,9,647
manual_capture_2026-01-07T07:49:35.479Z.jpg,2026-01-07 13:19:36,12,634
manual_capture_2026-01-07T07:49:39.570Z.jpg,2026-01-07 13:19:40,12,649
manual_capture_2026-01-07T07:49:40.067Z.jpg,2026-01-07 13:19:44,9,660
manual_capture_2026-01-07T07:49:41.366Z.jpg,2026-01-07 13:19:44,9,605
manual_capture_2026-01-07T07:49:42.425Z.jpg,2026-01-07 13:19:45,9,597
manual_capture_2026-01-07T07:49:42.548Z.jpg,2026-01-07 13:19:46,9,613
manual_capture_2026-01-07T07:49:43.508Z.jpg,2026-01-07 13:19:46,12,623
manual_capture_2026-01-07T07:49:44.903Z.jpg,2026-01-07 13:19:50,9,669
manual_capture_2026-01-07T07:49:48.074Z.jpg,2026-01-07 13:19:50,14,615
manual_capture_2026-01-07T07:49:48.894Z.jpg,2026-01-07 13:19:51,13,629
manual_capture_2026-01-07T07:49:49.909Z.jpg,2026-01-07 13:19:55,11,653
manual_capture_2026-01-07T07:49:50.288Z.jpg,2026-01-07 13:19:55,16,625
manual_capture_2026-01-07T07:49:53.744Z.jpg,2026-01-07 13:19:56,9,621
manual_capture_2026-01-07T07:50:00.112Z.jpg,2026-01-07 13:20:03,12,657
manual_capture_2026-01-07T07:50:01.650Z.jpg,2026-01-07 13:20:03,6,622
manual_capture_2026-01-07T07:50:03.467Z.jpg,2026-01-07 13:20:07,6,679
manual_capture_2026-01-07T07:50:04.690Z.jpg,2026-01-07 13:20:08,7,614
manual_capture_2026-01-07T07:50:05.333Z.jpg,2026-01-07 13:20:08,13,609
manual_capture_2026-01-07T07:50:07.896Z.jpg,2026-01-07 13:20:12,11,658
manual_capture_2026-01-07T07:50:07.906Z.jpg,2026-01-07 13:20:13,7,633
manual_capture_2026-01-07T07:50:09.495Z.jpg,2026-01-07 13:20:13,12,629
manual_capture_2026-01-07T07:50:12.067Z.jpg,2026-01-07 13:20:17,11,673
manual_capture_2026-01-07T07:50:12.486Z.jpg,2026-01-07 13:20:18,10,629
manual_capture_2026-01-07T07:50:13.302Z.jpg,2026-01-07 13:20:18,10,623
manual_capture_2026-01-07T07:50:21.379Z.jpg,2026-01-07 13:20:22,14,673
manual_capture_2026-01-07T07:50:21.775Z.jpg,2026-01-07 13:20:26,12,662
manual_capture_2026-01-07T07:50:24.164Z.jpg,2026-01-07 13:20:26,9,618
manual_capture_2026-01-07T07:50:25.849Z.jpg,2026-01-07 13:20:30,7,676
manual_capture_2026-01-07T07:50:27.308Z.jpg,2026-01-07 13:20:30,5,616
manual_capture_2026-01-07T07:50:29.324Z.jpg,2026-01-07 13:20:31,11,612
manual_capture_2026-01-07T07:50:30.447Z.jpg,2026-01-07 13:20:35,11,667
manual_capture_2026-01-07T07:50:37.609Z.jpg,2026-01-07 13:20:38,6,677
manual_capture_2026-01-07T07:50:37.732Z.jpg,2026-01-07 13:20:39,6,618
manual_capture_2026-01-07T07:50:37.740Z.jpg,2026-01-07 13:20:40,7,625
manual_capture_2026-01-07T07:50:38.901Z.jpg,2026-01-07 13:20:43,6,657
manual_capture_2026-01-07T07:50:40.945Z.jpg,2026-01-07 13:20:44,5,618
manual_capture_2026-01-07T07:50:41.629Z.jpg,2026-01-07 13:20:45,12,630
manual_capture_2026-01-07T07:50:42.044Z.jpg,2026-01-07 13:20:45,7,627
manual_capture_2026-01-07T07:50:43.626Z.jpg,2026-01-07 13:20:49,7,664
manual_capture_2026-01-07T07:50:44.841Z.jpg,2026-01-07 13:20:50,7,639
manual_capture_2026-01-07T07:50:47.441Z.jpg,2026-01-07 13:20:50,9,603
manual_capture_2026-01-07T07:50:49.350Z.jpg,2026-01-07 13:20:54,7,642
manual_capture_2026-01-07T07:50:51.338Z.jpg,2026-01-07 13:20:54,8,619
manual_capture_2026-01-07T07:50:52.827Z.jpg,2026-01-07 13:20:55,10,635
manual_capture_2026-01-07T07:50:57.425Z.jpg,2026-01-07 13:20:59,8,696
manual_capture_2026-01-07T07:50:57.457Z.jpg,2026-01-07 13:20:59,10,632
manual_capture_2026-01-07T07:51:04.117Z.jpg,2026-01-07 13:21:06,11,681
manual_capture_2026-01-07T07:51:04.365Z.jpg,2026-01-07 13:21:07,5,633
manual_capture_2026-01-07T07:51:04.796Z.jpg,2026-01-07 13:21:07,7,624
manual_capture_2026-01-07T07:51:05.663Z.jpg,2026-01-07 13:21:08,11,624
manual_capture_2026-01-07T07:51:07.138Z.jpg,2026-01-07 13:21:12,12,662
manual_capture_2026-01-07T07:51:07.503Z.jpg,2026-01-07 13:21:12,15,608
manual_capture_2026-01-07T07:51:08.253Z.jpg,2026-01-07 13:21:13,12,640
manual_capture_2026-01-07T07:51:11.429Z.jpg,2026-01-07 13:21:14,5,657
manual_capture_2026-01-07T07:51:13.589Z.jpg,2026-01-07 13:21:17,12,663
manual_capture_2026-01-07T07:51:13.911Z.jpg,2026-01-07 13:21:18,9,613
manual_capture_2026-01-07T07:51:14.484Z.jpg,2026-01-07 13:21:19,9,622
manual_capture_2026-01-07T07:51:14.975Z.jpg,2026-01-07 13:21:19,8,632
manual_capture_2026-01-07T07:51:15.083Z.jpg,2026-01-07 13:21:20,7,606
manual_capture_2026-01-07T07:51:16.244Z.jpg,2026-01-07 13:21:20,6,615
manual_capture_2026-01-07T07:51:16.782Z.jpg,2026-01-07 13:21:21,7,621
manual_capture_2026-01-07T07:51:18.592Z.jpg,2026-01-07 13:21:25,7,679
manual_capture_2026-01-07T07:51:20.128Z.jpg,2026-01-07 13:21:25,7,621
manual_capture_2026-01-07T07:51:20.625Z.jpg,2026-01-07 13:21:26,4,610
manual_capture_2026-01-07T07:51:21.705Z.jpg,2026-01-07 13:21:27,8,612
manual_capture_2026-01-07T07:51:22.712Z.jpg,2026-01-07 13:21:27,11,608
manual_capture_2026-01-07T07:51:23.328Z.jpg,2026-01-07 13:21:28,7,635
manual_capture_2026-01-07T07:51:23.656Z.jpg,2026-01-07 13:21:29,11,668
manual_capture_2026-01-07T07:51:24.450Z.jpg,2026-01-07 13:21:29,10,646
manual_capture_2026-01-07T07:51:24.750Z.jpg,2026-01-07 13:21:33,9,651
manual_capture_2026-01-07T07:51:24.909Z.jpg,2026-01-07 13:21:33,9,637
manual_capture_2026-01-07T07:51:27.925Z.jpg,2026-01-07 13:21:34,8,616
manual_capture_2026-01-07T07:51:33.684Z.jpg,2026-01-07 13:21:38,6,729
manual_capture_2026-01-07T07:51:40.515Z.jpg,2026-01-07 13:21:42,7,695
manual_capture_2026-01-07T07:51:42.160Z.jpg,2026-01-07 13:21:45,7,664
manual_capture_2026-01-07T07:51:51.390Z.jpg,2026-01-07 13:21:52,9,716
manual_capture_2026-01-07T07:51:53.623Z.jpg,2026-01-07 13:21:56,5,689
manual_capture_2026-01-07T07:51:53.637Z.jpg,2026-01-07 13:21:56,7,632
manual_capture_2026-01-07T07:52:05.511Z.jpg,2026-01-07 13:22:06,6,758
manual_capture_2026-01-07T07:52:06.862Z.jpg,2026-01-07 13:22:10,5,672
manual_capture_2026-01-07T07:52:10.315Z.jpg,2026-01-07 13:22:13,5,650
manual_capture_2026-01-07T07:52:11.583Z.jpg,2026-01-07 13:22:14,8,618
manual_capture_2026-01-07T07:52:20.647Z.jpg,2026-01-07 13:22:24,9,646
manual_capture_2026-01-07T07:52:26.262Z.jpg,2026-01-07 13:22:27,8,656
manual_capture_2026-01-07T07:52:26.875Z.jpg,2026-01-07 13:22:28,5,605
manual_capture_2026-01-07T07:52:27.343Z.jpg,2026-01-07 13:22:32,10,642
manual_capture_2026-01-07T07:52:29.327Z.jpg,2026-01-07 13:22:32,6,654
manual_capture_2026-01-07T07:52:30.549Z.jpg,2026-01-07 13:22:33,7,608
manual_capture_2026-01-07T07:52:35.581Z.jpg,2026-01-07 13:22:37,5,725
manual_capture_2026-01-07T07:52:35.611Z.jpg,2026-01-07 13:22:37,6,691
manual_capture_2026-01-07T07:52:36.934Z.jpg,2026-01-07 13:22:41,12,746
manual_capture_2026-01-07T07:52:38.855Z.jpg,2026-01-07 13:22:42,5,641
manual_capture_2026-01-07T07:52:39.403Z.jpg,2026-01-07 13:22:43,4,746
manual_capture_2026-01-07T07:52:39.418Z.jpg,2026-01-07 13:22:43,4,595
manual_capture_2026-01-07T07:52:40.338Z.jpg,2026-01-07 13:22:44,11,612
manual_capture_2026-01-07T07:52:40.621Z.jpg,2026-01-07 13:22:44,7,625
manual_capture_2026-01-07T07:52:43.185Z.jpg,2026-01-07 13:22:48,3,673
manual_capture_2026-01-07T07:52:45.058Z.jpg,2026-01-07 13:22:49,5,639
manual_capture_2026-01-07T07:52:45.707Z.jpg,2026-01-07 13:22:49,4,667
manual_capture_2026-01-07T07:52:47.673Z.jpg,2026-01-07 13:22:50,3,639
manual_capture_2026-01-07T07:52:49.056Z.jpg,2026-01-07 13:22:54,4,1227
manual_capture_2026-01-07T07:52:51.777Z.jpg,2026-01-07 13:22:55,7,795
manual_capture_2026-01-07T07:52:56.288Z.jpg,2026-01-07 13:22:59,4,1172
manual_capture_2026-01-07T07:52:57.125Z.jpg,2026-01-07 13:23:00,3,973
manual_capture_2026-01-07T07:52:59.202Z.jpg,2026-01-07 13:23:04,6,954
manual_capture_2026-01-07T07:53:00.603Z.jpg,2026-01-07 13:23:05,5,740
manual_capture_2026-01-07T07:53:00.846Z.jpg,2026-01-07 13:23:06,4,658
manual_capture_2026-01-07T07:53:05.911Z.jpg,2026-01-07 13:23:09,4,722
manual_capture_2026-01-07T07:53:07.447Z.jpg,2026-01-07 13:23:10,3,605
manual_capture_2026-01-07T07:53:08.353Z.jpg,2026-01-07 13:23:11,7,677
manual_capture_2026-01-07T07:53:08.952Z.jpg,2026-01-07 13:23:11,4,706
manual_capture_2026-01-07T07:53:09.010Z.jpg,2026-01-07 13:23:12,7,636
manual_capture_2026-01-07T07:53:15.288Z.jpg,2026-01-07 13:23:16,6,663
manual_capture_2026-01-07T07:53:20.509Z.jpg,2026-01-07 13:23:22,7,751
manual_capture_2026-01-07T07:53:23.499Z.jpg,2026-01-07 13:23:26,6,689
manual_capture_2026-01-07T07:53:25.853Z.jpg,2026-01-07 13:23:27,9,622
manual_capture_2026-01-07T07:53:28.902Z.jpg,2026-01-07 13:23:30,9,690
manual_capture_2026-01-07T07:53:36.989Z.jpg,2026-01-07 13:23:40,8,727
manual_capture_2026-01-07T07:53:41.981Z.jpg,2026-01-07 13:23:44,5,667
manual_capture_2026-01-07T07:53:45.735Z.jpg,2026-01-07 13:23:48,11,729
manual_capture_2026-01-07T07:53:53.900Z.jpg,2026-01-07 13:23:54,7,889
manual_capture_2026-01-07T07:53:53.982Z.jpg,2026-01-07 13:23:55,9,667
manual_capture_2026-01-07T07:53:55.994Z.jpg,2026-01-07 13:23:59,6,691
manual_capture_2026-01-07T07:54:00.525Z.jpg,2026-01-07 13:24:03,7,762
manual_capture_2026-01-07T07:54:01.673Z.jpg,2026-01-07 13:24:03,8,649
manual_capture_2026-01-07T07:54:05.783Z.jpg,2026-01-07 13:24:07,3,743
manual_capture_2026-01-07T07:54:07.645Z.jpg,2026-01-07 13:24:11,9,698
manual_capture_2026-01-07T07:54:10.847Z.jpg,2026-01-07 13:24:14,2,693
manual_capture_2026-01-07T07:54:11.590Z.jpg,2026-01-07 13:24:15,2,676
manual_capture_2026-01-07T07:54:11.938Z.jpg,2026-01-07 13:24:16,3,668
manual_capture_2026-01-07T07:54:12.485Z.jpg,2026-01-07 13:24:16,2,667
manual_capture_2026-01-07T07:54:15.387Z.jpg,2026-01-07 13:24:20,3,717
manual_capture_2026-01-07T07:54:17.123Z.jpg,2026-01-07 13:24:21,2,667
manual_capture_2026-01-07T07:54:17.390Z.jpg,2026-01-07 13:24:22,7,731
manual_capture_2026-01-07T07:54:21.129Z.jpg,2026-01-07 13:24:25,3,731
manual_capture_2026-01-07T07:54:21.165Z.jpg,2026-01-07 13:24:26,6,680
manual_capture_2026-01-07T07:54:21.759Z.jpg,2026-01-07 13:24:27,4,678
manual_capture_2026-01-07T07:54:21.924Z.jpg,2026-01-07 13:24:27,6,682
manual_capture_2026-01-07T07:54:27.238Z.jpg,2026-01-07 13:24:31,10,942
manual_capture_2026-01-07T07:54:29.519Z.jpg,2026-01-07 13:24:32,9,753
manual_capture_2026-01-07T07:54:29.545Z.jpg,2026-01-07 13:24:33,7,708
manual_capture_2026-01-07T07:54:34.122Z.jpg,2026-01-07 13:24:37,6,790
manual_capture_2026-01-07T07:54:45.536Z.jpg,2026-01-07 13:24:46,14,791
manual_capture_2026-01-07T07:54:47.576Z.jpg,2026-01-07 13:24:50,8,730
manual_capture_2026-01-07T07:54:48.029Z.jpg,2026-01-07 13:24:51,15,682
manual_capture_2026-01-07T07:54:49.569Z.jpg,2026-01-07 13:24:52,12,703
manual_capture_2026-01-07T07:54:53.042Z.jpg,2026-01-07 13:24:55,9,800
manual_capture_2026-01-07T07:54:54.168Z.jpg,2026-01-07 13:24:56,10,732
manual_capture_2026-01-07T07:54:55.215Z.jpg,2026-01-07 13:25:00,15,824
manual_capture_2026-01-07T07:54:55.699Z.jpg,2026-01-07 13:25:01,12,710
manual_capture_2026-01-07T07:55:00.499Z.jpg,2026-01-07 13:25:04,11,824
manual_capture_2026-01-07T07:55:16.671Z.jpg,2026-01-07 13:25:17,10,991
manual_capture_2026-01-07T07:55:39.118Z.jpg,2026-01-07 13:25:42,9,834
manual_capture_2026-01-07T07:55:47.610Z.jpg,2026-01-07 13:25:49,10,680
manual_capture_2026-01-07T07:56:11.691Z.jpg,2026-01-07 13:26:14,8,867
manual_capture_2026-01-07T07:56:11.694Z.jpg,2026-01-07 13:26:15,10,665
manual_capture_2026-01-07T07:56:14.034Z.jpg,2026-01-07 13:26:18,8,675
manual_capture_2026-01-07T07:56:17.932Z.jpg,2026-01-07 13:26:19,5,664
manual_capture_2026-01-07T07:56:22.430Z.jpg,2026-01-07 13:26:26,8,735
manual_capture_2026-01-07T07:56:41.538Z.jpg,2026-01-07 13:26:44,9,688
manual_capture_2026-01-07T07:56:46.130Z.jpg,2026-01-07 13:26:48,11,659
manual_capture_2026-01-07T07:57:04.089Z.jpg,2026-01-07 13:27:07,8,775
manual_capture_2026-01-07T07:57:05.816Z.jpg,2026-01-07 13:27:08,9,653
manual_capture_2026-01-07T07:57:09.123Z.jpg,2026-01-07 13:27:11,5,727
manual_capture_2026-01-07T07:57:11.922Z.jpg,2026-01-07 13:27:15,8,686
manual_capture_2026-01-07T07:57:14.991Z.jpg,2026-01-07 13:27:19,8,669
manual_capture_2026-01-07T07:57:15.803Z.jpg,2026-01-07 13:27:19,8,679
manual_capture_2026-01-07T07:57:18.650Z.jpg,2026-01-07 13:27:23,6,701
manual_capture_2026-01-07T07:57:21.534Z.jpg,2026-01-07 13:27:24,8,722
manual_capture_2026-01-07T07:57:22.437Z.jpg,2026-01-07 13:27:24,6,680
manual_capture_2026-01-07T07:57:23.253Z.jpg,2026-01-07 13:27:28,11,689
manual_capture_2026-01-07T07:57:26.688Z.jpg,2026-01-07 13:27:29,7,647
manual_capture_2026-01-07T07:57:27.131Z.jpg,2026-01-07 13:27:29,9,659
manual_capture_2026-01-07T07:57:27.831Z.jpg,2026-01-07 13:27:30,7,634
manual_capture_2026-01-07T07:57:29.475Z.jpg,2026-01-07 13:27:34,8,671
manual_capture_2026-01-07T07:57:29.680Z.jpg,2026-01-07 13:27:34,9,639
manual_capture_2026-01-07T07:57:30.773Z.jpg,2026-01-07 13:27:35,11,677
manual_capture_2026-01-07T07:57:34.241Z.jpg,2026-01-07 13:27:39,8,664
manual_capture_2026-01-07T07:57:40.888Z.jpg,2026-01-07 13:27:42,10,683
manual_capture_2026-01-07T07:57:42.311Z.jpg,2026-01-07 13:27:46,11,707
manual_capture_2026-01-07T07:57:45.031Z.jpg,2026-01-07 13:27:47,8,631
manual_capture_2026-01-07T07:58:01.410Z.jpg,2026-01-07 13:28:03,9,820
manual_capture_2026-01-07T07:58:03.741Z.jpg,2026-01-07 13:28:06,16,741
manual_capture_2026-01-07T07:58:05.535Z.jpg,2026-01-07 13:28:07,11,725
manual_capture_2026-01-07T07:58:06.873Z.jpg,2026-01-07 13:28:11,11,636
manual_capture_2026-01-07T07:58:10.458Z.jpg,2026-01-07 13:28:11,14,608
manual_capture_2026-01-07T07:58:24.292Z.jpg,2026-01-07 13:28:27,12,652
manual_capture_2026-01-07T07:58:25.943Z.jpg,2026-01-07 13:28:28,11,603
manual_capture_2026-01-07T07:58:27.395Z.jpg,2026-01-07 13:28:31,12,652
manual_capture_2026-01-07T07:58:27.401Z.jpg,2026-01-07 13:28:32,13,605
manual_capture_2026-01-07T07:58:29.015Z.jpg,2026-01-07 13:28:33,15,655
manual_capture_2026-01-07T07:58:29.905Z.jpg,2026-01-07 13:28:33,7,604
manual_capture_2026-01-07T07:58:32.169Z.jpg,2026-01-07 13:28:37,10,642
manual_capture_2026-01-07T07:58:35.216Z.jpg,2026-01-07 13:28:37,10,598
manual_capture_2026-01-07T07:58:35.322Z.jpg,2026-01-07 13:28:38,9,597
manual_capture_2026-01-07T07:58:37.359Z.jpg,2026-01-07 13:28:42,7,633
manual_capture_2026-01-07T07:58:43.442Z.jpg,2026-01-07 13:28:45,11,636
manual_capture_2026-01-07T07:58:49.377Z.jpg,2026-01-07 13:28:52,8,653
manual_capture_2026-01-07T07:58:50.199Z.jpg,2026-01-07 13:28:53,11,676
manual_capture_2026-01-07T07:58:52.855Z.jpg,2026-01-07 13:28:56,11,646
manual_capture_2026-01-07T07:58:54.112Z.jpg,2026-01-07 13:28:57,11,662
manual_capture_2026-01-07T07:58:59.124Z.jpg,2026-01-07 13:29:01,14,679
manual_capture_2026-01-07T07:59:18.727Z.jpg,2026-01-07 13:29:19,15,756
manual_capture_2026-01-07T07:59:35.972Z.jpg,2026-01-07 13:29:38,15,676
manual_capture_2026-01-07T07:59:42.197Z.jpg,2026-01-07 13:29:45,13,699
manual_capture_2026-01-07T08:00:05.219Z.jpg,2026-01-07 13:30:07,12,1063
manual_capture_2026-01-07T08:00:05.851Z.jpg,2026-01-07 13:30:08,12,670
manual_capture_2026-01-07T08:00:14.178Z.jpg,2026-01-07 13:30:17,8,700
manual_capture_2026-01-07T08:00:15.896Z.jpg,2026-01-07 13:30:18,13,624
manual_capture_2026-01-07T08:00:17.440Z.jpg,2026-01-07 13:30:22,9,765
manual_capture_2026-01-07T08:00:17.468Z.jpg,2026-01-07 13:30:22,17,674
manual_capture_2026-01-07T08:00:22.160Z.jpg,2026-01-07 13:30:26,15,652
manual_capture_2026-01-07T08:00:22.554Z.jpg,2026-01-07 13:30:27,10,680
manual_capture_2026-01-07T08:00:31.113Z.jpg,2026-01-07 13:30:33,6,698
manual_capture_2026-01-07T08:00:31.147Z.jpg,2026-01-07 13:30:34,12,630
manual_capture_2026-01-07T08:00:36.364Z.jpg,2026-01-07 13:30:38,14,633
manual_capture_2026-01-07T08:00:55.323Z.jpg,2026-01-07 13:30:57,10,1390
manual_capture_2026-01-07T08:01:06.110Z.jpg,2026-01-07 13:31:07,14,868
manual_capture_2026-01-07T08:01:21.868Z.jpg,2026-01-07 13:31:23,10,726
manual_capture_2026-01-07T08:01:22.357Z.jpg,2026-01-07 13:31:23,10,597
manual_capture_2026-01-07T08:01:23.100Z.jpg,2026-01-07 13:31:27,12,633
manual_capture_2026-01-07T08:01:24.469Z.jpg,2026-01-07 13:31:28,8,595
manual_capture_2026-01-07T08:01:28.693Z.jpg,2026-01-07 13:31:31,8,643
manual_capture_2026-01-07T08:01:28.976Z.jpg,2026-01-07 13:31:32,9,583
manual_capture_2026-01-07T08:01:30.607Z.jpg,2026-01-07 13:31:33,10,583
manual_capture_2026-01-07T08:01:32.146Z.jpg,2026-01-07 13:31:36,9,643
manual_capture_2026-01-07T08:01:38.879Z.jpg,2026-01-07 13:31:40,10,659
manual_capture_2026-01-07T08:01:38.886Z.jpg,2026-01-07 13:31:40,12,620
manual_capture_2026-01-07T08:01:40.270Z.jpg,2026-01-07 13:31:44,10,650
manual_capture_2026-01-07T08:01:44.709Z.jpg,2026-01-07 13:31:48,10,658
manual_capture_2026-01-07T08:01:45.312Z.jpg,2026-01-07 13:31:48,10,606
manual_capture_2026-01-07T08:01:48.842Z.jpg,2026-01-07 13:31:52,11,640
manual_capture_2026-01-07T08:01:49.775Z.jpg,2026-01-07 13:31:53,8,599
manual_capture_2026-01-07T08:01:51.101Z.jpg,2026-01-07 13:31:53,10,601
manual_capture_2026-01-07T08:01:52.850Z.jpg,2026-01-07 13:31:57,9,655
manual_capture_2026-01-07T08:01:52.954Z.jpg,2026-01-07 13:31:58,10,613
manual_capture_2026-01-07T08:01:57.673Z.jpg,2026-01-07 13:32:01,9,658
manual_capture_2026-01-07T08:02:00.379Z.jpg,2026-01-07 13:32:02,7,612
manual_capture_2026-01-07T08:02:05.087Z.jpg,2026-01-07 13:32:05,9,665
manual_capture_2026-01-07T08:02:07.755Z.jpg,2026-01-07 13:32:09,6,650
manual_capture_2026-01-07T08:02:21.070Z.jpg,2026-01-07 13:32:22,6,652
manual_capture_2026-01-07T08:02:24.896Z.jpg,2026-01-07 13:32:25,9,659
manual_capture_2026-01-07T08:02:35.248Z.jpg,2026-01-07 13:32:38,5,668
manual_capture_2026-01-07T08:02:36.307Z.jpg,2026-01-07 13:32:39,8,625
manual_capture_2026-01-07T08:02:39.100Z.jpg,2026-01-07 13:32:42,7,657
manual_capture_2026-01-07T08:02:40.654Z.jpg,2026-01-07 13:32:43,6,603
manual_capture_2026-01-07T08:02:58.407Z.jpg,2026-01-07 13:32:59,10,670
manual_capture_2026-01-07T08:03:02.256Z.jpg,2026-01-07 13:33:05,6,734
manual_capture_2026-01-07T08:03:05.575Z.jpg,2026-01-07 13:33:09,11,676
manual_capture_2026-01-07T08:03:06.634Z.jpg,2026-01-07 13:33:10,10,625
manual_capture_2026-01-07T08:03:06.684Z.jpg,2026-01-07 13:33:10,9,618
manual_capture_2026-01-07T08:03:08.091Z.jpg,2026-01-07 13:33:11,10,630
manual_capture_2026-01-07T08:03:14.782Z.jpg,2026-01-07 13:33:18,11,657
manual_capture_2026-01-07T08:03:14.815Z.jpg,2026-01-07 13:33:18,12,638
manual_capture_2026-01-07T08:03:18.489Z.jpg,2026-01-07 13:33:22,13,698
manual_capture_2026-01-07T08:03:19.516Z.jpg,2026-01-07 13:33:23,10,624
manual_capture_2026-01-07T08:03:21.872Z.jpg,2026-01-07 13:33:26,7,666
manual_capture_2026-01-07T08:03:25.133Z.jpg,2026-01-07 13:33:27,14,637
manual_capture_2026-01-07T08:03:26.049Z.jpg,2026-01-07 13:33:28,7,624
manual_capture_2026-01-07T08:03:36.772Z.jpg,2026-01-07 13:33:37,14,682
manual_capture_2026-01-07T08:03:42.548Z.jpg,2026-01-07 13:33:44,3,644
manual_capture_2026-01-07T08:03:43.431Z.jpg,2026-01-07 13:33:45,6,634
manual_capture_2026-01-07T08:03:52.082Z.jpg,2026-01-07 13:33:54,5,653
manual_capture_2026-01-07T08:03:52.429Z.jpg,2026-01-07 13:33:55,4,639
manual_capture_2026-01-07T08:03:52.689Z.jpg,2026-01-07 13:33:56,7,640
manual_capture_2026-01-07T08:03:53.181Z.jpg,2026-01-07 13:33:56,3,627
manual_capture_2026-01-07T08:04:06.487Z.jpg,2026-01-07 13:34:09,7,658
manual_capture_2026-01-07T08:04:21.579Z.jpg,2026-01-07 13:34:25,3,670
manual_capture_2026-01-07T08:04:26.990Z.jpg,2026-01-07 13:34:28,3,655
manual_capture_2026-01-07T08:04:27.230Z.jpg,2026-01-07 13:34:29,5,630
manual_capture_2026-01-07T08:04:29.368Z.jpg,2026-01-07 13:34:33,6,672
manual_capture_2026-01-07T08:04:32.842Z.jpg,2026-01-07 13:34:36,6,664
manual_capture_2026-01-07T08:04:39.961Z.jpg,2026-01-07 13:34:43,6,697
manual_capture_2026-01-07T08:04:40.022Z.jpg,2026-01-07 13:34:44,6,649
manual_capture_2026-01-07T08:04:41.528Z.jpg,2026-01-07 13:34:44,6,628
manual_capture_2026-01-07T08:04:42.209Z.jpg,2026-01-07 13:34:45,5,630
manual_capture_2026-01-07T08:04:43.766Z.jpg,2026-01-07 13:34:49,8,674
manual_capture_2026-01-07T08:04:46.196Z.jpg,2026-01-07 13:34:49,9,627
manual_capture_2026-01-07T08:04:46.896Z.jpg,2026-01-07 13:34:50,8,632
manual_capture_2026-01-07T08:04:49.487Z.jpg,2026-01-07 13:34:53,8,658
manual_capture_2026-01-07T08:04:49.559Z.jpg,2026-01-07 13:34:54,12,652
manual_capture_2026-01-07T08:04:50.937Z.jpg,2026-01-07 13:34:55,10,629
manual_capture_2026-01-07T08:04:52.379Z.jpg,2026-01-07 13:34:55,7,625
manual_capture_2026-01-07T08:04:53.512Z.jpg,2026-01-07 13:34:59,7,691
manual_capture_2026-01-07T08:04:54.037Z.jpg,2026-01-07 13:35:00,6,648
manual_capture_2026-01-07T08:04:55.130Z.jpg,2026-01-07 13:35:00,6,628
manual_capture_2026-01-07T08:04:57.806Z.jpg,2026-01-07 13:35:01,4,626
manual_capture_2026-01-07T08:05:08.983Z.jpg,2026-01-07 13:35:11,5,670
manual_capture_2026-01-07T08:05:09.172Z.jpg,2026-01-07 13:35:11,8,615
manual_capture_2026-01-07T08:05:09.939Z.jpg,2026-01-07 13:35:12,6,613
manual_capture_2026-01-07T08:05:11.836Z.jpg,2026-01-07 13:35:16,5,660
manual_capture_2026-01-07T08:05:13.446Z.jpg,2026-01-07 13:35:16,5,628
manual_capture_2026-01-07T08:05:14.789Z.jpg,2026-01-07 13:35:17,5,604
manual_capture_2026-01-07T08:05:16.607Z.jpg,2026-01-07 13:35:20,5,652
manual_capture_2026-01-07T08:05:22.102Z.jpg,2026-01-07 13:35:24,7,674
manual_capture_2026-01-07T08:05:22.598Z.jpg,2026-01-07 13:35:25,8,639
manual_capture_2026-01-07T08:05:23.187Z.jpg,2026-01-07 13:35:25,3,619
manual_capture_2026-01-07T08:05:24.915Z.jpg,2026-01-07 13:35:29,9,638
manual_capture_2026-01-07T08:05:27.145Z.jpg,2026-01-07 13:35:30,3,610
manual_capture_2026-01-07T08:05:35.846Z.jpg,2026-01-07 13:35:36,3,653
manual_capture_2026-01-07T08:05:39.696Z.jpg,2026-01-07 13:35:40,3,674
manual_capture_2026-01-07T08:05:53.990Z.jpg,2026-01-07 13:35:56,6,683
manual_capture_2026-01-07T08:05:54.540Z.jpg,2026-01-07 13:35:56,8,620
manual_capture_2026-01-07T08:05:55.674Z.jpg,2026-01-07 13:36:00,9,675
manual_capture_2026-01-07T08:05:56.283Z.jpg,2026-01-07 13:36:01,10,628
manual_capture_2026-01-07T08:05:57.520Z.jpg,2026-01-07 13:36:01,6,612
manual_capture_2026-01-07T08:05:58.584Z.jpg,2026-01-07 13:36:02,4,649
manual_capture_2026-01-07T08:06:08.256Z.jpg,2026-01-07 13:36:09,4,664
manual_capture_2026-01-07T08:06:10.203Z.jpg,2026-01-07 13:36:12,4,666
manual_capture_2026-01-07T08:06:10.252Z.jpg,2026-01-07 13:36:13,3,620
manual_capture_2026-01-07T08:06:13.970Z.jpg,2026-01-07 13:36:17,3,672
manual_capture_2026-01-07T08:06:17.299Z.jpg,2026-01-07 13:36:20,6,661
manual_capture_2026-01-07T08:06:22.003Z.jpg,2026-01-07 13:36:24,1,654
manual_capture_2026-01-07T08:06:22.211Z.jpg,2026-01-07 13:36:25,5,629
manual_capture_2026-01-07T08:06:30.186Z.jpg,2026-01-07 13:36:31,4,673
manual_capture_2026-01-07T08:06:33.093Z.jpg,2026-01-07 13:36:35,4,780
manual_capture_2026-01-07T08:06:34.619Z.jpg,2026-01-07 13:36:36,2,625
manual_capture_2026-01-07T08:06:42.046Z.jpg,2026-01-07 13:36:42,1,646
manual_capture_2026-01-07T08:06:45.424Z.jpg,2026-01-07 13:36:46,4,649
manual_capture_2026-01-07T08:06:46.293Z.jpg,2026-01-07 13:36:50,4,648
manual_capture_2026-01-07T08:06:47.588Z.jpg,2026-01-07 13:36:50,1,609
manual_capture_2026-01-07T08:06:48.582Z.jpg,2026-01-07 13:36:51,1,590
manual_capture_2026-01-07T08:06:50.870Z.jpg,2026-01-07 13:36:54,2,658
manual_capture_2026-01-07T08:06:51.675Z.jpg,2026-01-07 13:36:55,4,617
manual_capture_2026-01-07T08:06:53.630Z.jpg,2026-01-07 13:36:56,2,680
manual_capture_2026-01-07T08:06:54.428Z.jpg,2026-01-07 13:36:59,3,646
manual_capture_2026-01-07T08:06:55.654Z.jpg,2026-01-07 13:37:00,5,619
manual_capture_2026-01-07T08:07:00.399Z.jpg,2026-01-07 13:37:04,4,642
manual_capture_2026-01-07T08:07:03.362Z.jpg,2026-01-07 13:37:04,7,617
manual_capture_2026-01-07T08:07:04.096Z.jpg,2026-01-07 13:37:08,5,669
manual_capture_2026-01-07T08:07:06.422Z.jpg,2026-01-07 13:37:09,5,664
manual_capture_2026-01-07T08:07:06.508Z.jpg,2026-01-07 13:37:09,4,601
manual_capture_2026-01-07T08:07:08.491Z.jpg,2026-01-07 13:37:13,0,642
manual_capture_2026-01-07T08:07:10.418Z.jpg,2026-01-07 13:37:14,0,574
manual_capture_2026-01-07T08:07:11.344Z.jpg,2026-01-07 13:37:14,3,609
manual_capture_2026-01-07T08:07:16.543Z.jpg,2026-01-07 13:37:18,1,631
manual_capture_2026-01-07T08:07:19.497Z.jpg,2026-01-07 13:37:21,2,662
manual_capture_2026-01-07T08:07:19.609Z.jpg,2026-01-07 13:37:22,2,606
manual_capture_2026-01-07T08:07:21.428Z.jpg,2026-01-07 13:37:26,0,616
manual_capture_2026-01-07T08:07:23.897Z.jpg,2026-01-07 13:37:26,2,619
manual_capture_2026-01-07T08:07:24.136Z.jpg,2026-01-07 13:37:27,0,562
manual_capture_2026-01-07T08:07:25.494Z.jpg,2026-01-07 13:37:27,2,606
manual_capture_2026-01-07T08:07:32.907Z.jpg,2026-01-07 13:37:34,1,641
manual_capture_2026-01-07T08:07:39.903Z.jpg,2026-01-07 13:37:41,2,654
manual_capture_2026-01-07T08:07:41.823Z.jpg,2026-01-07 13:37:44,5,632
manual_capture_2026-01-07T08:07:43.011Z.jpg,2026-01-07 13:37:45,4,608
manual_capture_2026-01-07T08:07:46.890Z.jpg,2026-01-07 13:37:49,5,652
manual_capture_2026-01-07T08:07:47.397Z.jpg,2026-01-07 13:37:49,0,599
manual_capture_2026-01-07T08:07:48.307Z.jpg,2026-01-07 13:37:50,3,608
manual_capture_2026-01-07T08:07:49.246Z.jpg,2026-01-07 13:37:54,1,636
manual_capture_2026-01-07T08:07:49.717Z.jpg,2026-01-07 13:37:54,2,631
manual_capture_2026-01-07T08:07:49.743Z.jpg,2026-01-07 13:37:55,2,625
manual_capture_2026-01-07T08:07:50.910Z.jpg,2026-01-07 13:37:55,3,618
manual_capture_2026-01-07T08:07:53.161Z.jpg,2026-01-07 13:37:56,2,604
manual_capture_2026-01-07T08:07:55.620Z.jpg,2026-01-07 13:38:00,6,652
manual_capture_2026-01-07T08:07:56.966Z.jpg,2026-01-07 13:38:00,4,624
manual_capture_2026-01-07T08:08:05.381Z.jpg,2026-01-07 13:38:07,7,651
manual_capture_2026-01-07T08:08:05.875Z.jpg,2026-01-07 13:38:08,9,594
manual_capture_2026-01-07T08:08:08.890Z.jpg,2026-01-07 13:38:11,8,651
manual_capture_2026-01-07T08:08:09.681Z.jpg,2026-01-07 13:38:12,2,625
manual_capture_2026-01-07T08:08:12.755Z.jpg,2026-01-07 13:38:16,6,648
manual_capture_2026-01-07T08:08:14.332Z.jpg,2026-01-07 13:38:16,3,620
manual_capture_2026-01-07T08:08:14.515Z.jpg,2026-01-07 13:38:17,4,642
manual_capture_2026-01-07T08:08:15.558Z.jpg,2026-01-07 13:38:20,0,614
manual_capture_2026-01-07T08:08:17.663Z.jpg,2026-01-07 13:38:21,1,606
manual_capture_2026-01-07T08:08:18.047Z.jpg,2026-01-07 13:38:22,1,595
manual_capture_2026-01-07T08:08:20.460Z.jpg,2026-01-07 13:38:25,3,665
manual_capture_2026-01-07T08:08:21.744Z.jpg,2026-01-07 13:38:26,3,619
manual_capture_2026-01-07T08:08:21.856Z.jpg,2026-01-07 13:38:27,4,601
manual_capture_2026-01-07T08:08:22.829Z.jpg,2026-01-07 13:38:27,4,647
manual_capture_2026-01-07T08:08:24.363Z.jpg,2026-01-07 13:38:28,4,589
manual_capture_2026-01-07T08:08:25.168Z.jpg,2026-01-07 13:38:31,4,656
manual_capture_2026-01-07T08:08:26.712Z.jpg,2026-01-07 13:38:32,5,611
manual_capture_2026-01-07T08:08:28.091Z.jpg,2026-01-07 13:38:33,5,611
manual_capture_2026-01-07T08:08:28.553Z.jpg,2026-01-07 13:38:33,5,609
manual_capture_2026-01-07T08:08:29.577Z.jpg,2026-01-07 13:38:34,5,614
manual_capture_2026-01-07T08:08:31.169Z.jpg,2026-01-07 13:38:34,2,599
manual_capture_2026-01-07T08:08:31.972Z.jpg,2026-01-07 13:38:38,2,664
manual_capture_2026-01-07T08:08:33.307Z.jpg,2026-01-07 13:38:39,4,627
manual_capture_2026-01-07T08:08:34.714Z.jpg,2026-01-07 13:38:39,3,620
manual_capture_2026-01-07T08:08:36.884Z.jpg,2026-01-07 13:38:40,2,628
manual_capture_2026-01-07T08:08:37.972Z.jpg,2026-01-07 13:38:41,4,616
manual_capture_2026-01-07T08:08:39.202Z.jpg,2026-01-07 13:38:44,7,658
manual_capture_2026-01-07T08:08:45.665Z.jpg,2026-01-07 13:38:48,4,644
manual_capture_2026-01-07T08:08:45.691Z.jpg,2026-01-07 13:38:49,4,604
manual_capture_2026-01-07T08:08:46.684Z.jpg,2026-01-07 13:38:49,4,631
manual_capture_2026-01-07T08:08:46.784Z.jpg,2026-01-07 13:38:50,3,604
manual_capture_2026-01-07T08:08:48.208Z.jpg,2026-01-07 13:38:54,5,664
manual_capture_2026-01-07T08:08:48.269Z.jpg,2026-01-07 13:38:54,8,617
manual_capture_2026-01-07T08:08:48.807Z.jpg,2026-01-07 13:38:55,6,609
manual_capture_2026-01-07T08:08:49.857Z.jpg,2026-01-07 13:38:55,2,610
manual_capture_2026-01-07T08:08:51.605Z.jpg,2026-01-07 13:38:56,4,616
manual_capture_2026-01-07T08:08:52.203Z.jpg,2026-01-07 13:38:57,7,626
manual_capture_2026-01-07T08:08:52.516Z.jpg,2026-01-07 13:38:57,4,618
manual_capture_2026-01-07T08:08:55.854Z.jpg,2026-01-07 13:39:01,4,653
manual_capture_2026-01-07T08:08:59.867Z.jpg,2026-01-07 13:39:01,4,600
manual_capture_2026-01-07T08:09:01.642Z.jpg,2026-01-07 13:39:05,3,639
manual_capture_2026-01-07T08:09:04.864Z.jpg,2026-01-07 13:39:06,4,604
manual_capture_2026-01-07T08:09:05.902Z.jpg,2026-01-07 13:39:09,6,685
manual_capture_2026-01-07T08:09:05.936Z.jpg,2026-01-07 13:39:10,3,624
manual_capture_2026-01-07T08:09:07.674Z.jpg,2026-01-07 13:39:11,9,626
manual_capture_2026-01-07T08:09:08.602Z.jpg,2026-01-07 13:39:11,2,607
manual_capture_2026-01-07T08:09:10.096Z.jpg,2026-01-07 13:39:15,2,655
manual_capture_2026-01-07T08:09:10.684Z.jpg,2026-01-07 13:39:16,0,573
manual_capture_2026-01-07T08:09:11.856Z.jpg,2026-01-07 13:39:16,4,614
manual_capture_2026-01-07T08:09:13.278Z.jpg,2026-01-07 13:39:17,8,625
manual_capture_2026-01-07T08:09:14.726Z.jpg,2026-01-07 13:39:17,7,613
manual_capture_2026-01-07T08:09:17.401Z.jpg,2026-01-07 13:39:21,6,670
manual_capture_2026-01-07T08:09:25.711Z.jpg,2026-01-07 13:39:28,5,666
manual_capture_2026-01-07T08:09:28.628Z.jpg,2026-01-07 13:39:31,8,656
manual_capture_2026-01-07T08:09:30.488Z.jpg,2026-01-07 13:39:32,7,612
manual_capture_2026-01-07T08:09:31.169Z.jpg,2026-01-07 13:39:33,5,609
manual_capture_2026-01-07T08:09:33.946Z.jpg,2026-01-07 13:39:36,4,654
manual_capture_2026-01-07T08:09:35.381Z.jpg,2026-01-07 13:39:37,2,612
manual_capture_2026-01-07T08:09:37.177Z.jpg,2026-01-07 13:39:41,2,662
manual_capture_2026-01-07T08:09:37.699Z.jpg,2026-01-07 13:39:41,2,687
manual_capture_2026-01-07T08:09:40.678Z.jpg,2026-01-07 13:39:45,3,665
manual_capture_2026-01-07T08:09:44.127Z.jpg,2026-01-07 13:39:46,1,604
manual_capture_2026-01-07T08:09:44.801Z.jpg,2026-01-07 13:39:49,8,650
manual_capture_2026-01-07T08:09:45.077Z.jpg,2026-01-07 13:39:50,5,618
manual_capture_2026-01-07T08:09:53.027Z.jpg,2026-01-07 13:39:54,7,663
manual_capture_2026-01-07T08:09:54.347Z.jpg,2026-01-07 13:39:57,9,665
manual_capture_2026-01-07T08:09:54.675Z.jpg,2026-01-07 13:39:58,6,604
manual_capture_2026-01-07T08:09:54.873Z.jpg,2026-01-07 13:39:58,7,623
manual_capture_2026-01-07T08:09:58.791Z.jpg,2026-01-07 13:40:02,6,699
manual_capture_2026-01-07T08:10:00.730Z.jpg,2026-01-07 13:40:03,7,612
manual_capture_2026-01-07T08:10:01.031Z.jpg,2026-01-07 13:40:03,8,618
manual_capture_2026-01-07T08:10:01.906Z.jpg,2026-01-07 13:40:04,6,620
manual_capture_2026-01-07T08:10:03.718Z.jpg,2026-01-07 13:40:08,3,662
manual_capture_2026-01-07T08:10:03.920Z.jpg,2026-01-07 13:40:08,5,625
manual_capture_2026-01-07T08:10:06.121Z.jpg,2026-01-07 13:40:09,3,612
manual_capture_2026-01-07T08:10:06.450Z.jpg,2026-01-07 13:40:10,5,619
manual_capture_2026-01-07T08:10:08.715Z.jpg,2026-01-07 13:40:13,4,680
manual_capture_2026-01-07T08:10:10.231Z.jpg,2026-01-07 13:40:14,5,624
manual_capture_2026-01-07T08:10:11.340Z.jpg,2026-01-07 13:40:14,7,623
manual_capture_2026-01-07T08:10:14.925Z.jpg,2026-01-07 13:40:18,8,701
manual_capture_2026-01-07T08:10:16.507Z.jpg,2026-01-07 13:40:19,5,618
manual_capture_2026-01-07T08:10:17.416Z.jpg,2026-01-07 13:40:19,7,620
manual_capture_2026-01-07T08:10:17.417Z.jpg,2026-01-07 13:40:20,4,619
manual_capture_2026-01-07T08:10:22.440Z.jpg,2026-01-07 13:40:24,5,666
manual_capture_2026-01-07T08:10:23.296Z.jpg,2026-01-07 13:40:24,10,650
manual_capture_2026-01-07T08:10:26.544Z.jpg,2026-01-07 13:40:28,11,669
manual_capture_2026-01-07T08:10:29.251Z.jpg,2026-01-07 13:40:32,8,673
manual_capture_2026-01-07T08:10:29.603Z.jpg,2026-01-07 13:40:32,9,632
manual_capture_2026-01-07T08:10:30.697Z.jpg,2026-01-07 13:40:33,9,622
manual_capture_2026-01-07T08:10:31.514Z.jpg,2026-01-07 13:40:34,8,624
manual_capture_2026-01-07T08:10:32.005Z.jpg,2026-01-07 13:40:37,5,679
manual_capture_2026-01-07T08:10:34.419Z.jpg,2026-01-07 13:40:38,4,656
manual_capture_2026-01-07T08:10:35.791Z.jpg,2026-01-07 13:40:39,7,627
manual_capture_2026-01-07T08:10:36.092Z.jpg,2026-01-07 13:40:39,4,640
manual_capture_2026-01-07T08:10:37.009Z.jpg,2026-01-07 13:40:40,4,634
manual_capture_2026-01-07T08:10:38.244Z.jpg,2026-01-07 13:40:44,4,656
manual_capture_2026-01-07T08:10:45.258Z.jpg,2026-01-07 13:40:47,8,669
manual_capture_2026-01-07T08:10:48.175Z.jpg,2026-01-07 13:40:51,9,671
manual_capture_2026-01-07T08:10:49.748Z.jpg,2026-01-07 13:40:52,9,625
manual_capture_2026-01-07T08:10:49.948Z.jpg,2026-01-07 13:40:52,7,625
manual_capture_2026-01-07T08:10:53.732Z.jpg,2026-01-07 13:40:56,6,679
manual_capture_2026-01-07T08:10:58.296Z.jpg,2026-01-07 13:41:00,10,682
manual_capture_2026-01-07T08:10:58.760Z.jpg,2026-01-07 13:41:00,5,641
manual_capture_2026-01-07T08:10:59.559Z.jpg,2026-01-07 13:41:04,6,673
manual_capture_2026-01-07T08:11:03.476Z.jpg,2026-01-07 13:41:04,7,616
manual_capture_2026-01-07T08:11:04.360Z.jpg,2026-01-07 13:41:08,9,705
manual_capture_2026-01-07T08:11:05.086Z.jpg,2026-01-07 13:41:09,4,615
manual_capture_2026-01-07T08:11:07.745Z.jpg,2026-01-07 13:41:09,1,663
manual_capture_2026-01-07T08:11:09.521Z.jpg,2026-01-07 13:41:13,3,663
manual_capture_2026-01-07T08:11:15.065Z.jpg,2026-01-07 13:41:17,2,655
manual_capture_2026-01-07T08:11:16.125Z.jpg,2026-01-07 13:41:17,6,632
manual_capture_2026-01-07T08:11:18.065Z.jpg,2026-01-07 13:41:21,6,674
manual_capture_2026-01-07T08:11:20.894Z.jpg,2026-01-07 13:41:22,3,635
manual_capture_2026-01-07T08:11:24.535Z.jpg,2026-01-07 13:41:25,1,667
manual_capture_2026-01-07T08:11:24.813Z.jpg,2026-01-07 13:41:26,6,632
manual_capture_2026-01-07T08:11:25.412Z.jpg,2026-01-07 13:41:30,7,665
manual_capture_2026-01-07T08:11:25.978Z.jpg,2026-01-07 13:41:30,2,623
manual_capture_2026-01-07T08:11:28.378Z.jpg,2026-01-07 13:41:31,4,624
manual_capture_2026-01-07T08:11:28.569Z.jpg,2026-01-07 13:41:32,3,627
manual_capture_2026-01-07T08:11:30.421Z.jpg,2026-01-07 13:41:35,4,656
manual_capture_2026-01-07T08:11:30.781Z.jpg,2026-01-07 13:41:36,2,604
manual_capture_2026-01-07T08:11:31.403Z.jpg,2026-01-07 13:41:37,3,643
manual_capture_2026-01-07T08:11:33.482Z.jpg,2026-01-07 13:41:37,3,621
manual_capture_2026-01-07T08:11:34.581Z.jpg,2026-01-07 13:41:38,2,632
manual_capture_2026-01-07T08:11:35.972Z.jpg,2026-01-07 13:41:41,4,652
manual_capture_2026-01-07T08:11:37.479Z.jpg,2026-01-07 13:41:42,4,625
manual_capture_2026-01-07T08:11:39.761Z.jpg,2026-01-07 13:41:43,4,620
manual_capture_2026-01-07T08:12:00.529Z.jpg,2026-01-07 13:42:01,6,691
manual_capture_2026-01-07T08:12:02.174Z.jpg,2026-01-07 13:42:05,5,658
manual_capture_2026-01-07T08:12:04.790Z.jpg,2026-01-07 13:42:06,4,638
manual_capture_2026-01-07T08:12:05.782Z.jpg,2026-01-07 13:42:09,6,656
manual_capture_2026-01-07T08:12:07.001Z.jpg,2026-01-07 13:42:10,3,619
manual_capture_2026-01-07T08:12:07.341Z.jpg,2026-01-07 13:42:11,6,615
manual_capture_2026-01-07T08:12:08.719Z.jpg,2026-01-07 13:42:11,9,629
manual_capture_2026-01-07T08:12:12.685Z.jpg,2026-01-07 13:42:15,4,656
manual_capture_2026-01-07T08:12:13.864Z.jpg,2026-01-07 13:42:16,9,635
manual_capture_2026-01-07T08:12:14.598Z.jpg,2026-01-07 13:42:16,9,624
manual_capture_2026-01-07T08:12:17.171Z.jpg,2026-01-07 13:42:20,4,657
manual_capture_2026-01-07T08:12:24.271Z.jpg,2026-01-07 13:42:27,11,687
manual_capture_2026-01-07T08:12:25.582Z.jpg,2026-01-07 13:42:27,7,624
manual_capture_2026-01-07T08:12:25.811Z.jpg,2026-01-07 13:42:28,10,619
manual_capture_2026-01-07T08:12:35.217Z.jpg,2026-01-07 13:42:37,4,672
manual_capture_2026-01-07T08:12:37.057Z.jpg,2026-01-07 13:42:38,2,635
manual_capture_2026-01-07T08:12:43.114Z.jpg,2026-01-07 13:42:45,6,687
manual_capture_2026-01-07T08:12:48.091Z.jpg,2026-01-07 13:42:49,4,670
manual_capture_2026-01-07T08:12:49.071Z.jpg,2026-01-07 13:42:52,2,679
manual_capture_2026-01-07T08:12:52.577Z.jpg,2026-01-07 13:42:56,2,696
manual_capture_2026-01-07T08:12:54.629Z.jpg,2026-01-07 13:42:57,2,623
manual_capture_2026-01-07T08:12:55.019Z.jpg,2026-01-07 13:42:57,1,623
manual_capture_2026-01-07T08:12:55.722Z.jpg,2026-01-07 13:43:01,3,648
manual_capture_2026-01-07T08:12:57.001Z.jpg,2026-01-07 13:43:01,4,616
manual_capture_2026-01-07T08:13:01.245Z.jpg,2026-01-07 13:43:05,2,672
manual_capture_2026-01-07T08:13:03.070Z.jpg,2026-01-07 13:43:06,2,609
manual_capture_2026-01-07T08:13:03.686Z.jpg,2026-01-07 13:43:06,3,618
manual_capture_2026-01-07T08:13:05.476Z.jpg,2026-01-07 13:43:10,5,655
manual_capture_2026-01-07T08:13:07.178Z.jpg,2026-01-07 13:43:11,5,603
manual_capture_2026-01-07T08:13:10.069Z.jpg,2026-01-07 13:43:14,7,667
manual_capture_2026-01-07T08:13:10.810Z.jpg,2026-01-07 13:43:15,4,610
manual_capture_2026-01-07T08:13:20.570Z.jpg,2026-01-07 13:43:22,2,648
manual_capture_2026-01-07T08:13:22.309Z.jpg,2026-01-07 13:43:25,1,640
manual_capture_2026-01-07T08:13:23.467Z.jpg,2026-01-07 13:43:26,3,603
manual_capture_2026-01-07T08:13:29.202Z.jpg,2026-01-07 13:43:29,3,639
manual_capture_2026-01-07T08:13:29.369Z.jpg,2026-01-07 13:43:33,3,650
manual_capture_2026-01-07T08:13:30.882Z.jpg,2026-01-07 13:43:34,4,622
manual_capture_2026-01-07T08:13:31.225Z.jpg,2026-01-07 13:43:34,2,607
manual_capture_2026-01-07T08:13:32.330Z.jpg,2026-01-07 13:43:35,6,603
manual_capture_2026-01-07T08:13:33.497Z.jpg,2026-01-07 13:43:39,4,639
manual_capture_2026-01-07T08:13:34.071Z.jpg,2026-01-07 13:43:39,2,595
manual_capture_2026-01-07T08:13:34.446Z.jpg,2026-01-07 13:43:40,2,602
manual_capture_2026-01-07T08:13:35.901Z.jpg,2026-01-07 13:43:40,6,613
manual_capture_2026-01-07T08:13:37.292Z.jpg,2026-01-07 13:43:41,5,597
manual_capture_2026-01-07T08:13:37.952Z.jpg,2026-01-07 13:43:42,3,609
manual_capture_2026-01-07T08:13:39.362Z.jpg,2026-01-07 13:43:45,5,639
manual_capture_2026-01-07T08:13:39.854Z.jpg,2026-01-07 13:43:46,4,638
manual_capture_2026-01-07T08:13:41.330Z.jpg,2026-01-07 13:43:47,2,611
manual_capture_2026-01-07T08:13:43.001Z.jpg,2026-01-07 13:43:47,2,612
manual_capture_2026-01-07T08:13:43.732Z.jpg,2026-01-07 13:43:48,5,651
manual_capture_2026-01-07T08:13:45.188Z.jpg,2026-01-07 13:43:51,1,636
manual_capture_2026-01-07T08:13:47.552Z.jpg,2026-01-07 13:43:52,4,601
manual_capture_2026-01-07T08:13:48.150Z.jpg,2026-01-07 13:43:53,2,599
manual_capture_2026-01-07T08:13:48.870Z.jpg,2026-01-07 13:43:53,2,587
manual_capture_2026-01-07T08:13:48.917Z.jpg,2026-01-07 13:43:54,2,597
manual_capture_2026-01-07T08:13:50.402Z.jpg,2026-01-07 13:43:54,2,599
manual_capture_2026-01-07T08:13:52.038Z.jpg,2026-01-07 13:43:58,2,654
manual_capture_2026-01-07T08:13:53.511Z.jpg,2026-01-07 13:43:59,2,611
manual_capture_2026-01-07T08:13:53.684Z.jpg,2026-01-07 13:43:59,1,554
manual_capture_2026-01-07T08:13:54.392Z.jpg,2026-01-07 13:44:00,4,612
manual_capture_2026-01-07T08:13:55.522Z.jpg,2026-01-07 13:44:00,3,603
manual_capture_2026-01-07T08:13:56.840Z.jpg,2026-01-07 13:44:01,3,610
manual_capture_2026-01-07T08:13:57.773Z.jpg,2026-01-07 13:44:02,4,612
manual_capture_2026-01-07T08:13:58.362Z.jpg,2026-01-07 13:44:05,4,651
manual_capture_2026-01-07T08:13:58.391Z.jpg,2026-01-07 13:44:06,5,604
manual_capture_2026-01-07T08:13:58.806Z.jpg,2026-01-07 13:44:07,4,615
manual_capture_2026-01-07T08:13:58.905Z.jpg,2026-01-07 13:44:07,2,602
manual_capture_2026-01-07T08:14:00.026Z.jpg,2026-01-07 13:44:08,2,617
manual_capture_2026-01-07T08:14:00.916Z.jpg,2026-01-07 13:44:08,2,607
manual_capture_2026-01-07T08:14:02.140Z.jpg,2026-01-07 13:44:09,3,608
manual_capture_2026-01-07T08:14:03.005Z.jpg,2026-01-07 13:44:10,2,611
manual_capture_2026-01-07T08:14:04.057Z.jpg,2026-01-07 13:44:10,2,564
manual_capture_2026-01-07T08:14:05.060Z.jpg,2026-01-07 13:44:11,5,596
manual_capture_2026-01-07T08:14:05.975Z.jpg,2026-01-07 13:44:14,4,645
manual_capture_2026-01-07T08:14:07.621Z.jpg,2026-01-07 13:44:15,3,624
manual_capture_2026-01-07T08:14:08.206Z.jpg,2026-01-07 13:44:16,3,598
manual_capture_2026-01-07T08:14:09.072Z.jpg,2026-01-07 13:44:16,5,609
manual_capture_2026-01-07T08:14:11.651Z.jpg,2026-01-07 13:44:17,6,606
manual_capture_2026-01-07T08:14:14.465Z.jpg,2026-01-07 13:44:21,4,649
manual_capture_2026-01-07T08:14:17.011Z.jpg,2026-01-07 13:44:21,6,626
manual_capture_2026-01-07T08:14:19.040Z.jpg,2026-01-07 13:44:22,3,599
manual_capture_2026-01-07T08:14:19.794Z.jpg,2026-01-07 13:44:22,2,615
manual_capture_2026-01-07T08:14:21.013Z.jpg,2026-01-07 13:44:26,3,644
manual_capture_2026-01-07T08:14:23.412Z.jpg,2026-01-07 13:44:27,2,635
manual_capture_2026-01-07T08:14:24.069Z.jpg,2026-01-07 13:44:27,4,607
manual_capture_2026-01-07T08:14:24.771Z.jpg,2026-01-07 13:44:28,3,606
manual_capture_2026-01-07T08:14:24.815Z.jpg,2026-01-07 13:44:29,4,648
manual_capture_2026-01-07T08:14:25.346Z.jpg,2026-01-07 13:44:29,3,618
manual_capture_2026-01-07T08:14:27.134Z.jpg,2026-01-07 13:44:33,3,668
manual_capture_2026-01-07T08:14:27.447Z.jpg,2026-01-07 13:44:33,5,595
manual_capture_2026-01-07T08:14:28.719Z.jpg,2026-01-07 13:44:34,6,625
manual_capture_2026-01-07T08:14:29.279Z.jpg,2026-01-07 13:44:35,5,610
manual_capture_2026-01-07T08:14:30.345Z.jpg,2026-01-07 13:44:35,7,601
manual_capture_2026-01-07T08:14:31.777Z.jpg,2026-01-07 13:44:36,7,595
manual_capture_2026-01-07T08:14:32.509Z.jpg,2026-01-07 13:44:37,3,619
manual_capture_2026-01-07T08:14:33.468Z.jpg,2026-01-07 13:44:40,4,647
manual_capture_2026-01-07T08:14:33.713Z.jpg,2026-01-07 13:44:41,4,609
manual_capture_2026-01-07T08:14:34.981Z.jpg,2026-01-07 13:44:41,5,599
manual_capture_2026-01-07T08:14:35.434Z.jpg,2026-01-07 13:44:42,8,611
manual_capture_2026-01-07T08:14:35.531Z.jpg,2026-01-07 13:44:43,3,606
manual_capture_2026-01-07T08:14:36.098Z.jpg,2026-01-07 13:44:43,4,602
manual_capture_2026-01-07T08:14:36.639Z.jpg,2026-01-07 13:44:44,5,607
manual_capture_2026-01-07T08:14:37.003Z.jpg,2026-01-07 13:44:44,8,622
manual_capture_2026-01-07T08:14:37.621Z.jpg,2026-01-07 13:44:45,4,605
manual_capture_2026-01-07T08:14:38.548Z.jpg,2026-01-07 13:44:46,3,610
manual_capture_2026-01-07T08:14:38.896Z.jpg,2026-01-07 13:44:46,2,571
manual_capture_2026-01-07T08:14:39.758Z.jpg,2026-01-07 13:44:47,1,623
manual_capture_2026-01-07T08:14:40.101Z.jpg,2026-01-07 13:44:51,4,655
manual_capture_2026-01-07T08:14:40.907Z.jpg,2026-01-07 13:44:51,1,597
manual_capture_2026-01-07T08:14:41.245Z.jpg,2026-01-07 13:44:52,4,610
manual_capture_2026-01-07T08:14:41.749Z.jpg,2026-01-07 13:44:52,2,653
manual_capture_2026-01-07T08:14:41.818Z.jpg,2026-01-07 13:44:53,6,611
manual_capture_2026-01-07T08:14:42.569Z.jpg,2026-01-07 13:44:54,4,618
manual_capture_2026-01-07T08:14:42.693Z.jpg,2026-01-07 13:44:54,4,635
manual_capture_2026-01-07T08:14:43.472Z.jpg,2026-01-07 13:44:55,1,564
manual_capture_2026-01-07T08:14:43.569Z.jpg,2026-01-07 13:44:55,4,611
manual_capture_2026-01-07T08:14:43.881Z.jpg,2026-01-07 13:44:56,2,604
manual_capture_2026-01-07T08:14:44.261Z.jpg,2026-01-07 13:44:57,5,602
manual_capture_2026-01-07T08:14:45.302Z.jpg,2026-01-07 13:44:57,4,614
manual_capture_2026-01-07T08:14:45.697Z.jpg,2026-01-07 13:44:58,2,617
manual_capture_2026-01-07T08:14:46.127Z.jpg,2026-01-07 13:44:59,5,654
manual_capture_2026-01-07T08:14:46.695Z.jpg,2026-01-07 13:44:59,1,560
manual_capture_2026-01-07T08:14:47.127Z.jpg,2026-01-07 13:45:00,3,633
manual_capture_2026-01-07T08:14:47.164Z.jpg,2026-01-07 13:45:00,4,607
manual_capture_2026-01-07T08:14:47.994Z.jpg,2026-01-07 13:45:01,3,596
manual_capture_2026-01-07T08:14:48.395Z.jpg,2026-01-07 13:45:02,3,585
manual_capture_2026-01-07T08:14:48.558Z.jpg,2026-01-07 13:45:02,3,618
manual_capture_2026-01-07T08:14:49.185Z.jpg,2026-01-07 13:45:03,2,611
manual_capture_2026-01-07T08:14:49.186Z.jpg,2026-01-07 13:45:03,2,618
manual_capture_2026-01-07T08:14:50.080Z.jpg,2026-01-07 13:45:04,1,565
manual_capture_2026-01-07T08:14:50.636Z.jpg,2026-01-07 13:45:08,3,647
manual_capture_2026-01-07T08:14:50.972Z.jpg,2026-01-07 13:45:08,7,607
manual_capture_2026-01-07T08:14:51.135Z.jpg,2026-01-07 13:45:09,6,627
manual_capture_2026-01-07T08:14:52.326Z.jpg,2026-01-07 13:45:10,3,631
manual_capture_2026-01-07T08:14:52.460Z.jpg,2026-01-07 13:45:10,5,599
manual_capture_2026-01-07T08:14:52.867Z.jpg,2026-01-07 13:45:11,10,630
manual_capture_2026-01-07T08:14:53.004Z.jpg,2026-01-07 13:45:11,9,632
manual_capture_2026-01-07T08:14:53.442Z.jpg,2026-01-07 13:45:12,9,600
manual_capture_2026-01-07T08:14:54.081Z.jpg,2026-01-07 13:45:13,10,614
manual_capture_2026-01-07T08:14:54.478Z.jpg,2026-01-07 13:45:13,10,619
manual_capture_2026-01-07T08:14:55.103Z.jpg,2026-01-07 13:45:14,10,612
manual_capture_2026-01-07T08:14:55.604Z.jpg,2026-01-07 13:45:14,10,606
manual_capture_2026-01-07T08:14:56.021Z.jpg,2026-01-07 13:45:15,8,620
manual_capture_2026-01-07T08:14:56.448Z.jpg,2026-01-07 13:45:16,8,614
manual_capture_2026-01-07T08:14:56.555Z.jpg,2026-01-07 13:45:16,6,614
manual_capture_2026-01-07T08:14:57.117Z.jpg,2026-01-07 13:45:17,9,620
manual_capture_2026-01-07T08:14:57.225Z.jpg,2026-01-07 13:45:18,9,615
manual_capture_2026-01-07T08:14:57.927Z.jpg,2026-01-07 13:45:18,4,599
manual_capture_2026-01-07T08:14:58.508Z.jpg,2026-01-07 13:45:19,4,588
manual_capture_2026-01-07T08:14:59.127Z.jpg,2026-01-07 13:45:19,6,611
manual_capture_2026-01-07T08:14:59.670Z.jpg,2026-01-07 13:45:20,2,600
manual_capture_2026-01-07T08:15:00.337Z.jpg,2026-01-07 13:45:21,2,608
manual_capture_2026-01-07T08:15:01.054Z.jpg,2026-01-07 13:45:21,4,610
manual_capture_2026-01-07T08:15:01.590Z.jpg,2026-01-07 13:45:22,5,613
manual_capture_2026-01-07T08:15:02.191Z.jpg,2026-01-07 13:45:22,6,623
manual_capture_2026-01-07T08:15:02.995Z.jpg,2026-01-07 13:45:23,4,663
manual_capture_2026-01-07T08:15:04.078Z.jpg,2026-01-07 13:45:24,5,617
manual_capture_2026-01-07T08:15:04.466Z.jpg,2026-01-07 13:45:24,5,618
manual_capture_2026-01-07T08:15:04.775Z.jpg,2026-01-07 13:45:25,4,621
manual_capture_2026-01-07T08:15:05.632Z.jpg,2026-01-07 13:45:26,6,604
manual_capture_2026-01-07T08:15:05.637Z.jpg,2026-01-07 13:45:26,5,606
manual_capture_2026-01-07T08:15:05.877Z.jpg,2026-01-07 13:45:27,5,620
manual_capture_2026-01-07T08:15:06.151Z.jpg,2026-01-07 13:45:27,5,613
manual_capture_2026-01-07T08:15:06.471Z.jpg,2026-01-07 13:45:28,8,628
manual_capture_2026-01-07T08:15:06.738Z.jpg,2026-01-07 13:45:29,6,609
manual_capture_2026-01-07T08:15:07.421Z.jpg,2026-01-07 13:45:29,4,627
manual_capture_2026-01-07T08:15:07.777Z.jpg,2026-01-07 13:45:33,3,687
manual_capture_2026-01-07T08:15:08.614Z.jpg,2026-01-07 13:45:34,2,587
manual_capture_2026-01-07T08:15:09.248Z.jpg,2026-01-07 13:45:34,1,585
manual_capture_2026-01-07T08:15:09.692Z.jpg,2026-01-07 13:45:35,5,619
manual_capture_2026-01-07T08:15:10.177Z.jpg,2026-01-07 13:45:35,4,600
manual_capture_2026-01-07T08:15:11.213Z.jpg,2026-01-07 13:45:36,1,594
manual_capture_2026-01-07T08:15:11.977Z.jpg,2026-01-07 13:45:37,3,576
manual_capture_2026-01-07T08:15:12.372Z.jpg,2026-01-07 13:45:37,4,614
manual_capture_2026-01-07T08:15:13.022Z.jpg,2026-01-07 13:45:38,6,595
manual_capture_2026-01-07T08:15:13.907Z.jpg,2026-01-07 13:45:38,4,616
manual_capture_2026-01-07T08:15:14.485Z.jpg,2026-01-07 13:45:39,7,612
manual_capture_2026-01-07T08:15:15.547Z.jpg,2026-01-07 13:45:40,3,605
manual_capture_2026-01-07T08:15:15.950Z.jpg,2026-01-07 13:45:40,7,611
manual_capture_2026-01-07T08:15:16.489Z.jpg,2026-01-07 13:45:41,4,611
manual_capture_2026-01-07T08:15:16.731Z.jpg,2026-01-07 13:45:41,9,606
manual_capture_2026-01-07T08:15:17.332Z.jpg,2026-01-07 13:45:42,7,606
manual_capture_2026-01-07T08:15:17.607Z.jpg,2026-01-07 13:45:43,4,601
manual_capture_2026-01-07T08:15:17.680Z.jpg,2026-01-07 13:45:43,3,612
manual_capture_2026-01-07T08:15:19.148Z.jpg,2026-01-07 13:45:44,5,600
manual_capture_2026-01-07T08:15:19.727Z.jpg,2026-01-07 13:45:45,4,616
manual_capture_2026-01-07T08:15:20.347Z.jpg,2026-01-07 13:45:45,3,591
manual_capture_2026-01-07T08:15:20.745Z.jpg,2026-01-07 13:45:46,3,607
manual_capture_2026-01-07T08:15:21.129Z.jpg,2026-01-07 13:45:46,3,616
manual_capture_2026-01-07T08:15:21.575Z.jpg,2026-01-07 13:45:47,1,593
manual_capture_2026-01-07T08:15:22.773Z.jpg,2026-01-07 13:45:48,5,604
manual_capture_2026-01-07T08:15:23.410Z.jpg,2026-01-07 13:45:48,6,611
manual_capture_2026-01-07T08:15:23.701Z.jpg,2026-01-07 13:45:49,4,605
manual_capture_2026-01-07T08:15:24.062Z.jpg,2026-01-07 13:45:49,4,610
manual_capture_2026-01-07T08:15:24.695Z.jpg,2026-01-07 13:45:50,6,612
manual_capture_2026-01-07T08:15:24.866Z.jpg,2026-01-07 13:45:51,5,595
manual_capture_2026-01-07T08:15:25.787Z.jpg,2026-01-07 13:45:51,2,614
manual_capture_2026-01-07T08:15:26.141Z.jpg,2026-01-07 13:45:52,5,601
manual_capture_2026-01-07T08:15:26.528Z.jpg,2026-01-07 13:45:52,6,610
manual_capture_2026-01-07T08:15:27.105Z.jpg,2026-01-07 13:45:53,2,594
manual_capture_2026-01-07T08:15:27.480Z.jpg,2026-01-07 13:45:54,4,610
manual_capture_2026-01-07T08:15:27.824Z.jpg,2026-01-07 13:45:54,3,598
manual_capture_2026-01-07T08:15:28.391Z.jpg,2026-01-07 13:45:55,1,618
manual_capture_2026-01-07T08:15:28.752Z.jpg,2026-01-07 13:45:55,4,610
manual_capture_2026-01-07T08:15:29.076Z.jpg,2026-01-07 13:45:56,3,593
manual_capture_2026-01-07T08:15:29.694Z.jpg,2026-01-07 13:45:57,5,599
manual_capture_2026-01-07T08:15:30.391Z.jpg,2026-01-07 13:45:57,4,598
manual_capture_2026-01-07T08:15:30.834Z.jpg,2026-01-07 13:45:58,6,637
manual_capture_2026-01-07T08:15:31.219Z.jpg,2026-01-07 13:45:59,4,600
manual_capture_2026-01-07T08:15:31.348Z.jpg,2026-01-07 13:45:59,7,622
manual_capture_2026-01-07T08:15:32.629Z.jpg,2026-01-07 13:46:00,9,611
manual_capture_2026-01-07T08:15:32.724Z.jpg,2026-01-07 13:46:00,11,614
manual_capture_2026-01-07T08:15:33.137Z.jpg,2026-01-07 13:46:04,7,655
manual_capture_2026-01-07T08:15:34.910Z.jpg,2026-01-07 13:46:05,6,627
manual_capture_2026-01-07T08:15:35.337Z.jpg,2026-01-07 13:46:05,9,614
manual_capture_2026-01-07T08:15:36.666Z.jpg,2026-01-07 13:46:06,8,631
manual_capture_2026-01-07T08:15:37.722Z.jpg,2026-01-07 13:46:07,9,625
manual_capture_2026-01-07T08:15:38.368Z.jpg,2026-01-07 13:46:07,8,644
manual_capture_2026-01-07T08:15:39.796Z.jpg,2026-01-07 13:46:08,5,612
manual_capture_2026-01-07T08:15:40.920Z.jpg,2026-01-07 13:46:08,4,598
manual_capture_2026-01-07T08:15:41.859Z.jpg,2026-01-07 13:46:09,5,609
manual_capture_2026-01-07T08:15:42.293Z.jpg,2026-01-07 13:46:10,6,594
manual_capture_2026-01-07T08:15:43.088Z.jpg,2026-01-07 13:46:10,5,611
manual_capture_2026-01-07T08:15:43.736Z.jpg,2026-01-07 13:46:11,4,615
manual_capture_2026-01-07T08:15:45.124Z.jpg,2026-01-07 13:46:11,2,608
manual_capture_2026-01-07T08:15:45.770Z.jpg,2026-01-07 13:46:12,4,614
manual_capture_2026-01-07T08:15:47.183Z.jpg,2026-01-07 13:46:13,8,688
manual_capture_2026-01-07T08:15:47.658Z.jpg,2026-01-07 13:46:13,9,601
manual_capture_2026-01-07T08:15:48.359Z.jpg,2026-01-07 13:46:14,10,606
manual_capture_2026-01-07T08:15:49.248Z.jpg,2026-01-07 13:46:15,6,604
manual_capture_2026-01-07T08:15:49.817Z.jpg,2026-01-07 13:46:15,9,605
manual_capture_2026-01-07T08:15:50.194Z.jpg,2026-01-07 13:46:16,7,612
manual_capture_2026-01-07T08:15:50.719Z.jpg,2026-01-07 13:46:16,8,605
manual_capture_2026-01-07T08:15:51.826Z.jpg,2026-01-07 13:46:17,9,606
manual_capture_2026-01-07T08:15:52.515Z.jpg,2026-01-07 13:46:18,9,601
manual_capture_2026-01-07T08:15:53.108Z.jpg,2026-01-07 13:46:18,9,615
manual_capture_2026-01-07T08:15:54.505Z.jpg,2026-01-07 13:46:19,3,626
manual_capture_2026-01-07T08:15:54.767Z.jpg,2026-01-07 13:46:20,4,639
manual_capture_2026-01-07T08:15:54.873Z.jpg,2026-01-07 13:46:20,7,610
manual_capture_2026-01-07T08:15:55.958Z.jpg,2026-01-07 13:46:21,5,648
manual_capture_2026-01-07T08:15:56.635Z.jpg,2026-01-07 13:46:21,4,608
manual_capture_2026-01-07T08:15:57.250Z.jpg,2026-01-07 13:46:22,6,595
manual_capture_2026-01-07T08:15:57.572Z.jpg,2026-01-07 13:46:23,5,597
manual_capture_2026-01-07T08:15:57.629Z.jpg,2026-01-07 13:46:23,8,594
manual_capture_2026-01-07T08:15:58.408Z.jpg,2026-01-07 13:46:24,8,605
manual_capture_2026-01-07T08:15:58.923Z.jpg,2026-01-07 13:46:24,10,610
manual_capture_2026-01-07T08:15:59.317Z.jpg,2026-01-07 13:46:25,6,623
manual_capture_2026-01-07T08:16:00.015Z.jpg,2026-01-07 13:46:26,5,599
manual_capture_2026-01-07T08:16:00.290Z.jpg,2026-01-07 13:46:26,7,608
manual_capture_2026-01-07T08:16:01.379Z.jpg,2026-01-07 13:46:27,8,625
manual_capture_2026-01-07T08:16:02.350Z.jpg,2026-01-07 13:46:28,7,614
manual_capture_2026-01-07T08:16:03.175Z.jpg,2026-01-07 13:46:28,6,606
manual_capture_2026-01-07T08:16:03.671Z.jpg,2026-01-07 13:46:29,7,601
manual_capture_2026-01-07T08:16:04.483Z.jpg,2026-01-07 13:46:32,3,667
manual_capture_2026-01-07T08:16:04.955Z.jpg,2026-01-07 13:46:33,4,615
manual_capture_2026-01-07T08:16:05.665Z.jpg,2026-01-07 13:46:34,4,599
manual_capture_2026-01-07T08:16:06.255Z.jpg,2026-01-07 13:46:34,7,600
manual_capture_2026-01-07T08:16:06.906Z.jpg,2026-01-07 13:46:35,6,634
manual_capture_2026-01-07T08:16:07.549Z.jpg,2026-01-07 13:46:35,5,626
manual_capture_2026-01-07T08:16:08.547Z.jpg,2026-01-07 13:46:36,3,640
manual_capture_2026-01-07T08:16:09.188Z.jpg,2026-01-07 13:46:37,4,627
manual_capture_2026-01-07T08:16:09.837Z.jpg,2026-01-07 13:46:37,3,601
manual_capture_2026-01-07T08:16:10.601Z.jpg,2026-01-07 13:46:38,3,621
manual_capture_2026-01-07T08:16:11.522Z.jpg,2026-01-07 13:46:39,3,647
manual_capture_2026-01-07T08:16:11.841Z.jpg,2026-01-07 13:46:39,5,608
manual_capture_2026-01-07T08:16:12.625Z.jpg,2026-01-07 13:46:40,3,595
manual_capture_2026-01-07T08:16:13.259Z.jpg,2026-01-07 13:46:40,3,620
manual_capture_2026-01-07T08:16:14.000Z.jpg,2026-01-07 13:46:41,3,606
manual_capture_2026-01-07T08:16:14.492Z.jpg,2026-01-07 13:46:42,3,612
manual_capture_2026-01-07T08:16:15.357Z.jpg,2026-01-07 13:46:42,2,595
manual_capture_2026-01-07T08:16:15.458Z.jpg,2026-01-07 13:46:43,4,606
manual_capture_2026-01-07T08:16:16.726Z.jpg,2026-01-07 13:46:44,4,611
manual_capture_2026-01-07T08:16:17.182Z.jpg,2026-01-07 13:46:44,4,618
manual_capture_2026-01-07T08:16:17.827Z.jpg,2026-01-07 13:46:45,5,600
manual_capture_2026-01-07T08:16:18.091Z.jpg,2026-01-07 13:46:45,6,607
manual_capture_2026-01-07T08:16:18.521Z.jpg,2026-01-07 13:46:46,5,602
manual_capture_2026-01-07T08:16:18.535Z.jpg,2026-01-07 13:46:47,2,600
manual_capture_2026-01-07T08:16:18.992Z.jpg,2026-01-07 13:46:47,4,607
manual_capture_2026-01-07T08:16:20.502Z.jpg,2026-01-07 13:46:48,4,587
manual_capture_2026-01-07T08:16:20.795Z.jpg,2026-01-07 13:46:48,3,607
manual_capture_2026-01-07T08:16:21.613Z.jpg,2026-01-07 13:46:49,4,607
manual_capture_2026-01-07T08:16:22.280Z.jpg,2026-01-07 13:46:50,5,587
manual_capture_2026-01-07T08:16:23.388Z.jpg,2026-01-07 13:46:50,3,608
manual_capture_2026-01-07T08:16:24.306Z.jpg,2026-01-07 13:46:51,3,632
manual_capture_2026-01-07T08:16:24.651Z.jpg,2026-01-07 13:46:51,4,610
manual_capture_2026-01-07T08:16:24.831Z.jpg,2026-01-07 13:46:52,4,607
manual_capture_2026-01-07T08:16:25.284Z.jpg,2026-01-07 13:46:53,1,594
manual_capture_2026-01-07T08:16:25.389Z.jpg,2026-01-07 13:46:53,3,628
manual_capture_2026-01-07T08:16:26.795Z.jpg,2026-01-07 13:46:54,3,565
manual_capture_2026-01-07T08:16:27.007Z.jpg,2026-01-07 13:46:54,4,621
manual_capture_2026-01-07T08:16:27.395Z.jpg,2026-01-07 13:46:55,4,644
manual_capture_2026-01-07T08:16:27.888Z.jpg,2026-01-07 13:46:56,6,647
manual_capture_2026-01-07T08:16:28.694Z.jpg,2026-01-07 13:46:56,7,657
manual_capture_2026-01-07T08:16:28.986Z.jpg,2026-01-07 13:46:57,4,613
manual_capture_2026-01-07T08:16:29.097Z.jpg,2026-01-07 13:46:58,7,634
manual_capture_2026-01-07T08:16:29.846Z.jpg,2026-01-07 13:46:58,8,605
manual_capture_2026-01-07T08:16:30.317Z.jpg,2026-01-07 13:46:59,4,676
manual_capture_2026-01-07T08:16:30.389Z.jpg,2026-01-07 13:47:00,5,609
manual_capture_2026-01-07T08:16:30.637Z.jpg,2026-01-07 13:47:00,6,599
manual_capture_2026-01-07T08:16:31.558Z.jpg,2026-01-07 13:47:01,4,612
manual_capture_2026-01-07T08:16:31.624Z.jpg,2026-01-07 13:47:01,6,632
manual_capture_2026-01-07T08:16:32.057Z.jpg,2026-01-07 13:47:02,6,623
manual_capture_2026-01-07T08:16:32.905Z.jpg,2026-01-07 13:47:06,5,661
manual_capture_2026-01-07T08:16:33.328Z.jpg,2026-01-07 13:47:06,4,615
manual_capture_2026-01-07T08:16:33.600Z.jpg,2026-01-07 13:47:07,6,606
manual_capture_2026-01-07T08:16:34.117Z.jpg,2026-01-07 13:47:08,6,603
manual_capture_2026-01-07T08:16:34.346Z.jpg,2026-01-07 13:47:08,2,614
manual_capture_2026-01-07T08:16:34.479Z.jpg,2026-01-07 13:47:09,5,604
manual_capture_2026-01-07T08:16:35.298Z.jpg,2026-01-07 13:47:09,5,607
manual_capture_2026-01-07T08:16:35.383Z.jpg,2026-01-07 13:47:10,4,605
manual_capture_2026-01-07T08:16:35.987Z.jpg,2026-01-07 13:47:11,6,604
manual_capture_2026-01-07T08:16:36.872Z.jpg,2026-01-07 13:47:11,2,656
manual_capture_2026-01-07T08:16:37.207Z.jpg,2026-01-07 13:47:12,4,606
manual_capture_2026-01-07T08:16:37.277Z.jpg,2026-01-07 13:47:12,6,609
manual_capture_2026-01-07T08:16:38.015Z.jpg,2026-01-07 13:47:13,4,634
manual_capture_2026-01-07T08:16:38.429Z.jpg,2026-01-07 13:47:14,6,644
manual_capture_2026-01-07T08:16:38.722Z.jpg,2026-01-07 13:47:14,2,620
manual_capture_2026-01-07T08:16:38.807Z.jpg,2026-01-07 13:47:15,3,589
manual_capture_2026-01-07T08:16:39.496Z.jpg,2026-01-07 13:47:16,6,608
manual_capture_2026-01-07T08:16:39.911Z.jpg,2026-01-07 13:47:16,4,591
manual_capture_2026-01-07T08:16:40.405Z.jpg,2026-01-07 13:47:17,4,609
manual_capture_2026-01-07T08:16:41.348Z.jpg,2026-01-07 13:47:17,5,608
manual_capture_2026-01-07T08:16:41.762Z.jpg,2026-01-07 13:47:18,3,609
manual_capture_2026-01-07T08:16:42.131Z.jpg,2026-01-07 13:47:19,5,633
manual_capture_2026-01-07T08:16:42.742Z.jpg,2026-01-07 13:47:19,8,612
manual_capture_2026-01-07T08:16:43.426Z.jpg,2026-01-07 13:47:20,6,614
manual_capture_2026-01-07T08:16:44.277Z.jpg,2026-01-07 13:47:20,7,610
manual_capture_2026-01-07T08:16:45.503Z.jpg,2026-01-07 13:47:21,5,666
manual_capture_2026-01-07T08:16:46.209Z.jpg,2026-01-07 13:47:22,8,622
manual_capture_2026-01-07T08:16:46.688Z.jpg,2026-01-07 13:47:22,7,615
manual_capture_2026-01-07T08:16:47.691Z.jpg,2026-01-07 13:47:23,6,633
manual_capture_2026-01-07T08:16:48.614Z.jpg,2026-01-07 13:47:24,6,601
manual_capture_2026-01-07T08:16:49.293Z.jpg,2026-01-07 13:47:24,5,632
manual_capture_2026-01-07T08:16:49.680Z.jpg,2026-01-07 13:47:25,6,616
manual_capture_2026-01-07T08:16:49.794Z.jpg,2026-01-07 13:47:25,8,606
manual_capture_2026-01-07T08:16:50.579Z.jpg,2026-01-07 13:47:26,8,614
manual_capture_2026-01-07T08:16:51.217Z.jpg,2026-01-07 13:47:27,6,613
manual_capture_2026-01-07T08:16:51.977Z.jpg,2026-01-07 13:47:27,9,621
manual_capture_2026-01-07T08:16:52.304Z.jpg,2026-01-07 13:47:28,5,609
manual_capture_2026-01-07T08:16:53.027Z.jpg,2026-01-07 13:47:29,6,609
manual_capture_2026-01-07T08:16:53.731Z.jpg,2026-01-07 13:47:29,7,619
manual_capture_2026-01-07T08:16:54.280Z.jpg,2026-01-07 13:47:30,7,596
manual_capture_2026-01-07T08:16:54.695Z.jpg,2026-01-07 13:47:30,6,642
manual_capture_2026-01-07T08:16:54.874Z.jpg,2026-01-07 13:47:31,9,612
manual_capture_2026-01-07T08:16:56.161Z.jpg,2026-01-07 13:47:32,6,599
manual_capture_2026-01-07T08:16:56.214Z.jpg,2026-01-07 13:47:32,8,598
manual_capture_2026-01-07T08:16:56.912Z.jpg,2026-01-07 13:47:33,6,606
manual_capture_2026-01-07T08:16:57.456Z.jpg,2026-01-07 13:47:33,4,609
manual_capture_2026-01-07T08:16:57.863Z.jpg,2026-01-07 13:47:34,3,621
manual_capture_2026-01-07T08:16:58.566Z.jpg,2026-01-07 13:47:35,4,632
manual_capture_2026-01-07T08:16:59.051Z.jpg,2026-01-07 13:47:35,5,616
manual_capture_2026-01-07T08:16:59.651Z.jpg,2026-01-07 13:47:36,5,639
manual_capture_2026-01-07T08:17:00.815Z.jpg,2026-01-07 13:47:37,5,631
manual_capture_2026-01-07T08:17:01.313Z.jpg,2026-01-07 13:47:37,7,628
manual_capture_2026-01-07T08:17:01.551Z.jpg,2026-01-07 13:47:38,3,619
manual_capture_2026-01-07T08:17:02.637Z.jpg,2026-01-07 13:47:39,4,606
manual_capture_2026-01-07T08:17:03.286Z.jpg,2026-01-07 13:47:39,2,598
manual_capture_2026-01-07T08:17:03.495Z.jpg,2026-01-07 13:47:40,5,600
manual_capture_2026-01-07T08:17:03.598Z.jpg,2026-01-07 13:47:40,4,605
manual_capture_2026-01-07T08:17:04.437Z.jpg,2026-01-07 13:47:41,5,626
manual_capture_2026-01-07T08:17:05.004Z.jpg,2026-01-07 13:47:42,7,662
manual_capture_2026-01-07T08:17:05.520Z.jpg,2026-01-07 13:47:42,6,614
manual_capture_2026-01-07T08:17:06.161Z.jpg,2026-01-07 13:47:46,8,681
manual_capture_2026-01-07T08:17:06.362Z.jpg,2026-01-07 13:47:47,5,602
manual_capture_2026-01-07T08:17:06.433Z.jpg,2026-01-07 13:47:47,6,607
manual_capture_2026-01-07T08:17:07.243Z.jpg,2026-01-07 13:47:48,6,609
manual_capture_2026-01-07T08:17:07.856Z.jpg,2026-01-07 13:47:48,6,625
manual_capture_2026-01-07T08:17:08.205Z.jpg,2026-01-07 13:47:49,7,603
manual_capture_2026-01-07T08:17:08.692Z.jpg,2026-01-07 13:47:50,8,609
manual_capture_2026-01-07T08:17:08.727Z.jpg,2026-01-07 13:47:50,7,601
manual_capture_2026-01-07T08:17:10.092Z.jpg,2026-01-07 13:47:51,5,620
manual_capture_2026-01-07T08:17:11.809Z.jpg,2026-01-07 13:47:51,7,608
manual_capture_2026-01-07T08:17:12.359Z.jpg,2026-01-07 13:47:52,6,607
manual_capture_2026-01-07T08:17:13.015Z.jpg,2026-01-07 13:47:53,5,628
manual_capture_2026-01-07T08:17:13.537Z.jpg,2026-01-07 13:47:53,5,616
manual_capture_2026-01-07T08:17:13.804Z.jpg,2026-01-07 13:47:54,6,627
manual_capture_2026-01-07T08:17:14.250Z.jpg,2026-01-07 13:47:55,4,671
manual_capture_2026-01-07T08:17:14.701Z.jpg,2026-01-07 13:47:55,6,628
manual_capture_2026-01-07T08:17:15.321Z.jpg,2026-01-07 13:47:56,5,630
manual_capture_2026-01-07T08:17:15.987Z.jpg,2026-01-07 13:47:56,4,604
manual_capture_2026-01-07T08:17:16.158Z.jpg,2026-01-07 13:47:57,4,606
manual_capture_2026-01-07T08:17:17.120Z.jpg,2026-01-07 13:47:58,5,610
manual_capture_2026-01-07T08:17:17.409Z.jpg,2026-01-07 13:47:58,6,621
manual_capture_2026-01-07T08:17:17.715Z.jpg,2026-01-07 13:47:59,4,620
manual_capture_2026-01-07T08:17:18.243Z.jpg,2026-01-07 13:48:00,6,608
manual_capture_2026-01-07T08:17:18.322Z.jpg,2026-01-07 13:48:00,4,613
manual_capture_2026-01-07T08:17:19.246Z.jpg,2026-01-07 13:48:01,4,616
manual_capture_2026-01-07T08:17:19.519Z.jpg,2026-01-07 13:48:01,4,604
manual_capture_2026-01-07T08:17:19.781Z.jpg,2026-01-07 13:48:02,5,610
manual_capture_2026-01-07T08:17:20.132Z.jpg,2026-01-07 13:48:03,6,609
manual_capture_2026-01-07T08:17:20.577Z.jpg,2026-01-07 13:48:03,5,608
manual_capture_2026-01-07T08:17:21.219Z.jpg,2026-01-07 13:48:04,3,621
manual_capture_2026-01-07T08:17:21.850Z.jpg,2026-01-07 13:48:04,5,634
manual_capture_2026-01-07T08:17:22.308Z.jpg,2026-01-07 13:48:05,4,638
manual_capture_2026-01-07T08:17:23.155Z.jpg,2026-01-07 13:48:06,4,608
manual_capture_2026-01-07T08:17:23.470Z.jpg,2026-01-07 13:48:06,6,619
manual_capture_2026-01-07T08:17:24.053Z.jpg,2026-01-07 13:48:07,5,644
manual_capture_2026-01-07T08:17:24.331Z.jpg,2026-01-07 13:48:08,6,613
manual_capture_2026-01-07T08:17:24.545Z.jpg,2026-01-07 13:48:08,5,603
manual_capture_2026-01-07T08:17:24.948Z.jpg,2026-01-07 13:48:09,5,608
manual_capture_2026-01-07T08:17:25.756Z.jpg,2026-01-07 13:48:09,5,614
manual_capture_2026-01-07T08:17:26.142Z.jpg,2026-01-07 13:48:10,4,613
manual_capture_2026-01-07T08:17:26.546Z.jpg,2026-01-07 13:48:11,4,614
manual_capture_2026-01-07T08:17:26.939Z.jpg,2026-01-07 13:48:11,4,614
manual_capture_2026-01-07T08:17:27.080Z.jpg,2026-01-07 13:48:12,3,616
manual_capture_2026-01-07T08:17:27.697Z.jpg,2026-01-07 13:48:13,4,609
manual_capture_2026-01-07T08:17:28.001Z.jpg,2026-01-07 13:48:13,5,604
manual_capture_2026-01-07T08:17:28.711Z.jpg,2026-01-07 13:48:14,6,676
manual_capture_2026-01-07T08:17:29.012Z.jpg,2026-01-07 13:48:14,5,600
manual_capture_2026-01-07T08:17:29.481Z.jpg,2026-01-07 13:48:15,4,622
manual_capture_2026-01-07T08:17:30.402Z.jpg,2026-01-07 13:48:16,6,601
manual_capture_2026-01-07T08:17:30.943Z.jpg,2026-01-07 13:48:16,4,602
manual_capture_2026-01-07T08:17:32.156Z.jpg,2026-01-07 13:48:17,4,607
manual_capture_2026-01-07T08:17:32.564Z.jpg,2026-01-07 13:48:17,4,612
manual_capture_2026-01-07T08:17:33.127Z.jpg,2026-01-07 13:48:18,6,596
manual_capture_2026-01-07T08:17:33.576Z.jpg,2026-01-07 13:48:19,6,609
manual_capture_2026-01-07T08:17:33.752Z.jpg,2026-01-07 13:48:19,6,614
manual_capture_2026-01-07T08:17:34.485Z.jpg,2026-01-07 13:48:20,6,605
manual_capture_2026-01-07T08:17:34.798Z.jpg,2026-01-07 13:48:21,5,619
manual_capture_2026-01-07T08:17:35.291Z.jpg,2026-01-07 13:48:21,9,619
manual_capture_2026-01-07T08:17:35.757Z.jpg,2026-01-07 13:48:22,4,634
manual_capture_2026-01-07T08:17:36.049Z.jpg,2026-01-07 13:48:22,4,612
manual_capture_2026-01-07T08:17:36.537Z.jpg,2026-01-07 13:48:23,4,609
manual_capture_2026-01-07T08:17:37.004Z.jpg,2026-01-07 13:48:24,3,606
manual_capture_2026-01-07T08:17:37.816Z.jpg,2026-01-07 13:48:24,4,615
manual_capture_2026-01-07T08:17:38.167Z.jpg,2026-01-07 13:48:25,5,633
manual_capture_2026-01-07T08:17:39.101Z.jpg,2026-01-07 13:48:26,7,619
manual_capture_2026-01-07T08:17:39.637Z.jpg,2026-01-07 13:48:26,7,603
manual_capture_2026-01-07T08:17:39.735Z.jpg,2026-01-07 13:48:27,3,597
manual_capture_2026-01-07T08:17:40.728Z.jpg,2026-01-07 13:48:27,7,613
manual_capture_2026-01-07T08:17:41.268Z.jpg,2026-01-07 13:48:28,6,598
manual_capture_2026-01-07T08:17:42.274Z.jpg,2026-01-07 13:48:29,10,598
manual_capture_2026-01-07T08:17:42.615Z.jpg,2026-01-07 13:48:29,7,599
manual_capture_2026-01-07T08:17:42.989Z.jpg,2026-01-07 13:48:30,7,609
manual_capture_2026-01-07T08:17:43.451Z.jpg,2026-01-07 13:48:30,6,605
manual_capture_2026-01-07T08:17:43.963Z.jpg,2026-01-07 13:48:31,8,608
manual_capture_2026-01-07T08:17:44.405Z.jpg,2026-01-07 13:48:32,8,623
manual_capture_2026-01-07T08:17:45.143Z.jpg,2026-01-07 13:48:32,5,597
manual_capture_2026-01-07T08:17:45.183Z.jpg,2026-01-07 13:48:33,7,605
manual_capture_2026-01-07T08:17:46.989Z.jpg,2026-01-07 13:48:37,7,697
manual_capture_2026-01-07T08:17:47.843Z.jpg,2026-01-07 13:48:37,6,602
manual_capture_2026-01-07T08:17:48.154Z.jpg,2026-01-07 13:48:38,7,628
manual_capture_2026-01-07T08:17:48.507Z.jpg,2026-01-07 13:48:38,4,621
manual_capture_2026-01-07T08:17:49.106Z.jpg,2026-01-07 13:48:39,1,596
manual_capture_2026-01-07T08:17:50.519Z.jpg,2026-01-07 13:48:40,2,628
manual_capture_2026-01-07T08:17:51.061Z.jpg,2026-01-07 13:48:40,4,699
manual_capture_2026-01-07T08:17:51.638Z.jpg,2026-01-07 13:48:41,5,644
manual_capture_2026-01-07T08:17:52.485Z.jpg,2026-01-07 13:48:42,9,625
manual_capture_2026-01-07T08:17:53.254Z.jpg,2026-01-07 13:48:42,9,623
manual_capture_2026-01-07T08:17:53.706Z.jpg,2026-01-07 13:48:43,9,618
manual_capture_2026-01-07T08:17:54.352Z.jpg,2026-01-07 13:48:43,4,613
manual_capture_2026-01-07T08:17:55.234Z.jpg,2026-01-07 13:48:44,4,614
manual_capture_2026-01-07T08:17:55.638Z.jpg,2026-01-07 13:48:45,6,606
manual_capture_2026-01-07T08:17:55.729Z.jpg,2026-01-07 13:48:45,8,676
manual_capture_2026-01-07T08:17:56.209Z.jpg,2026-01-07 13:48:46,7,612
manual_capture_2026-01-07T08:17:57.117Z.jpg,2026-01-07 13:48:47,8,613
manual_capture_2026-01-07T08:17:57.897Z.jpg,2026-01-07 13:48:47,4,598
manual_capture_2026-01-07T08:17:58.593Z.jpg,2026-01-07 13:48:48,8,609
manual_capture_2026-01-07T08:17:59.614Z.jpg,2026-01-07 13:48:48,7,633
manual_capture_2026-01-07T08:18:01.098Z.jpg,2026-01-07 13:48:49,13,629
manual_capture_2026-01-07T08:18:02.778Z.jpg,2026-01-07 13:48:50,8,595
manual_capture_2026-01-07T08:18:03.826Z.jpg,2026-01-07 13:48:50,4,614
manual_capture_2026-01-07T08:18:04.347Z.jpg,2026-01-07 13:48:51,5,643
manual_capture_2026-01-07T08:18:05.394Z.jpg,2026-01-07 13:48:52,16,617
manual_capture_2026-01-07T08:18:06.062Z.jpg,2026-01-07 13:48:52,8,614
manual_capture_2026-01-07T08:18:06.292Z.jpg,2026-01-07 13:48:53,6,635
manual_capture_2026-01-07T08:18:06.942Z.jpg,2026-01-07 13:48:53,7,612
manual_capture_2026-01-07T08:18:07.065Z.jpg,2026-01-07 13:48:54,14,612
manual_capture_2026-01-07T08:18:07.436Z.jpg,2026-01-07 13:48:55,7,649
manual_capture_2026-01-07T08:18:07.530Z.jpg,2026-01-07 13:48:55,6,618
manual_capture_2026-01-07T08:18:09.138Z.jpg,2026-01-07 13:48:56,6,618
manual_capture_2026-01-07T08:18:10.862Z.jpg,2026-01-07 13:48:57,9,614
manual_capture_2026-01-07T08:18:11.368Z.jpg,2026-01-07 13:48:57,9,603
manual_capture_2026-01-07T08:18:11.724Z.jpg,2026-01-07 13:48:58,9,623
manual_capture_2026-01-07T08:18:12.605Z.jpg,2026-01-07 13:48:58,10,624
manual_capture_2026-01-07T08:18:13.018Z.jpg,2026-01-07 13:48:59,11,622
manual_capture_2026-01-07T08:18:13.127Z.jpg,2026-01-07 13:49:00,11,636
manual_capture_2026-01-07T08:18:13.564Z.jpg,2026-01-07 13:49:00,12,623
manual_capture_2026-01-07T08:18:14.799Z.jpg,2026-01-07 13:49:01,11,599
manual_capture_2026-01-07T08:18:16.749Z.jpg,2026-01-07 13:49:02,11,614
manual_capture_2026-01-07T08:18:17.755Z.jpg,2026-01-07 13:49:02,4,625
manual_capture_2026-01-07T08:18:17.987Z.jpg,2026-01-07 13:49:03,11,616
manual_capture_2026-01-07T08:18:18.866Z.jpg,2026-01-07 13:49:03,6,612
manual_capture_2026-01-07T08:18:20.316Z.jpg,2026-01-07 13:49:04,7,602
manual_capture_2026-01-07T08:18:20.366Z.jpg,2026-01-07 13:49:05,7,641
manual_capture_2026-01-07T08:18:21.515Z.jpg,2026-01-07 13:49:05,7,603
manual_capture_2026-01-07T08:18:21.693Z.jpg,2026-01-07 13:49:06,4,614
manual_capture_2026-01-07T08:18:21.925Z.jpg,2026-01-07 13:49:06,6,602
manual_capture_2026-01-07T08:18:22.737Z.jpg,2026-01-07 13:49:07,7,608
manual_capture_2026-01-07T08:18:23.587Z.jpg,2026-01-07 13:49:08,9,626
manual_capture_2026-01-07T08:18:24.425Z.jpg,2026-01-07 13:49:08,11,600
manual_capture_2026-01-07T08:18:24.571Z.jpg,2026-01-07 13:49:09,8,605
manual_capture_2026-01-07T08:18:25.299Z.jpg,2026-01-07 13:49:10,10,607
manual_capture_2026-01-07T08:18:26.049Z.jpg,2026-01-07 13:49:10,8,595
manual_capture_2026-01-07T08:18:26.634Z.jpg,2026-01-07 13:49:11,14,596
manual_capture_2026-01-07T08:18:27.067Z.jpg,2026-01-07 13:49:11,4,624
manual_capture_2026-01-07T08:18:27.096Z.jpg,2026-01-07 13:49:12,8,625
manual_capture_2026-01-07T08:18:27.523Z.jpg,2026-01-07 13:49:13,7,606
manual_capture_2026-01-07T08:18:27.883Z.jpg,2026-01-07 13:49:13,7,616
manual_capture_2026-01-07T08:18:28.731Z.jpg,2026-01-07 13:49:14,10,616
manual_capture_2026-01-07T08:18:29.109Z.jpg,2026-01-07 13:49:14,6,600
manual_capture_2026-01-07T08:18:29.194Z.jpg,2026-01-07 13:49:15,8,610
manual_capture_2026-01-07T08:18:30.134Z.jpg,2026-01-07 13:49:16,8,602
manual_capture_2026-01-07T08:18:31.129Z.jpg,2026-01-07 13:49:16,11,621
manual_capture_2026-01-07T08:18:32.567Z.jpg,2026-01-07 13:49:17,7,602
manual_capture_2026-01-07T08:18:32.753Z.jpg,2026-01-07 13:49:17,7,614
manual_capture_2026-01-07T08:18:32.909Z.jpg,2026-01-07 13:49:18,9,608
manual_capture_2026-01-07T08:18:33.717Z.jpg,2026-01-07 13:49:19,5,617
manual_capture_2026-01-07T08:18:34.457Z.jpg,2026-01-07 13:49:19,5,618
manual_capture_2026-01-07T08:18:34.948Z.jpg,2026-01-07 13:49:20,7,604
manual_capture_2026-01-07T08:18:34.992Z.jpg,2026-01-07 13:49:21,7,610
manual_capture_2026-01-07T08:18:35.377Z.jpg,2026-01-07 13:49:21,10,636
manual_capture_2026-01-07T08:18:35.437Z.jpg,2026-01-07 13:49:22,9,608
manual_capture_2026-01-07T08:18:36.087Z.jpg,2026-01-07 13:49:22,11,601
manual_capture_2026-01-07T08:18:37.030Z.jpg,2026-01-07 13:49:26,9,647
manual_capture_2026-01-07T08:18:37.497Z.jpg,2026-01-07 13:49:27,10,607
manual_capture_2026-01-07T08:18:38.127Z.jpg,2026-01-07 13:49:27,10,603
manual_capture_2026-01-07T08:18:39.074Z.jpg,2026-01-07 13:49:28,9,604
manual_capture_2026-01-07T08:18:39.536Z.jpg,2026-01-07 13:49:29,9,613
manual_capture_2026-01-07T08:18:39.884Z.jpg,2026-01-07 13:49:29,7,637
manual_capture_2026-01-07T08:18:39.980Z.jpg,2026-01-07 13:49:30,9,609
manual_capture_2026-01-07T08:18:41.259Z.jpg,2026-01-07 13:49:30,12,620
manual_capture_2026-01-07T08:18:42.078Z.jpg,2026-01-07 13:49:31,8,605
manual_capture_2026-01-07T08:18:42.377Z.jpg,2026-01-07 13:49:32,12,611
manual_capture_2026-01-07T08:18:42.461Z.jpg,2026-01-07 13:49:32,9,611
manual_capture_2026-01-07T08:18:43.337Z.jpg,2026-01-07 13:49:33,7,610
manual_capture_2026-01-07T08:18:43.446Z.jpg,2026-01-07 13:49:33,9,605
manual_capture_2026-01-07T08:18:44.471Z.jpg,2026-01-07 13:49:34,11,610
manual_capture_2026-01-07T08:18:45.402Z.jpg,2026-01-07 13:49:35,12,621
manual_capture_2026-01-07T08:18:45.720Z.jpg,2026-01-07 13:49:35,14,645
manual_capture_2026-01-07T08:18:46.571Z.jpg,2026-01-07 13:49:36,12,599
manual_capture_2026-01-07T08:18:47.038Z.jpg,2026-01-07 13:49:37,12,650
manual_capture_2026-01-07T08:18:48.365Z.jpg,2026-01-07 13:49:37,3,596
manual_capture_2026-01-07T08:18:49.183Z.jpg,2026-01-07 13:49:38,6,607
manual_capture_2026-01-07T08:18:49.547Z.jpg,2026-01-07 13:49:38,11,602
manual_capture_2026-01-07T08:18:49.896Z.jpg,2026-01-07 13:49:39,9,627
manual_capture_2026-01-07T08:18:50.400Z.jpg,2026-01-07 13:49:40,7,635
manual_capture_2026-01-07T08:18:50.595Z.jpg,2026-01-07 13:49:40,8,617
manual_capture_2026-01-07T08:18:50.720Z.jpg,2026-01-07 13:49:41,10,666
manual_capture_2026-01-07T08:18:51.415Z.jpg,2026-01-07 13:49:42,8,619
manual_capture_2026-01-07T08:18:51.596Z.jpg,2026-01-07 13:49:42,10,603
manual_capture_2026-01-07T08:18:52.252Z.jpg,2026-01-07 13:49:43,8,619
manual_capture_2026-01-07T08:18:52.894Z.jpg,2026-01-07 13:49:43,11,596
manual_capture_2026-01-07T08:18:53.498Z.jpg,2026-01-07 13:49:44,7,609
manual_capture_2026-01-07T08:18:53.983Z.jpg,2026-01-07 13:49:45,7,601
manual_capture_2026-01-07T08:18:54.196Z.jpg,2026-01-07 13:49:45,10,608
manual_capture_2026-01-07T08:18:54.566Z.jpg,2026-01-07 13:49:46,5,613
manual_capture_2026-01-07T08:18:54.712Z.jpg,2026-01-07 13:49:46,6,609
manual_capture_2026-01-07T08:18:55.310Z.jpg,2026-01-07 13:49:47,9,609
manual_capture_2026-01-07T08:18:55.592Z.jpg,2026-01-07 13:49:48,6,610
manual_capture_2026-01-07T08:18:56.138Z.jpg,2026-01-07 13:49:48,7,610
manual_capture_2026-01-07T08:18:56.212Z.jpg,2026-01-07 13:49:49,8,599
manual_capture_2026-01-07T08:23:56.365Z.jpg,2026-01-07 13:54:00,5,940
manual_capture_2026-01-07T08:23:56.965Z.jpg,2026-01-07 13:54:00,4,704
manual_capture_2026-01-07T08:23:57.548Z.jpg,2026-01-07 13:54:01,4,630
manual_capture_2026-01-07T08:23:58.045Z.jpg,2026-01-07 13:54:02,8,614
manual_capture_2026-01-07T08:23:58.520Z.jpg,2026-01-07 13:54:02,6,604
manual_capture_2026-01-07T08:23:58.986Z.jpg,2026-01-07 13:54:03,5,618
manual_capture_2026-01-07T08:23:59.341Z.jpg,2026-01-07 13:54:06,5,672
manual_capture_2026-01-07T08:24:00.184Z.jpg,2026-01-07 13:54:07,5,637
manual_capture_2026-01-07T08:24:00.785Z.jpg,2026-01-07 13:54:08,4,605
manual_capture_2026-01-07T08:24:01.634Z.jpg,2026-01-07 13:54:08,6,597
manual_capture_2026-01-07T08:24:02.648Z.jpg,2026-01-07 13:54:09,7,611
manual_capture_2026-01-07T08:24:03.725Z.jpg,2026-01-07 13:54:10,5,614
manual_capture_2026-01-07T08:24:04.398Z.jpg,2026-01-07 13:54:10,7,612
manual_capture_2026-01-07T08:24:04.963Z.jpg,2026-01-07 13:54:11,5,610
manual_capture_2026-01-07T08:24:05.794Z.jpg,2026-01-07 13:54:11,6,606
manual_capture_2026-01-07T08:24:06.375Z.jpg,2026-01-07 13:54:15,7,639
manual_capture_2026-01-07T08:24:06.841Z.jpg,2026-01-07 13:54:16,4,660
manual_capture_2026-01-07T08:24:07.518Z.jpg,2026-01-07 13:54:16,4,612
manual_capture_2026-01-07T08:24:07.943Z.jpg,2026-01-07 13:54:17,3,606
manual_capture_2026-01-07T08:24:08.527Z.jpg,2026-01-07 13:54:18,3,605
manual_capture_2026-01-07T08:24:09.183Z.jpg,2026-01-07 13:54:18,5,613
manual_capture_2026-01-07T08:24:09.663Z.jpg,2026-01-07 13:54:19,6,611
manual_capture_2026-01-07T08:24:10.131Z.jpg,2026-01-07 13:54:19,7,615
manual_capture_2026-01-07T08:24:10.839Z.jpg,2026-01-07 13:54:20,10,608
manual_capture_2026-01-07T08:24:11.471Z.jpg,2026-01-07 13:54:21,5,600
manual_capture_2026-01-07T08:24:11.915Z.jpg,2026-01-07 13:54:21,8,599
manual_capture_2026-01-07T08:24:12.436Z.jpg,2026-01-07 13:54:22,6,608
manual_capture_2026-01-07T08:24:12.854Z.jpg,2026-01-07 13:54:22,8,605
manual_capture_2026-01-07T08:24:13.315Z.jpg,2026-01-07 13:54:23,3,603
manual_capture_2026-01-07T08:24:13.787Z.jpg,2026-01-07 13:54:24,5,624
manual_capture_2026-01-07T08:24:14.322Z.jpg,2026-01-07 13:54:24,6,610
manual_capture_2026-01-07T08:24:14.764Z.jpg,2026-01-07 13:54:25,8,655
manual_capture_2026-01-07T08:24:15.390Z.jpg,2026-01-07 13:54:29,4,637
manual_capture_2026-01-07T08:24:15.773Z.jpg,2026-01-07 13:54:29,6,626
manual_capture_2026-01-07T08:24:16.377Z.jpg,2026-01-07 13:54:30,6,609
manual_capture_2026-01-07T08:24:17.133Z.jpg,2026-01-07 13:54:30,6,602
manual_capture_2026-01-07T08:24:17.603Z.jpg,2026-01-07 13:54:31,7,600
manual_capture_2026-01-07T08:24:18.134Z.jpg,2026-01-07 13:54:32,6,599
manual_capture_2026-01-07T08:24:18.562Z.jpg,2026-01-07 13:54:32,4,645
manual_capture_2026-01-07T08:24:19.435Z.jpg,2026-01-07 13:54:33,5,611
manual_capture_2026-01-07T08:24:20.315Z.jpg,2026-01-07 13:54:33,9,616
manual_capture_2026-01-07T08:24:21.190Z.jpg,2026-01-07 13:54:34,8,624
manual_capture_2026-01-07T08:24:22.504Z.jpg,2026-01-07 13:54:35,7,613
manual_capture_2026-01-07T08:24:23.029Z.jpg,2026-01-07 13:54:35,5,628
manual_capture_2026-01-07T08:24:23.810Z.jpg,2026-01-07 13:54:36,8,613
manual_capture_2026-01-07T08:24:24.553Z.jpg,2026-01-07 13:54:37,5,607
manual_capture_2026-01-07T08:24:25.353Z.jpg,2026-01-07 13:54:37,5,613
manual_capture_2026-01-07T08:24:26.307Z.jpg,2026-01-07 13:54:38,5,594
manual_capture_2026-01-07T08:24:26.910Z.jpg,2026-01-07 13:54:38,9,619
manual_capture_2026-01-07T08:24:31.262Z.jpg,2026-01-07 13:54:42,5,648
manual_capture_2026-01-07T08:24:32.353Z.jpg,2026-01-07 13:54:43,5,624
manual_capture_2026-01-07T08:24:32.865Z.jpg,2026-01-07 13:54:43,6,705
manual_capture_2026-01-07T08:24:33.378Z.jpg,2026-01-07 13:54:44,5,612
manual_capture_2026-01-07T08:24:34.086Z.jpg,2026-01-07 13:54:45,4,607
manual_capture_2026-01-07T08:24:34.661Z.jpg,2026-01-07 13:54:45,7,605
manual_capture_2026-01-07T08:24:35.277Z.jpg,2026-01-07 13:54:46,8,605
manual_capture_2026-01-07T08:24:36.022Z.jpg,2026-01-07 13:54:46,7,612
manual_capture_2026-01-07T08:24:36.585Z.jpg,2026-01-07 13:54:47,9,603
manual_capture_2026-01-07T08:24:38.005Z.jpg,2026-01-07 13:54:48,8,611
manual_capture_2026-01-07T08:24:38.804Z.jpg,2026-01-07 13:54:48,10,607
manual_capture_2026-01-07T08:24:39.880Z.jpg,2026-01-07 13:54:49,6,600
manual_capture_2026-01-07T08:24:40.873Z.jpg,2026-01-07 13:54:50,7,606
manual_capture_2026-01-07T08:24:42.455Z.jpg,2026-01-07 13:54:53,8,689
manual_capture_2026-01-07T08:24:43.070Z.jpg,2026-01-07 13:54:54,8,589
manual_capture_2026-01-07T08:24:43.785Z.jpg,2026-01-07 13:54:54,9,610
manual_capture_2026-01-07T08:24:44.633Z.jpg,2026-01-07 13:54:55,7,607
manual_capture_2026-01-07T08:24:45.432Z.jpg,2026-01-07 13:54:56,7,596
manual_capture_2026-01-07T08:24:46.031Z.jpg,2026-01-07 13:54:56,7,629
manual_capture_2026-01-07T08:24:47.321Z.jpg,2026-01-07 13:54:57,7,630
manual_capture_2026-01-07T08:24:48.232Z.jpg,2026-01-07 13:54:58,9,615
manual_capture_2026-01-07T08:24:52.610Z.jpg,2026-01-07 13:54:58,6,636
manual_capture_2026-01-07T08:24:53.573Z.jpg,2026-01-07 13:55:02,4,659
manual_capture_2026-01-07T08:24:54.412Z.jpg,2026-01-07 13:55:02,4,612
manual_capture_2026-01-07T08:24:54.901Z.jpg,2026-01-07 13:55:03,6,606
manual_capture_2026-01-07T08:24:56.029Z.jpg,2026-01-07 13:55:04,7,720
manual_capture_2026-01-07T08:24:56.897Z.jpg,2026-01-07 13:55:04,8,616
manual_capture_2026-01-07T08:24:57.546Z.jpg,2026-01-07 13:55:05,7,601
manual_capture_2026-01-07T08:24:58.441Z.jpg,2026-01-07 13:55:06,5,625
manual_capture_2026-01-07T08:24:59.353Z.jpg,2026-01-07 13:55:06,9,609
manual_capture_2026-01-07T08:25:00.375Z.jpg,2026-01-07 13:55:07,11,617
manual_capture_2026-01-07T08:25:01.432Z.jpg,2026-01-07 13:55:07,3,607
manual_capture_2026-01-07T08:25:02.591Z.jpg,2026-01-07 13:55:11,6,671
manual_capture_2026-01-07T08:25:03.647Z.jpg,2026-01-07 13:55:12,7,605
manual_capture_2026-01-07T08:25:04.633Z.jpg,2026-01-07 13:55:12,12,611
manual_capture_2026-01-07T08:25:05.587Z.jpg,2026-01-07 13:55:13,8,622
manual_capture_2026-01-07T08:25:06.302Z.jpg,2026-01-07 13:55:14,8,613
manual_capture_2026-01-07T08:25:07.090Z.jpg,2026-01-07 13:55:14,10,607
manual_capture_2026-01-07T08:25:08.266Z.jpg,2026-01-07 13:55:15,8,615
manual_capture_2026-01-07T08:25:09.116Z.jpg,2026-01-07 13:55:15,8,589
manual_capture_2026-01-07T08:25:09.797Z.jpg,2026-01-07 13:55:16,6,611
manual_capture_2026-01-07T08:25:10.354Z.jpg,2026-01-07 13:55:17,6,612
manual_capture_2026-01-07T08:25:11.199Z.jpg,2026-01-07 13:55:20,4,673
manual_capture_2026-01-07T08:25:11.879Z.jpg,2026-01-07 13:55:21,5,626
manual_capture_2026-01-07T08:25:12.625Z.jpg,2026-01-07 13:55:22,5,609
manual_capture_2026-01-07T08:25:13.190Z.jpg,2026-01-07 13:55:22,7,596
manual_capture_2026-01-07T08:25:13.855Z.jpg,2026-01-07 13:55:23,3,630
manual_capture_2026-01-07T08:25:14.363Z.jpg,2026-01-07 13:55:23,5,592
manual_capture_2026-01-07T08:25:14.839Z.jpg,2026-01-07 13:55:24,4,613
manual_capture_2026-01-07T08:25:16.123Z.jpg,2026-01-07 13:55:25,4,609
manual_capture_2026-01-07T08:25:16.677Z.jpg,2026-01-07 13:55:25,5,613
manual_capture_2026-01-07T08:25:17.559Z.jpg,2026-01-07 13:55:26,5,595
manual_capture_2026-01-07T08:25:18.224Z.jpg,2026-01-07 13:55:26,6,619
manual_capture_2026-01-07T08:25:19.195Z.jpg,2026-01-07 13:55:27,9,601
manual_capture_2026-01-07T08:25:20.427Z.jpg,2026-01-07 13:55:31,6,652
manual_capture_2026-01-07T08:25:21.124Z.jpg,2026-01-07 13:55:31,6,610
manual_capture_2026-01-07T08:25:22.098Z.jpg,2026-01-07 13:55:32,6,613
manual_capture_2026-01-07T08:25:22.756Z.jpg,2026-01-07 13:55:33,6,619
manual_capture_2026-01-07T08:25:23.804Z.jpg,2026-01-07 13:55:33,6,598
manual_capture_2026-01-07T08:25:24.636Z.jpg,2026-01-07 13:55:34,6,602
manual_capture_2026-01-07T08:25:25.408Z.jpg,2026-01-07 13:55:34,5,616
manual_capture_2026-01-07T08:25:26.099Z.jpg,2026-01-07 13:55:35,9,617
manual_capture_2026-01-07T08:25:26.566Z.jpg,2026-01-07 13:55:36,8,593
manual_capture_2026-01-07T08:25:27.184Z.jpg,2026-01-07 13:55:36,6,612
manual_capture_2026-01-07T08:25:28.036Z.jpg,2026-01-07 13:55:37,7,590
manual_capture_2026-01-07T08:25:28.718Z.jpg,2026-01-07 13:55:37,3,623
manual_capture_2026-01-07T08:25:29.570Z.jpg,2026-01-07 13:55:38,6,603
manual_capture_2026-01-07T08:25:30.375Z.jpg,2026-01-07 13:55:39,8,611
manual_capture_2026-01-07T08:25:30.994Z.jpg,2026-01-07 13:55:42,4,645
manual_capture_2026-01-07T08:25:32.170Z.jpg,2026-01-07 13:55:43,5,613
manual_capture_2026-01-07T08:25:32.747Z.jpg,2026-01-07 13:55:44,4,592
manual_capture_2026-01-07T08:25:34.263Z.jpg,2026-01-07 13:55:44,6,606
manual_capture_2026-01-07T08:25:35.503Z.jpg,2026-01-07 13:55:45,6,625
manual_capture_2026-01-07T08:25:36.348Z.jpg,2026-01-07 13:55:45,3,613
manual_capture_2026-01-07T08:25:37.506Z.jpg,2026-01-07 13:55:46,3,607
manual_capture_2026-01-07T08:25:38.340Z.jpg,2026-01-07 13:55:47,5,604
manual_capture_2026-01-07T08:25:39.091Z.jpg,2026-01-07 13:55:47,5,621
manual_capture_2026-01-07T08:25:39.840Z.jpg,2026-01-07 13:55:48,6,620
manual_capture_2026-01-07T08:25:40.540Z.jpg,2026-01-07 13:55:48,4,619
manual_capture_2026-01-07T08:25:41.219Z.jpg,2026-01-07 13:55:49,3,653
manual_capture_2026-01-07T08:25:41.966Z.jpg,2026-01-07 13:55:50,2,599
manual_capture_2026-01-07T08:25:42.661Z.jpg,2026-01-07 13:55:53,4,660
manual_capture_2026-01-07T08:25:43.401Z.jpg,2026-01-07 13:55:54,6,594
manual_capture_2026-01-07T08:25:44.264Z.jpg,2026-01-07 13:55:55,4,611
manual_capture_2026-01-07T08:25:44.951Z.jpg,2026-01-07 13:55:55,6,633
manual_capture_2026-01-07T08:25:45.590Z.jpg,2026-01-07 13:55:56,4,612
manual_capture_2026-01-07T08:25:46.193Z.jpg,2026-01-07 13:55:57,5,607
manual_capture_2026-01-07T08:25:46.862Z.jpg,2026-01-07 13:55:57,4,641
manual_capture_2026-01-07T08:25:47.419Z.jpg,2026-01-07 13:55:58,4,693
manual_capture_2026-01-07T08:25:47.965Z.jpg,2026-01-07 13:55:58,5,613
manual_capture_2026-01-07T08:25:48.389Z.jpg,2026-01-07 13:55:59,7,601
manual_capture_2026-01-07T08:25:49.929Z.jpg,2026-01-07 13:56:00,5,607
manual_capture_2026-01-07T08:25:50.644Z.jpg,2026-01-07 13:56:00,2,611
manual_capture_2026-01-07T08:25:51.394Z.jpg,2026-01-07 13:56:01,6,765
manual_capture_2026-01-07T08:25:52.514Z.jpg,2026-01-07 13:56:02,2,699
manual_capture_2026-01-07T08:25:54.033Z.jpg,2026-01-07 13:56:05,3,670
manual_capture_2026-01-07T08:25:54.743Z.jpg,2026-01-07 13:56:06,6,601
manual_capture_2026-01-07T08:25:55.616Z.jpg,2026-01-07 13:56:07,2,690
manual_capture_2026-01-07T08:25:56.310Z.jpg,2026-01-07 13:56:07,4,612
manual_capture_2026-01-07T08:25:56.863Z.jpg,2026-01-07 13:56:08,4,618
manual_capture_2026-01-07T08:25:57.593Z.jpg,2026-01-07 13:56:09,3,610
manual_capture_2026-01-07T08:25:58.115Z.jpg,2026-01-07 13:56:09,1,602
manual_capture_2026-01-07T08:25:58.580Z.jpg,2026-01-07 13:56:10,5,603
manual_capture_2026-01-07T08:25:59.354Z.jpg,2026-01-07 13:56:10,5,601
manual_capture_2026-01-07T08:25:59.831Z.jpg,2026-01-07 13:56:11,3,605
manual_capture_2026-01-07T08:26:00.569Z.jpg,2026-01-07 13:56:12,3,607
manual_capture_2026-01-07T08:26:01.724Z.jpg,2026-01-07 13:56:12,4,633
manual_capture_2026-01-07T08:26:02.582Z.jpg,2026-01-07 13:56:13,3,606
manual_capture_2026-01-07T08:26:03.420Z.jpg,2026-01-07 13:56:13,4,609
manual_capture_2026-01-07T08:26:04.158Z.jpg,2026-01-07 13:56:14,2,614
manual_capture_2026-01-07T08:26:04.656Z.jpg,2026-01-07 13:56:15,0,585
manual_capture_2026-01-07T08:26:05.196Z.jpg,2026-01-07 13:56:15,2,616
manual_capture_2026-01-07T08:26:05.764Z.jpg,2026-01-07 13:56:19,3,642
manual_capture_2026-01-07T08:26:06.389Z.jpg,2026-01-07 13:56:20,3,595
manual_capture_2026-01-07T08:26:07.072Z.jpg,2026-01-07 13:56:20,4,618
manual_capture_2026-01-07T08:26:08.103Z.jpg,2026-01-07 13:56:21,4,612
manual_capture_2026-01-07T08:26:08.784Z.jpg,2026-01-07 13:56:21,4,589
manual_capture_2026-01-07T08:26:09.837Z.jpg,2026-01-07 13:56:22,3,615
manual_capture_2026-01-07T08:26:11.487Z.jpg,2026-01-07 13:56:23,4,610
manual_capture_2026-01-07T08:26:12.301Z.jpg,2026-01-07 13:56:23,6,614
manual_capture_2026-01-07T08:26:13.485Z.jpg,2026-01-07 13:56:24,2,602
manual_capture_2026-01-07T08:26:14.115Z.jpg,2026-01-07 13:56:24,4,606
manual_capture_2026-01-07T08:26:14.795Z.jpg,2026-01-07 13:56:25,3,646
manual_capture_2026-01-07T08:26:15.763Z.jpg,2026-01-07 13:56:26,2,599
manual_capture_2026-01-07T08:26:16.631Z.jpg,2026-01-07 13:56:26,4,598
manual_capture_2026-01-07T08:26:17.906Z.jpg,2026-01-07 13:56:27,5,598
manual_capture_2026-01-07T08:26:18.587Z.jpg,2026-01-07 13:56:27,4,614
manual_capture_2026-01-07T08:26:19.431Z.jpg,2026-01-07 13:56:31,2,726
manual_capture_2026-01-07T08:26:20.275Z.jpg,2026-01-07 13:56:32,2,614
manual_capture_2026-01-07T08:26:20.946Z.jpg,2026-01-07 13:56:32,4,629
manual_capture_2026-01-07T08:26:21.701Z.jpg,2026-01-07 13:56:33,2,615
manual_capture_2026-01-07T08:26:22.182Z.jpg,2026-01-07 13:56:34,3,712
manual_capture_2026-01-07T08:26:23.020Z.jpg,2026-01-07 13:56:34,2,646
manual_capture_2026-01-07T08:26:23.690Z.jpg,2026-01-07 13:56:35,3,615
manual_capture_2026-01-07T08:26:24.118Z.jpg,2026-01-07 13:56:36,5,618
manual_capture_2026-01-07T08:26:24.818Z.jpg,2026-01-07 13:56:36,4,602
manual_capture_2026-01-07T08:26:25.384Z.jpg,2026-01-07 13:56:37,3,611
manual_capture_2026-01-07T08:26:26.512Z.jpg,2026-01-07 13:56:38,3,616
manual_capture_2026-01-07T08:26:27.238Z.jpg,2026-01-07 13:56:38,2,620
manual_capture_2026-01-07T08:26:27.818Z.jpg,2026-01-07 13:56:39,5,599
manual_capture_2026-01-07T08:26:28.845Z.jpg,2026-01-07 13:56:39,1,622
manual_capture_2026-01-07T08:26:29.486Z.jpg,2026-01-07 13:56:40,2,621
manual_capture_2026-01-07T08:26:29.962Z.jpg,2026-01-07 13:56:41,4,607
manual_capture_2026-01-07T08:26:30.863Z.jpg,2026-01-07 13:56:41,3,622
manual_capture_2026-01-07T08:26:31.381Z.jpg,2026-01-07 13:56:45,2,699
manual_capture_2026-01-07T08:26:32.076Z.jpg,2026-01-07 13:56:46,4,610
manual_capture_2026-01-07T08:26:32.426Z.jpg,2026-01-07 13:56:46,2,654
manual_capture_2026-01-07T08:26:33.131Z.jpg,2026-01-07 13:56:47,3,606
manual_capture_2026-01-07T08:26:33.706Z.jpg,2026-01-07 13:56:47,5,609
manual_capture_2026-01-07T08:26:34.222Z.jpg,2026-01-07 13:56:48,4,620
manual_capture_2026-01-07T08:26:34.807Z.jpg,2026-01-07 13:56:49,6,614
manual_capture_2026-01-07T08:26:36.277Z.jpg,2026-01-07 13:56:49,5,615
manual_capture_2026-01-07T08:26:37.014Z.jpg,2026-01-07 13:56:50,4,635
manual_capture_2026-01-07T08:26:37.761Z.jpg,2026-01-07 13:56:51,6,601
manual_capture_2026-01-07T08:26:38.166Z.jpg,2026-01-07 13:56:51,4,616
manual_capture_2026-01-07T08:26:38.785Z.jpg,2026-01-07 13:56:52,4,612
manual_capture_2026-01-07T08:26:39.711Z.jpg,2026-01-07 13:56:52,4,600
manual_capture_2026-01-07T08:26:41.917Z.jpg,2026-01-07 13:56:53,3,605
manual_capture_2026-01-07T08:26:42.835Z.jpg,2026-01-07 13:56:54,4,620
manual_capture_2026-01-07T08:26:43.387Z.jpg,2026-01-07 13:56:54,5,625
manual_capture_2026-01-07T08:26:43.774Z.jpg,2026-01-07 13:56:55,3,641
manual_capture_2026-01-07T08:26:44.348Z.jpg,2026-01-07 13:56:56,3,624
manual_capture_2026-01-07T08:26:44.847Z.jpg,2026-01-07 13:57:00,2,1070
manual_capture_2026-01-07T08:26:45.485Z.jpg,2026-01-07 13:57:00,6,721
manual_capture_2026-01-07T08:26:46.659Z.jpg,2026-01-07 13:57:01,6,604
manual_capture_2026-01-07T08:26:47.134Z.jpg,2026-01-07 13:57:02,2,602
manual_capture_2026-01-07T08:26:48.068Z.jpg,2026-01-07 13:57:02,3,617
manual_capture_2026-01-07T08:26:48.522Z.jpg,2026-01-07 13:57:03,7,665
manual_capture_2026-01-07T08:26:49.331Z.jpg,2026-01-07 13:57:03,6,653
manual_capture_2026-01-07T08:26:49.889Z.jpg,2026-01-07 13:57:04,6,614
manual_capture_2026-01-07T08:26:50.555Z.jpg,2026-01-07 13:57:05,6,614
manual_capture_2026-01-07T08:26:51.256Z.jpg,2026-01-07 13:57:05,5,602
manual_capture_2026-01-07T08:26:52.010Z.jpg,2026-01-07 13:57:06,6,617
manual_capture_2026-01-07T08:26:52.995Z.jpg,2026-01-07 13:57:07,4,621
manual_capture_2026-01-07T08:26:53.763Z.jpg,2026-01-07 13:57:07,7,641
manual_capture_2026-01-07T08:26:55.478Z.jpg,2026-01-07 13:57:08,2,605
manual_capture_2026-01-07T08:26:56.314Z.jpg,2026-01-07 13:57:08,6,627
manual_capture_2026-01-07T08:26:57.335Z.jpg,2026-01-07 13:57:09,7,588
manual_capture_2026-01-07T08:26:58.801Z.jpg,2026-01-07 13:57:10,5,632
manual_capture_2026-01-07T08:27:00.384Z.jpg,2026-01-07 13:57:13,5,677
manual_capture_2026-01-07T08:27:01.762Z.jpg,2026-01-07 13:57:14,9,612
manual_capture_2026-01-07T08:27:02.595Z.jpg,2026-01-07 13:57:15,7,619
manual_capture_2026-01-07T08:27:03.264Z.jpg,2026-01-07 13:57:15,4,606
manual_capture_2026-01-07T08:27:04.004Z.jpg,2026-01-07 13:57:16,4,634
manual_capture_2026-01-07T08:27:04.566Z.jpg,2026-01-07 13:57:16,7,633
manual_capture_2026-01-07T08:27:05.705Z.jpg,2026-01-07 13:57:17,7,606
manual_capture_2026-01-07T08:27:06.545Z.jpg,2026-01-07 13:57:18,6,638
manual_capture_2026-01-07T08:27:06.950Z.jpg,2026-01-07 13:57:18,6,625
manual_capture_2026-01-07T08:27:07.424Z.jpg,2026-01-07 13:57:19,5,620
manual_capture_2026-01-07T08:27:08.102Z.jpg,2026-01-07 13:57:20,5,604
manual_capture_2026-01-07T08:27:09.532Z.jpg,2026-01-07 13:57:20,5,618
manual_capture_2026-01-07T08:27:11.347Z.jpg,2026-01-07 13:57:21,6,612
manual_capture_2026-01-07T08:27:12.665Z.jpg,2026-01-07 13:57:21,3,600
manual_capture_2026-01-07T08:27:13.544Z.jpg,2026-01-07 13:57:25,7,721
manual_capture_2026-01-07T08:27:14.169Z.jpg,2026-01-07 13:57:26,6,629
manual_capture_2026-01-07T08:27:14.799Z.jpg,2026-01-07 13:57:26,6,607
manual_capture_2026-01-07T08:27:15.684Z.jpg,2026-01-07 13:57:27,6,610
manual_capture_2026-01-07T08:27:16.281Z.jpg,2026-01-07 13:57:28,4,617
manual_capture_2026-01-07T08:27:16.917Z.jpg,2026-01-07 13:57:28,5,620
manual_capture_2026-01-07T08:27:17.511Z.jpg,2026-01-07 13:57:29,3,609
manual_capture_2026-01-07T08:27:18.159Z.jpg,2026-01-07 13:57:29,3,609
manual_capture_2026-01-07T08:27:18.766Z.jpg,2026-01-07 13:57:30,3,608
manual_capture_2026-01-07T08:27:19.115Z.jpg,2026-01-07 13:57:31,6,603
manual_capture_2026-01-07T08:27:19.815Z.jpg,2026-01-07 13:57:31,6,598
manual_capture_2026-01-07T08:27:20.379Z.jpg,2026-01-07 13:57:32,8,671
manual_capture_2026-01-07T08:27:20.999Z.jpg,2026-01-07 13:57:33,4,601
manual_capture_2026-01-07T08:27:22.330Z.jpg,2026-01-07 13:57:33,4,621
manual_capture_2026-01-07T08:27:24.058Z.jpg,2026-01-07 13:57:34,6,612
manual_capture_2026-01-07T08:27:24.633Z.jpg,2026-01-07 13:57:34,7,633
manual_capture_2026-01-07T08:27:25.331Z.jpg,2026-01-07 13:57:38,7,656
manual_capture_2026-01-07T08:27:26.316Z.jpg,2026-01-07 13:57:39,8,609
manual_capture_2026-01-07T08:27:27.786Z.jpg,2026-01-07 13:57:39,6,602
manual_capture_2026-01-07T08:27:29.504Z.jpg,2026-01-07 13:57:40,4,592
manual_capture_2026-01-07T08:27:30.393Z.jpg,2026-01-07 13:57:41,7,701
manual_capture_2026-01-07T08:27:31.328Z.jpg,2026-01-07 13:57:41,6,605
manual_capture_2026-01-07T08:27:31.927Z.jpg,2026-01-07 13:57:42,3,615
manual_capture_2026-01-07T08:27:32.590Z.jpg,2026-01-07 13:57:42,4,612
manual_capture_2026-01-07T08:27:33.587Z.jpg,2026-01-07 13:57:43,4,615
manual_capture_2026-01-07T08:27:34.457Z.jpg,2026-01-07 13:57:44,6,627
manual_capture_2026-01-07T08:27:35.219Z.jpg,2026-01-07 13:57:44,7,651
manual_capture_2026-01-07T08:27:36.011Z.jpg,2026-01-07 13:57:45,6,616
manual_capture_2026-01-07T08:27:37.525Z.jpg,2026-01-07 13:57:46,5,611
manual_capture_2026-01-07T08:27:38.458Z.jpg,2026-01-07 13:57:49,5,649
manual_capture_2026-01-07T08:27:40.643Z.jpg,2026-01-07 13:57:50,7,626
manual_capture_2026-01-07T08:27:42.289Z.jpg,2026-01-07 13:57:51,5,603
manual_capture_2026-01-07T08:27:43.052Z.jpg,2026-01-07 13:57:51,6,611
manual_capture_2026-01-07T08:27:44.551Z.jpg,2026-01-07 13:57:52,7,606
manual_capture_2026-01-07T08:27:45.708Z.jpg,2026-01-07 13:57:52,5,595
manual_capture_2026-01-07T08:27:46.439Z.jpg,2026-01-07 13:57:53,8,612
manual_capture_2026-01-07T08:27:47.356Z.jpg,2026-01-07 13:57:54,4,641
manual_capture_2026-01-07T08:27:48.119Z.jpg,2026-01-07 13:57:54,4,638
manual_capture_2026-01-07T08:27:48.862Z.jpg,2026-01-07 13:57:55,6,605
manual_capture_2026-01-07T08:27:49.352Z.jpg,2026-01-07 13:57:59,7,659
manual_capture_2026-01-07T08:27:50.023Z.jpg,2026-01-07 13:57:59,7,607
manual_capture_2026-01-07T08:27:50.790Z.jpg,2026-01-07 13:58:00,9,665
manual_capture_2026-01-07T08:27:51.259Z.jpg,2026-01-07 13:58:00,7,641
manual_capture_2026-01-07T08:27:52.062Z.jpg,2026-01-07 13:58:01,7,607
manual_capture_2026-01-07T08:27:53.633Z.jpg,2026-01-07 13:58:02,7,772
manual_capture_2026-01-07T08:27:54.013Z.jpg,2026-01-07 13:58:02,6,626
manual_capture_2026-01-07T08:27:54.647Z.jpg,2026-01-07 13:58:03,5,612
manual_capture_2026-01-07T08:27:55.387Z.jpg,2026-01-07 13:58:04,5,626
manual_capture_2026-01-07T08:27:56.636Z.jpg,2026-01-07 13:58:04,3,625
manual_capture_2026-01-07T08:27:57.452Z.jpg,2026-01-07 13:58:05,2,619
manual_capture_2026-01-07T08:27:58.304Z.jpg,2026-01-07 13:58:06,6,647
manual_capture_2026-01-07T08:27:58.890Z.jpg,2026-01-07 13:58:09,5,636
manual_capture_2026-01-07T08:27:59.419Z.jpg,2026-01-07 13:58:10,5,597
manual_capture_2026-01-07T08:28:00.116Z.jpg,2026-01-07 13:58:10,6,626
manual_capture_2026-01-07T08:28:01.317Z.jpg,2026-01-07 13:58:11,3,599
manual_capture_2026-01-07T08:28:01.937Z.jpg,2026-01-07 13:58:12,3,627
manual_capture_2026-01-07T08:28:02.697Z.jpg,2026-01-07 13:58:12,4,622
manual_capture_2026-01-07T08:28:03.578Z.jpg,2026-01-07 13:58:13,1,614
manual_capture_2026-01-07T08:28:03.804Z.jpg,2026-01-07 13:58:14,2,619
manual_capture_2026-01-07T08:28:04.124Z.jpg,2026-01-07 13:58:14,3,652
manual_capture_2026-01-07T08:28:04.890Z.jpg,2026-01-07 13:58:15,2,599
manual_capture_2026-01-07T08:28:05.454Z.jpg,2026-01-07 13:58:15,2,653
manual_capture_2026-01-07T08:28:06.375Z.jpg,2026-01-07 13:58:16,2,733
manual_capture_2026-01-07T08:28:07.088Z.jpg,2026-01-07 13:58:17,2,616
manual_capture_2026-01-07T08:28:08.263Z.jpg,2026-01-07 13:58:17,2,609
manual_capture_2026-01-07T08:28:08.792Z.jpg,2026-01-07 13:58:18,5,690
manual_capture_2026-01-07T08:28:12.140Z.jpg,2026-01-07 13:58:22,2,706
manual_capture_2026-01-07T08:28:13.058Z.jpg,2026-01-07 13:58:23,2,615
manual_capture_2026-01-07T08:28:13.246Z.jpg,2026-01-07 13:58:23,4,697
manual_capture_2026-01-07T08:28:13.923Z.jpg,2026-01-07 13:58:24,3,610
manual_capture_2026-01-07T08:28:15.413Z.jpg,2026-01-07 13:58:24,2,639
manual_capture_2026-01-07T08:28:16.492Z.jpg,2026-01-07 13:58:25,4,644
manual_capture_2026-01-07T08:28:17.434Z.jpg,2026-01-07 13:58:26,6,614
manual_capture_2026-01-07T08:28:18.237Z.jpg,2026-01-07 13:58:26,5,616
manual_capture_2026-01-07T08:28:18.855Z.jpg,2026-01-07 13:58:27,4,612
manual_capture_2026-01-07T08:28:19.087Z.jpg,2026-01-07 13:58:28,4,613
manual_capture_2026-01-07T08:28:19.101Z.jpg,2026-01-07 13:58:28,5,596
manual_capture_2026-01-07T08:28:19.287Z.jpg,2026-01-07 13:58:29,5,609
manual_capture_2026-01-07T08:28:19.859Z.jpg,2026-01-07 13:58:29,3,617
manual_capture_2026-01-07T08:28:22.887Z.jpg,2026-01-07 13:58:33,6,655
manual_capture_2026-01-07T08:28:22.895Z.jpg,2026-01-07 13:58:34,3,596
manual_capture_2026-01-07T08:28:22.938Z.jpg,2026-01-07 13:58:34,4,614
manual_capture_2026-01-07T08:28:23.801Z.jpg,2026-01-07 13:58:35,3,635
manual_capture_2026-01-07T08:28:24.254Z.jpg,2026-01-07 13:58:36,2,596
manual_capture_2026-01-07T08:28:25.185Z.jpg,2026-01-07 13:58:36,2,661
manual_capture_2026-01-07T08:28:26.255Z.jpg,2026-01-07 13:58:37,1,609
manual_capture_2026-01-07T08:28:26.829Z.jpg,2026-01-07 13:58:37,2,585
manual_capture_2026-01-07T08:28:27.861Z.jpg,2026-01-07 13:58:38,2,600
manual_capture_2026-01-07T08:28:28.667Z.jpg,2026-01-07 13:58:39,2,592
manual_capture_2026-01-07T08:28:29.832Z.jpg,2026-01-07 13:58:39,2,598
manual_capture_2026-01-07T08:28:33.679Z.jpg,2026-01-07 13:58:43,4,636
manual_capture_2026-01-07T08:28:34.329Z.jpg,2026-01-07 13:58:43,4,629
manual_capture_2026-01-07T08:28:35.651Z.jpg,2026-01-07 13:58:44,7,596
manual_capture_2026-01-07T08:28:36.405Z.jpg,2026-01-07 13:58:45,5,611
manual_capture_2026-01-07T08:28:37.153Z.jpg,2026-01-07 13:58:45,3,593
manual_capture_2026-01-07T08:28:38.358Z.jpg,2026-01-07 13:58:46,5,601
manual_capture_2026-01-07T08:28:39.619Z.jpg,2026-01-07 13:58:46,4,593
manual_capture_2026-01-07T08:28:40.426Z.jpg,2026-01-07 13:58:47,4,602
manual_capture_2026-01-07T08:28:40.935Z.jpg,2026-01-07 13:58:48,4,622
manual_capture_2026-01-07T08:28:42.204Z.jpg,2026-01-07 13:58:48,4,594
manual_capture_2026-01-07T08:28:43.123Z.jpg,2026-01-07 13:58:52,4,656
manual_capture_2026-01-07T08:28:44.021Z.jpg,2026-01-07 13:58:53,3,611
manual_capture_2026-01-07T08:28:44.961Z.jpg,2026-01-07 13:58:53,5,680
manual_capture_2026-01-07T08:28:45.686Z.jpg,2026-01-07 13:58:54,4,634
manual_capture_2026-01-07T08:28:46.754Z.jpg,2026-01-07 13:58:55,4,642
manual_capture_2026-01-07T08:28:47.345Z.jpg,2026-01-07 13:58:55,4,623
manual_capture_2026-01-07T08:28:48.220Z.jpg,2026-01-07 13:58:56,4,624
manual_capture_2026-01-07T08:28:48.625Z.jpg,2026-01-07 13:58:56,5,645
manual_capture_2026-01-07T08:28:49.342Z.jpg,2026-01-07 13:58:57,4,652
manual_capture_2026-01-07T08:28:50.071Z.jpg,2026-01-07 13:58:58,6,682
manual_capture_2026-01-07T08:28:50.833Z.jpg,2026-01-07 13:58:58,6,615
manual_capture_2026-01-07T08:28:51.516Z.jpg,2026-01-07 13:58:59,7,608
manual_capture_2026-01-07T08:28:52.404Z.jpg,2026-01-07 13:59:03,9,886
manual_capture_2026-01-07T08:28:52.924Z.jpg,2026-01-07 13:59:04,3,647
manual_capture_2026-01-07T08:28:53.697Z.jpg,2026-01-07 13:59:04,5,699
manual_capture_2026-01-07T08:28:54.343Z.jpg,2026-01-07 13:59:05,5,629
manual_capture_2026-01-07T08:28:55.099Z.jpg,2026-01-07 13:59:06,4,618
manual_capture_2026-01-07T08:28:55.792Z.jpg,2026-01-07 13:59:06,6,606
manual_capture_2026-01-07T08:28:56.424Z.jpg,2026-01-07 13:59:07,6,610
manual_capture_2026-01-07T08:28:57.150Z.jpg,2026-01-07 13:59:07,6,605
manual_capture_2026-01-07T08:28:57.846Z.jpg,2026-01-07 13:59:08,5,606
manual_capture_2026-01-07T08:28:58.368Z.jpg,2026-01-07 13:59:09,6,622
manual_capture_2026-01-07T08:28:59.433Z.jpg,2026-01-07 13:59:09,9,617
manual_capture_2026-01-07T08:29:00.335Z.jpg,2026-01-07 13:59:10,5,607
manual_capture_2026-01-07T08:29:02.057Z.jpg,2026-01-07 13:59:10,7,592
manual_capture_2026-01-07T08:29:02.777Z.jpg,2026-01-07 13:59:14,8,666
manual_capture_2026-01-07T08:29:03.475Z.jpg,2026-01-07 13:59:15,8,600
manual_capture_2026-01-07T08:29:04.162Z.jpg,2026-01-07 13:59:15,8,653
manual_capture_2026-01-07T08:29:05.339Z.jpg,2026-01-07 13:59:16,10,604
manual_capture_2026-01-07T08:29:06.834Z.jpg,2026-01-07 13:59:17,7,632
manual_capture_2026-01-07T08:29:08.053Z.jpg,2026-01-07 13:59:17,8,628
manual_capture_2026-01-07T08:29:09.283Z.jpg,2026-01-07 13:59:18,4,610
manual_capture_2026-01-07T08:29:12.409Z.jpg,2026-01-07 13:59:18,8,631
manual_capture_2026-01-07T08:29:15.453Z.jpg,2026-01-07 13:59:22,6,656
manual_capture_2026-01-07T08:29:16.054Z.jpg,2026-01-07 13:59:23,7,714
manual_capture_2026-01-07T08:29:16.845Z.jpg,2026-01-07 13:59:23,8,622
manual_capture_2026-01-07T08:29:17.601Z.jpg,2026-01-07 13:59:24,6,629
manual_capture_2026-01-07T08:29:18.129Z.jpg,2026-01-07 13:59:25,5,631
manual_capture_2026-01-07T08:29:18.663Z.jpg,2026-01-07 13:59:25,6,614
manual_capture_2026-01-07T08:29:19.343Z.jpg,2026-01-07 13:59:26,5,609
manual_capture_2026-01-07T08:29:19.958Z.jpg,2026-01-07 13:59:27,3,606
manual_capture_2026-01-07T08:29:20.500Z.jpg,2026-01-07 13:59:27,6,613
manual_capture_2026-01-07T08:29:21.124Z.jpg,2026-01-07 13:59:28,5,611
manual_capture_2026-01-07T08:29:22.103Z.jpg,2026-01-07 13:59:31,7,664
manual_capture_2026-01-07T08:29:22.875Z.jpg,2026-01-07 13:59:32,7,621
manual_capture_2026-01-07T08:29:23.902Z.jpg,2026-01-07 13:59:33,6,618
manual_capture_2026-01-07T08:29:24.574Z.jpg,2026-01-07 13:59:33,3,620
manual_capture_2026-01-07T08:29:25.394Z.jpg,2026-01-07 13:59:34,5,612
manual_capture_2026-01-07T08:29:26.623Z.jpg,2026-01-07 13:59:35,5,598
manual_capture_2026-01-07T08:29:27.581Z.jpg,2026-01-07 13:59:35,5,622
manual_capture_2026-01-07T08:29:28.299Z.jpg,2026-01-07 13:59:36,6,608
manual_capture_2026-01-07T08:29:29.084Z.jpg,2026-01-07 13:59:36,6,614
manual_capture_2026-01-07T08:29:30.053Z.jpg,2026-01-07 13:59:37,5,599
manual_capture_2026-01-07T08:29:31.157Z.jpg,2026-01-07 13:59:38,5,708
manual_capture_2026-01-07T08:29:31.818Z.jpg,2026-01-07 13:59:41,3,695
manual_capture_2026-01-07T08:29:32.625Z.jpg,2026-01-07 13:59:42,7,607
manual_capture_2026-01-07T08:29:33.311Z.jpg,2026-01-07 13:59:43,6,601
manual_capture_2026-01-07T08:29:33.842Z.jpg,2026-01-07 13:59:43,7,627
manual_capture_2026-01-07T08:29:34.613Z.jpg,2026-01-07 13:59:44,6,599
manual_capture_2026-01-07T08:29:35.111Z.jpg,2026-01-07 13:59:45,7,609
manual_capture_2026-01-07T08:29:35.669Z.jpg,2026-01-07 13:59:45,4,621
manual_capture_2026-01-07T08:29:36.701Z.jpg,2026-01-07 13:59:46,6,617
manual_capture_2026-01-07T08:29:37.845Z.jpg,2026-01-07 13:59:46,4,614
manual_capture_2026-01-07T08:29:38.817Z.jpg,2026-01-07 13:59:47,5,611
manual_capture_2026-01-07T08:29:39.294Z.jpg,2026-01-07 13:59:48,6,643
manual_capture_2026-01-07T08:29:41.011Z.jpg,2026-01-07 13:59:48,5,621
manual_capture_2026-01-07T08:29:41.326Z.jpg,2026-01-07 13:59:52,6,706
manual_capture_2026-01-07T08:29:42.352Z.jpg,2026-01-07 13:59:53,6,623
manual_capture_2026-01-07T08:29:42.940Z.jpg,2026-01-07 13:59:53,5,616
manual_capture_2026-01-07T08:29:43.484Z.jpg,2026-01-07 13:59:54,6,626
manual_capture_2026-01-07T08:29:44.404Z.jpg,2026-01-07 13:59:55,5,630
manual_capture_2026-01-07T08:29:44.874Z.jpg,2026-01-07 13:59:55,7,617
manual_capture_2026-01-07T08:29:45.863Z.jpg,2026-01-07 13:59:56,9,628
manual_capture_2026-01-07T08:29:45.950Z.jpg,2026-01-07 13:59:56,8,609
manual_capture_2026-01-07T08:29:47.194Z.jpg,2026-01-07 13:59:57,6,732
manual_capture_2026-01-07T08:29:48.044Z.jpg,2026-01-07 13:59:58,4,611
manual_capture_2026-01-07T08:29:48.987Z.jpg,2026-01-07 13:59:58,6,607
manual_capture_2026-01-07T08:29:50.628Z.jpg,2026-01-07 13:59:59,11,615
manual_capture_2026-01-07T08:29:51.639Z.jpg,2026-01-07 14:00:00,8,616
manual_capture_2026-01-07T08:29:52.743Z.jpg,2026-01-07 14:00:03,6,669
manual_capture_2026-01-07T08:29:54.211Z.jpg,2026-01-07 14:00:04,9,628
manual_capture_2026-01-07T08:29:54.392Z.jpg,2026-01-07 14:00:05,5,626
manual_capture_2026-01-07T08:29:55.194Z.jpg,2026-01-07 14:00:05,10,614
manual_capture_2026-01-07T08:29:56.372Z.jpg,2026-01-07 14:00:06,10,698
manual_capture_2026-01-07T08:29:57.002Z.jpg,2026-01-07 14:00:06,6,633
manual_capture_2026-01-07T08:29:57.689Z.jpg,2026-01-07 14:00:07,4,606
manual_capture_2026-01-07T08:29:58.225Z.jpg,2026-01-07 14:00:08,8,619
manual_capture_2026-01-07T08:29:58.957Z.jpg,2026-01-07 14:00:08,10,616
manual_capture_2026-01-07T08:29:59.641Z.jpg,2026-01-07 14:00:09,11,603
manual_capture_2026-01-07T08:30:00.289Z.jpg,2026-01-07 14:00:10,7,624
manual_capture_2026-01-07T08:30:01.051Z.jpg,2026-01-07 14:00:10,9,605
manual_capture_2026-01-07T08:30:01.908Z.jpg,2026-01-07 14:00:11,8,607
manual_capture_2026-01-07T08:30:02.505Z.jpg,2026-01-07 14:00:11,9,611
manual_capture_2026-01-07T08:30:03.302Z.jpg,2026-01-07 14:00:15,4,708
manual_capture_2026-01-07T08:30:04.136Z.jpg,2026-01-07 14:00:16,7,625
manual_capture_2026-01-07T08:30:05.523Z.jpg,2026-01-07 14:00:16,7,622
manual_capture_2026-01-07T08:30:06.335Z.jpg,2026-01-07 14:00:17,4,603
manual_capture_2026-01-07T08:30:07.094Z.jpg,2026-01-07 14:00:18,9,646
manual_capture_2026-01-07T08:30:07.607Z.jpg,2026-01-07 14:00:18,9,627
manual_capture_2026-01-07T08:30:08.111Z.jpg,2026-01-07 14:00:19,9,643
manual_capture_2026-01-07T08:30:08.513Z.jpg,2026-01-07 14:00:20,10,611
manual_capture_2026-01-07T08:30:09.084Z.jpg,2026-01-07 14:00:20,8,601
manual_capture_2026-01-07T08:30:09.664Z.jpg,2026-01-07 14:00:21,9,595
manual_capture_2026-01-07T08:30:10.094Z.jpg,2026-01-07 14:00:21,8,637
manual_capture_2026-01-07T08:30:11.748Z.jpg,2026-01-07 14:00:22,12,607
manual_capture_2026-01-07T08:30:12.592Z.jpg,2026-01-07 14:00:23,11,625
manual_capture_2026-01-07T08:30:13.803Z.jpg,2026-01-07 14:00:23,11,618
manual_capture_2026-01-07T08:30:14.268Z.jpg,2026-01-07 14:00:24,16,618
manual_capture_2026-01-07T08:30:14.929Z.jpg,2026-01-07 14:00:28,9,684
manual_capture_2026-01-07T08:30:16.367Z.jpg,2026-01-07 14:00:28,4,616
manual_capture_2026-01-07T08:30:17.077Z.jpg,2026-01-07 14:00:29,8,620
manual_capture_2026-01-07T08:30:17.799Z.jpg,2026-01-07 14:00:29,6,611
manual_capture_2026-01-07T08:30:18.114Z.jpg,2026-01-07 14:00:30,10,615
manual_capture_2026-01-07T08:30:18.273Z.jpg,2026-01-07 14:00:31,8,609
manual_capture_2026-01-07T08:30:19.004Z.jpg,2026-01-07 14:00:31,8,617
manual_capture_2026-01-07T08:30:19.644Z.jpg,2026-01-07 14:00:32,8,604
manual_capture_2026-01-07T08:30:20.226Z.jpg,2026-01-07 14:00:33,5,713
manual_capture_2026-01-07T08:30:20.775Z.jpg,2026-01-07 14:00:33,7,615
manual_capture_2026-01-07T08:30:21.436Z.jpg,2026-01-07 14:00:34,6,597
manual_capture_2026-01-07T08:30:21.437Z.jpg,2026-01-07 14:00:34,7,637
manual_capture_2026-01-07T08:30:22.415Z.jpg,2026-01-07 14:00:35,4,598
manual_capture_2026-01-07T08:30:23.278Z.jpg,2026-01-07 14:00:36,10,628
manual_capture_2026-01-07T08:30:23.703Z.jpg,2026-01-07 14:00:36,5,612
manual_capture_2026-01-07T08:30:24.023Z.jpg,2026-01-07 14:00:37,8,624
manual_capture_2026-01-07T08:30:24.607Z.jpg,2026-01-07 14:00:38,9,618
manual_capture_2026-01-07T08:30:25.007Z.jpg,2026-01-07 14:00:38,8,614
manual_capture_2026-01-07T08:30:25.176Z.jpg,2026-01-07 14:00:39,10,614
manual_capture_2026-01-07T08:30:26.132Z.jpg,2026-01-07 14:00:39,9,686
manual_capture_2026-01-07T08:30:26.718Z.jpg,2026-01-07 14:00:40,12,595
manual_capture_2026-01-07T08:30:26.854Z.jpg,2026-01-07 14:00:41,8,624
manual_capture_2026-01-07T08:30:27.557Z.jpg,2026-01-07 14:00:44,7,671
manual_capture_2026-01-07T08:30:28.148Z.jpg,2026-01-07 14:00:45,6,616
manual_capture_2026-01-07T08:30:28.225Z.jpg,2026-01-07 14:00:46,8,608
manual_capture_2026-01-07T08:30:29.058Z.jpg,2026-01-07 14:00:46,8,606
manual_capture_2026-01-07T08:30:29.330Z.jpg,2026-01-07 14:00:47,5,608
manual_capture_2026-01-07T08:30:29.481Z.jpg,2026-01-07 14:00:47,6,638
manual_capture_2026-01-07T08:30:29.944Z.jpg,2026-01-07 14:00:48,5,624
manual_capture_2026-01-07T08:30:30.352Z.jpg,2026-01-07 14:00:49,5,609
manual_capture_2026-01-07T08:30:31.784Z.jpg,2026-01-07 14:00:49,9,619
manual_capture_2026-01-07T08:30:32.396Z.jpg,2026-01-07 14:00:50,6,615
manual_capture_2026-01-07T08:30:32.715Z.jpg,2026-01-07 14:00:51,5,614
manual_capture_2026-01-07T08:30:33.415Z.jpg,2026-01-07 14:00:51,4,611
manual_capture_2026-01-07T08:30:33.780Z.jpg,2026-01-07 14:00:52,7,606
manual_capture_2026-01-07T08:30:34.069Z.jpg,2026-01-07 14:00:52,8,621
manual_capture_2026-01-07T08:30:34.652Z.jpg,2026-01-07 14:00:53,4,644
manual_capture_2026-01-07T08:30:34.773Z.jpg,2026-01-07 14:00:54,5,627
manual_capture_2026-01-07T08:30:35.361Z.jpg,2026-01-07 14:00:54,6,657
manual_capture_2026-01-07T08:30:36.333Z.jpg,2026-01-07 14:00:55,7,678
manual_capture_2026-01-07T08:30:37.428Z.jpg,2026-01-07 14:00:56,6,625
manual_capture_2026-01-07T08:30:37.928Z.jpg,2026-01-07 14:00:56,4,625
manual_capture_2026-01-07T08:30:38.131Z.jpg,2026-01-07 14:00:57,6,622
manual_capture_2026-01-07T08:30:39.000Z.jpg,2026-01-07 14:00:58,7,621
manual_capture_2026-01-07T08:30:39.063Z.jpg,2026-01-07 14:00:58,5,624
manual_capture_2026-01-07T08:30:40.840Z.jpg,2026-01-07 14:00:59,8,607
manual_capture_2026-01-07T08:30:41.939Z.jpg,2026-01-07 14:00:59,7,700
manual_capture_2026-01-07T08:30:42.559Z.jpg,2026-01-07 14:01:00,6,625
manual_capture_2026-01-07T08:30:43.278Z.jpg,2026-01-07 14:01:01,7,622
manual_capture_2026-01-07T08:30:43.823Z.jpg,2026-01-07 14:01:01,7,638
manual_capture_2026-01-07T08:30:44.557Z.jpg,2026-01-07 14:01:05,9,791
manual_capture_2026-01-07T08:30:45.046Z.jpg,2026-01-07 14:01:06,10,641
manual_capture_2026-01-07T08:30:45.622Z.jpg,2026-01-07 14:01:06,9,641
manual_capture_2026-01-07T08:30:45.797Z.jpg,2026-01-07 14:01:07,10,680
manual_capture_2026-01-07T08:30:46.936Z.jpg,2026-01-07 14:01:08,10,693
manual_capture_2026-01-07T08:30:47.482Z.jpg,2026-01-07 14:01:08,10,614
manual_capture_2026-01-07T08:30:48.116Z.jpg,2026-01-07 14:01:09,8,619
manual_capture_2026-01-07T08:30:48.499Z.jpg,2026-01-07 14:01:10,7,625
manual_capture_2026-01-07T08:30:49.281Z.jpg,2026-01-07 14:01:10,7,608
manual_capture_2026-01-07T08:30:49.376Z.jpg,2026-01-07 14:01:11,8,619
manual_capture_2026-01-07T08:30:50.254Z.jpg,2026-01-07 14:01:12,6,609
manual_capture_2026-01-07T08:30:50.618Z.jpg,2026-01-07 14:01:12,5,632
manual_capture_2026-01-07T08:30:50.796Z.jpg,2026-01-07 14:01:13,7,615
manual_capture_2026-01-07T08:30:51.921Z.jpg,2026-01-07 14:01:13,6,627
manual_capture_2026-01-07T08:30:52.590Z.jpg,2026-01-07 14:01:14,5,783
manual_capture_2026-01-07T08:30:52.708Z.jpg,2026-01-07 14:01:15,6,804
manual_capture_2026-01-07T08:30:53.364Z.jpg,2026-01-07 14:01:16,8,811
manual_capture_2026-01-07T08:30:53.804Z.jpg,2026-01-07 14:01:17,11,768
manual_capture_2026-01-07T08:30:54.339Z.jpg,2026-01-07 14:01:17,9,664
manual_capture_2026-01-07T08:30:54.691Z.jpg,2026-01-07 14:01:18,10,740
manual_capture_2026-01-07T08:30:55.105Z.jpg,2026-01-07 14:01:18,0,0
manual_capture_2026-01-07T08:30:55.554Z.jpg,2026-01-07 14:01:18,0,0
manual_capture_2026-01-07T08:30:55.934Z.jpg,2026-01-07 14:01:18,0,0
manual_capture_2026-01-07T08:30:56.497Z.jpg,2026-01-07 14:01:18,0,0
manual_capture_2026-01-07T08:30:56.684Z.jpg,2026-01-07 14:01:18,0,0
manual_capture_2026-01-07T08:30:57.308Z.jpg,2026-01-07 14:01:18,0,0
manual_capture_2026-01-07T08:30:57.770Z.jpg,2026-01-07 14:01:18,0,0
manual_capture_2026-01-07T08:30:58.080Z.jpg,2026-01-07 14:01:18,0,0
manual_capture_2026-01-07T08:30:58.282Z.jpg,2026-01-07 14:01:18,0,0
manual_capture_2026-01-07T08:30:58.618Z.jpg,2026-01-07 14:01:18,0,0
manual_capture_2026-01-07T08:30:59.546Z.jpg,2026-01-07 14:01:18,0,0
manual_capture_2026-01-07T08:30:59.716Z.jpg,2026-01-07 14:01:18,0,0
manual_capture_2026-01-07T08:31:01.363Z.jpg,2026-01-07 14:01:18,0,0
manual_capture_2026-01-07T08:31:02.017Z.jpg,2026-01-07 14:01:18,0,0
manual_capture_2026-01-07T08:31:02.474Z.jpg,2026-01-07 14:01:18,0,0
manual_capture_2026-01-07T08:31:03.489Z.jpg,2026-01-07 14:01:18,0,0
manual_capture_2026-01-07T08:31:04.298Z.jpg,2026-01-07 14:01:18,0,0
manual_capture_2026-01-07T08:31:09.214Z.jpg,2026-01-07 14:01:22,7,714
manual_capture_2026-01-07T08:31:09.270Z.jpg,2026-01-07 14:01:22,9,609
manual_capture_2026-01-07T08:31:10.689Z.jpg,2026-01-07 14:01:23,5,665
manual_capture_2026-01-07T08:31:12.123Z.jpg,2026-01-07 14:01:24,10,599
manual_capture_2026-01-07T08:31:12.813Z.jpg,2026-01-07 14:01:24,7,824
manual_capture_2026-01-07T08:31:14.132Z.jpg,2026-01-07 14:01:25,6,606
manual_capture_2026-01-07T08:31:16.150Z.jpg,2026-01-07 14:01:26,7,621
manual_capture_2026-01-07T08:31:18.295Z.jpg,2026-01-07 14:01:26,12,623
manual_capture_2026-01-07T08:31:20.015Z.jpg,2026-01-07 14:01:27,13,608
manual_capture_2026-01-07T08:31:20.019Z.jpg,2026-01-07 14:01:28,9,622
manual_capture_2026-01-07T08:31:20.229Z.jpg,2026-01-07 14:01:28,6,641
manual_capture_2026-01-07T08:31:21.706Z.jpg,2026-01-07 14:01:32,8,690
manual_capture_2026-01-07T08:31:29.429Z.jpg,2026-01-07 14:01:33,8,609
manual_capture_2026-01-07T08:31:30.893Z.jpg,2026-01-07 14:01:33,4,612
manual_capture_2026-01-07T08:31:35.998Z.jpg,2026-01-07 14:01:37,7,647
manual_capture_2026-01-07T08:31:39.615Z.jpg,2026-01-07 14:01:40,5,674
manual_capture_2026-01-07T08:31:40.112Z.jpg,2026-01-07 14:01:41,6,654
manual_capture_2026-01-07T08:31:40.489Z.jpg,2026-01-07 14:01:45,8,730
manual_capture_2026-01-07T08:31:40.658Z.jpg,2026-01-07 14:01:45,8,640
manual_capture_2026-01-07T08:31:42.036Z.jpg,2026-01-07 14:01:46,5,639
manual_capture_2026-01-07T08:31:43.143Z.jpg,2026-01-07 14:01:47,5,626
manual_capture_2026-01-07T08:31:43.276Z.jpg,2026-01-07 14:01:47,9,641
manual_capture_2026-01-07T08:31:44.687Z.jpg,2026-01-07 14:01:51,7,647
manual_capture_2026-01-07T08:31:47.482Z.jpg,2026-01-07 14:01:52,3,617
manual_capture_2026-01-07T08:31:50.648Z.jpg,2026-01-07 14:01:52,5,641
manual_capture_2026-01-07T08:31:53.097Z.jpg,2026-01-07 14:01:56,5,692
manual_capture_2026-01-07T08:31:53.702Z.jpg,2026-01-07 14:01:57,6,630
manual_capture_2026-01-07T08:31:54.229Z.jpg,2026-01-07 14:01:57,8,610
manual_capture_2026-01-07T08:31:55.627Z.jpg,2026-01-07 14:01:58,8,640
manual_capture_2026-01-07T08:31:55.856Z.jpg,2026-01-07 14:02:02,6,651
manual_capture_2026-01-07T08:31:58.079Z.jpg,2026-01-07 14:02:02,7,596
manual_capture_2026-01-07T08:31:58.446Z.jpg,2026-01-07 14:02:03,6,596
manual_capture_2026-01-07T08:32:01.458Z.jpg,2026-01-07 14:02:06,6,627
manual_capture_2026-01-07T08:32:03.719Z.jpg,2026-01-07 14:02:07,7,601
manual_capture_2026-01-07T08:32:05.387Z.jpg,2026-01-07 14:02:08,3,621
manual_capture_2026-01-07T08:32:05.720Z.jpg,2026-01-07 14:02:08,2,603
manual_capture_2026-01-07T08:32:06.625Z.jpg,2026-01-07 14:02:12,3,655
manual_capture_2026-01-07T08:32:07.283Z.jpg,2026-01-07 14:02:13,2,689
manual_capture_2026-01-07T08:32:07.566Z.jpg,2026-01-07 14:02:13,2,614
manual_capture_2026-01-07T08:32:07.588Z.jpg,2026-01-07 14:02:14,4,608
manual_capture_2026-01-07T08:32:07.731Z.jpg,2026-01-07 14:02:14,3,621
manual_capture_2026-01-07T08:32:08.418Z.jpg,2026-01-07 14:02:15,4,604
manual_capture_2026-01-07T08:32:08.581Z.jpg,2026-01-07 14:02:16,5,616
manual_capture_2026-01-07T08:32:10.115Z.jpg,2026-01-07 14:02:16,1,586
manual_capture_2026-01-07T08:32:12.162Z.jpg,2026-01-07 14:02:20,8,763
manual_capture_2026-01-07T08:32:12.248Z.jpg,2026-01-07 14:02:21,3,616
manual_capture_2026-01-07T08:32:12.842Z.jpg,2026-01-07 14:02:21,3,633
manual_capture_2026-01-07T08:32:12.950Z.jpg,2026-01-07 14:02:22,4,612
manual_capture_2026-01-07T08:32:14.752Z.jpg,2026-01-07 14:02:23,4,618
manual_capture_2026-01-07T08:32:15.148Z.jpg,2026-01-07 14:02:23,5,619
manual_capture_2026-01-07T08:32:15.520Z.jpg,2026-01-07 14:02:24,4,619
manual_capture_2026-01-07T08:32:15.853Z.jpg,2026-01-07 14:02:24,3,616
manual_capture_2026-01-07T08:32:16.203Z.jpg,2026-01-07 14:02:25,7,600
manual_capture_2026-01-07T08:32:16.413Z.jpg,2026-01-07 14:02:26,4,634
manual_capture_2026-01-07T08:32:17.343Z.jpg,2026-01-07 14:02:26,6,626
manual_capture_2026-01-07T08:32:17.854Z.jpg,2026-01-07 14:02:27,4,682
manual_capture_2026-01-07T08:32:17.996Z.jpg,2026-01-07 14:02:28,4,612
manual_capture_2026-01-07T08:32:19.591Z.jpg,2026-01-07 14:02:28,5,603
manual_capture_2026-01-07T08:32:20.457Z.jpg,2026-01-07 14:02:32,5,752
manual_capture_2026-01-07T08:32:20.904Z.jpg,2026-01-07 14:02:33,3,610
manual_capture_2026-01-07T08:32:22.524Z.jpg,2026-01-07 14:02:33,4,632
manual_capture_2026-01-07T08:32:25.590Z.jpg,2026-01-07 14:02:34,3,689
manual_capture_2026-01-07T08:32:26.541Z.jpg,2026-01-07 14:02:34,3,626
manual_capture_2026-01-07T08:32:26.667Z.jpg,2026-01-07 14:02:35,2,669
manual_capture_2026-01-07T08:32:28.358Z.jpg,2026-01-07 14:02:36,6,661
manual_capture_2026-01-07T08:32:29.513Z.jpg,2026-01-07 14:02:36,5,628
manual_capture_2026-01-07T08:32:29.939Z.jpg,2026-01-07 14:02:37,7,640
manual_capture_2026-01-07T08:32:31.379Z.jpg,2026-01-07 14:02:38,9,598
manual_capture_2026-01-07T08:32:33.855Z.jpg,2026-01-07 14:02:41,8,734
manual_capture_2026-01-07T08:32:34.012Z.jpg,2026-01-07 14:02:42,7,615
manual_capture_2026-01-07T08:32:35.339Z.jpg,2026-01-07 14:02:43,4,600
manual_capture_2026-01-07T08:32:36.455Z.jpg,2026-01-07 14:02:43,10,623
manual_capture_2026-01-07T08:32:37.352Z.jpg,2026-01-07 14:02:44,7,622
manual_capture_2026-01-07T08:32:38.725Z.jpg,2026-01-07 14:02:45,11,621
manual_capture_2026-01-07T08:32:39.328Z.jpg,2026-01-07 14:02:45,9,621
manual_capture_2026-01-07T08:32:40.166Z.jpg,2026-01-07 14:02:46,13,627
manual_capture_2026-01-07T08:32:41.189Z.jpg,2026-01-07 14:02:46,9,639
manual_capture_2026-01-07T08:32:42.366Z.jpg,2026-01-07 14:02:50,8,696
manual_capture_2026-01-07T08:32:42.695Z.jpg,2026-01-07 14:02:51,8,640
manual_capture_2026-01-07T08:32:42.936Z.jpg,2026-01-07 14:02:51,5,613
manual_capture_2026-01-07T08:32:43.422Z.jpg,2026-01-07 14:02:52,9,618
manual_capture_2026-01-07T08:32:43.847Z.jpg,2026-01-07 14:02:53,6,610
manual_capture_2026-01-07T08:32:44.642Z.jpg,2026-01-07 14:02:53,8,613
manual_capture_2026-01-07T08:32:44.776Z.jpg,2026-01-07 14:02:54,8,616
manual_capture_2026-01-07T08:32:46.282Z.jpg,2026-01-07 14:02:55,7,723
manual_capture_2026-01-07T08:32:46.903Z.jpg,2026-01-07 14:02:55,6,661
manual_capture_2026-01-07T08:32:47.840Z.jpg,2026-01-07 14:02:56,9,662
manual_capture_2026-01-07T08:32:48.712Z.jpg,2026-01-07 14:02:57,8,650
manual_capture_2026-01-07T08:32:50.620Z.jpg,2026-01-07 14:03:00,9,787
manual_capture_2026-01-07T08:32:54.964Z.jpg,2026-01-07 14:03:01,7,752
manual_capture_2026-01-07T08:32:58.727Z.jpg,2026-01-07 14:03:02,12,642
manual_capture_2026-01-07T08:33:00.911Z.jpg,2026-01-07 14:03:05,7,683
manual_capture_2026-01-07T08:33:01.617Z.jpg,2026-01-07 14:03:06,5,617
manual_capture_2026-01-07T08:33:04.312Z.jpg,2026-01-07 14:03:07,10,626
manual_capture_2026-01-07T08:33:06.393Z.jpg,2026-01-07 14:03:10,9,667
manual_capture_2026-01-07T08:33:10.268Z.jpg,2026-01-07 14:03:14,13,668
manual_capture_2026-01-07T08:33:11.808Z.jpg,2026-01-07 14:03:15,8,622
manual_capture_2026-01-07T08:33:17.979Z.jpg,2026-01-07 14:03:18,9,711
manual_capture_2026-01-07T08:33:25.980Z.jpg,2026-01-07 14:03:28,2,827
manual_capture_2026-01-07T08:33:26.510Z.jpg,2026-01-07 14:03:29,5,606
manual_capture_2026-01-07T08:33:28.401Z.jpg,2026-01-07 14:03:33,4,781
manual_capture_2026-01-07T08:33:29.722Z.jpg,2026-01-07 14:03:33,8,631
manual_capture_2026-01-07T08:33:30.330Z.jpg,2026-01-07 14:03:34,4,687
manual_capture_2026-01-07T08:33:31.027Z.jpg,2026-01-07 14:03:35,11,735
manual_capture_2026-01-07T08:33:33.281Z.jpg,2026-01-07 14:03:38,9,720
manual_capture_2026-01-07T08:33:36.231Z.jpg,2026-01-07 14:03:39,10,662
manual_capture_2026-01-07T08:33:36.584Z.jpg,2026-01-07 14:03:40,9,650
manual_capture_2026-01-07T08:33:38.828Z.jpg,2026-01-07 14:03:44,16,714
manual_capture_2026-01-07T08:33:47.304Z.jpg,2026-01-07 14:03:50,11,778
manual_capture_2026-01-07T08:33:48.956Z.jpg,2026-01-07 14:03:51,12,618
manual_capture_2026-01-07T08:33:50.792Z.jpg,2026-01-07 14:03:55,7,726
manual_capture_2026-01-07T08:33:54.300Z.jpg,2026-01-07 14:03:55,10,626
manual_capture_2026-01-07T08:33:54.764Z.jpg,2026-01-07 14:03:59,10,698
manual_capture_2026-01-07T08:33:55.146Z.jpg,2026-01-07 14:04:00,8,624
manual_capture_2026-01-07T08:33:56.363Z.jpg,2026-01-07 14:04:00,5,617
manual_capture_2026-01-07T08:34:02.191Z.jpg,2026-01-07 14:04:05,10,1282
manual_capture_2026-01-07T08:34:02.671Z.jpg,2026-01-07 14:04:05,7,715
manual_capture_2026-01-07T08:34:05.086Z.jpg,2026-01-07 14:04:09,10,863
manual_capture_2026-01-07T08:34:06.301Z.jpg,2026-01-07 14:04:10,17,725
manual_capture_2026-01-07T08:34:10.234Z.jpg,2026-01-07 14:04:14,12,801
manual_capture_2026-01-07T08:34:12.076Z.jpg,2026-01-07 14:04:14,12,648
manual_capture_2026-01-07T08:34:13.085Z.jpg,2026-01-07 14:04:15,13,634
manual_capture_2026-01-07T08:34:13.483Z.jpg,2026-01-07 14:04:19,9,815
manual_capture_2026-01-07T08:34:14.538Z.jpg,2026-01-07 14:04:19,13,631
manual_capture_2026-01-07T08:34:15.804Z.jpg,2026-01-07 14:04:20,10,694
manual_capture_2026-01-07T08:34:17.398Z.jpg,2026-01-07 14:04:21,6,650
manual_capture_2026-01-07T08:34:17.889Z.jpg,2026-01-07 14:04:21,10,638
manual_capture_2026-01-07T08:34:20.640Z.jpg,2026-01-07 14:04:25,6,807
manual_capture_2026-01-07T08:34:23.353Z.jpg,2026-01-07 14:04:26,10,631
manual_capture_2026-01-07T08:34:28.004Z.jpg,2026-01-07 14:04:30,10,722
manual_capture_2026-01-07T08:34:29.210Z.jpg,2026-01-07 14:04:30,11,660
manual_capture_2026-01-07T08:34:30.911Z.jpg,2026-01-07 14:04:34,11,692
manual_capture_2026-01-07T08:34:32.811Z.jpg,2026-01-07 14:04:35,3,697
manual_capture_2026-01-07T08:34:35.629Z.jpg,2026-01-07 14:04:38,12,721
manual_capture_2026-01-07T08:34:38.536Z.jpg,2026-01-07 14:04:42,11,701
manual_capture_2026-01-07T08:34:39.610Z.jpg,2026-01-07 14:04:43,5,645
manual_capture_2026-01-07T08:34:41.505Z.jpg,2026-01-07 14:04:43,11,640
manual_capture_2026-01-07T08:34:42.360Z.jpg,2026-01-07 14:04:47,12,719
manual_capture_2026-01-07T08:34:43.464Z.jpg,2026-01-07 14:04:48,8,626
manual_capture_2026-01-07T08:34:44.098Z.jpg,2026-01-07 14:04:48,11,640
manual_capture_2026-01-07T08:34:44.640Z.jpg,2026-01-07 14:04:49,14,632
manual_capture_2026-01-07T08:34:45.456Z.jpg,2026-01-07 14:04:50,9,623
manual_capture_2026-01-07T08:34:48.105Z.jpg,2026-01-07 14:04:53,8,668
manual_capture_2026-01-07T08:34:48.921Z.jpg,2026-01-07 14:04:54,6,624
manual_capture_2026-01-07T08:34:50.008Z.jpg,2026-01-07 14:04:55,6,649
manual_capture_2026-01-07T08:34:50.451Z.jpg,2026-01-07 14:04:55,8,647
manual_capture_2026-01-07T08:34:50.935Z.jpg,2026-01-07 14:04:56,7,638
manual_capture_2026-01-07T08:34:51.853Z.jpg,2026-01-07 14:04:57,7,641
manual_capture_2026-01-07T08:34:52.596Z.jpg,2026-01-07 14:04:57,8,664
manual_capture_2026-01-07T08:34:54.639Z.jpg,2026-01-07 14:05:01,11,757
manual_capture_2026-01-07T08:34:56.345Z.jpg,2026-01-07 14:05:02,6,642
manual_capture_2026-01-07T08:34:56.470Z.jpg,2026-01-07 14:05:02,6,626
manual_capture_2026-01-07T08:34:57.463Z.jpg,2026-01-07 14:05:03,6,617
manual_capture_2026-01-07T08:34:58.381Z.jpg,2026-01-07 14:05:04,12,634
manual_capture_2026-01-07T08:34:58.785Z.jpg,2026-01-07 14:05:04,6,616
manual_capture_2026-01-07T08:34:59.550Z.jpg,2026-01-07 14:05:05,8,643
manual_capture_2026-01-07T08:35:00.746Z.jpg,2026-01-07 14:05:08,7,666
manual_capture_2026-01-07T08:35:01.877Z.jpg,2026-01-07 14:05:09,14,661
manual_capture_2026-01-07T08:35:02.946Z.jpg,2026-01-07 14:05:10,11,622
manual_capture_2026-01-07T08:35:03.800Z.jpg,2026-01-07 14:05:10,9,621
manual_capture_2026-01-07T08:35:05.095Z.jpg,2026-01-07 14:05:11,11,626
manual_capture_2026-01-07T08:35:06.207Z.jpg,2026-01-07 14:05:12,7,621
manual_capture_2026-01-07T08:35:08.584Z.jpg,2026-01-07 14:05:15,9,680
manual_capture_2026-01-07T08:35:09.468Z.jpg,2026-01-07 14:05:16,8,615
manual_capture_2026-01-07T08:35:09.929Z.jpg,2026-01-07 14:05:17,7,642
manual_capture_2026-01-07T08:35:10.105Z.jpg,2026-01-07 14:05:17,7,664
manual_capture_2026-01-07T08:35:11.251Z.jpg,2026-01-07 14:05:18,8,621
manual_capture_2026-01-07T08:35:12.123Z.jpg,2026-01-07 14:05:19,8,663
manual_capture_2026-01-07T08:35:12.188Z.jpg,2026-01-07 14:05:19,8,622
manual_capture_2026-01-07T08:35:13.178Z.jpg,2026-01-07 14:05:20,6,641
manual_capture_2026-01-07T08:35:14.571Z.jpg,2026-01-07 14:05:20,7,624
manual_capture_2026-01-07T08:35:15.197Z.jpg,2026-01-07 14:05:24,8,668
manual_capture_2026-01-07T08:35:16.516Z.jpg,2026-01-07 14:05:25,11,615
manual_capture_2026-01-07T08:35:16.738Z.jpg,2026-01-07 14:05:25,8,612
manual_capture_2026-01-07T08:35:17.181Z.jpg,2026-01-07 14:05:26,8,621
manual_capture_2026-01-07T08:35:19.059Z.jpg,2026-01-07 14:05:27,8,625
manual_capture_2026-01-07T08:35:19.520Z.jpg,2026-01-07 14:05:27,8,635
manual_capture_2026-01-07T08:35:20.539Z.jpg,2026-01-07 14:05:28,7,625
manual_capture_2026-01-07T08:35:23.059Z.jpg,2026-01-07 14:05:28,9,649
manual_capture_2026-01-07T08:35:24.087Z.jpg,2026-01-07 14:05:32,7,693
manual_capture_2026-01-07T08:35:24.291Z.jpg,2026-01-07 14:05:33,8,623
manual_capture_2026-01-07T08:35:24.653Z.jpg,2026-01-07 14:05:33,8,628
manual_capture_2026-01-07T08:35:25.053Z.jpg,2026-01-07 14:05:34,5,641
manual_capture_2026-01-07T08:35:26.432Z.jpg,2026-01-07 14:05:35,4,615
manual_capture_2026-01-07T08:35:27.798Z.jpg,2026-01-07 14:05:35,10,614
manual_capture_2026-01-07T08:35:28.184Z.jpg,2026-01-07 14:05:36,7,604
manual_capture_2026-01-07T08:35:29.958Z.jpg,2026-01-07 14:05:37,5,620
manual_capture_2026-01-07T08:35:30.186Z.jpg,2026-01-07 14:05:37,7,623
manual_capture_2026-01-07T08:35:31.790Z.jpg,2026-01-07 14:05:38,9,625
manual_capture_2026-01-07T08:35:32.633Z.jpg,2026-01-07 14:05:41,9,653
manual_capture_2026-01-07T08:35:34.197Z.jpg,2026-01-07 14:05:42,7,632
manual_capture_2026-01-07T08:35:35.747Z.jpg,2026-01-07 14:05:43,10,643
manual_capture_2026-01-07T08:35:37.639Z.jpg,2026-01-07 14:05:43,10,713
manual_capture_2026-01-07T08:35:39.297Z.jpg,2026-01-07 14:05:44,9,757
manual_capture_2026-01-07T08:35:41.263Z.jpg,2026-01-07 14:05:45,15,642
manual_capture_2026-01-07T08:35:42.849Z.jpg,2026-01-07 14:05:49,6,674
manual_capture_2026-01-07T08:35:44.245Z.jpg,2026-01-07 14:05:49,7,581
manual_capture_2026-01-07T08:35:44.951Z.jpg,2026-01-07 14:05:50,11,587
manual_capture_2026-01-07T08:35:49.011Z.jpg,2026-01-07 14:05:53,7,651
manual_capture_2026-01-07T08:35:51.004Z.jpg,2026-01-07 14:05:54,10,603
manual_capture_2026-01-07T08:35:52.774Z.jpg,2026-01-07 14:05:55,9,610
manual_capture_2026-01-07T08:35:53.926Z.jpg,2026-01-07 14:05:58,8,644
manual_capture_2026-01-07T08:35:53.949Z.jpg,2026-01-07 14:05:59,9,592
manual_capture_2026-01-07T08:35:54.688Z.jpg,2026-01-07 14:05:59,8,589
manual_capture_2026-01-07T08:35:55.380Z.jpg,2026-01-07 14:06:00,8,610
manual_capture_2026-01-07T08:35:55.729Z.jpg,2026-01-07 14:06:01,8,606
manual_capture_2026-01-07T08:35:55.964Z.jpg,2026-01-07 14:06:01,8,596
manual_capture_2026-01-07T08:35:57.289Z.jpg,2026-01-07 14:06:02,6,594
manual_capture_2026-01-07T08:35:57.722Z.jpg,2026-01-07 14:06:02,8,609
manual_capture_2026-01-07T08:35:58.019Z.jpg,2026-01-07 14:06:03,8,602
manual_capture_2026-01-07T08:35:59.260Z.jpg,2026-01-07 14:06:07,6,638
manual_capture_2026-01-07T08:36:00.162Z.jpg,2026-01-07 14:06:07,5,601
manual_capture_2026-01-07T08:36:01.114Z.jpg,2026-01-07 14:06:08,8,615
manual_capture_2026-01-07T08:36:01.246Z.jpg,2026-01-07 14:06:09,7,594
manual_capture_2026-01-07T08:36:03.353Z.jpg,2026-01-07 14:06:09,6,603
manual_capture_2026-01-07T08:36:04.371Z.jpg,2026-01-07 14:06:10,8,596
manual_capture_2026-01-07T08:36:05.611Z.jpg,2026-01-07 14:06:10,6,592
manual_capture_2026-01-07T08:36:07.243Z.jpg,2026-01-07 14:06:14,8,668
manual_capture_2026-01-07T08:36:08.451Z.jpg,2026-01-07 14:06:15,5,605
manual_capture_2026-01-07T08:36:09.532Z.jpg,2026-01-07 14:06:15,7,654
manual_capture_2026-01-07T08:36:09.587Z.jpg,2026-01-07 14:06:16,3,611
manual_capture_2026-01-07T08:36:10.024Z.jpg,2026-01-07 14:06:17,6,618
manual_capture_2026-01-07T08:36:11.629Z.jpg,2026-01-07 14:06:17,5,605
manual_capture_2026-01-07T08:36:12.749Z.jpg,2026-01-07 14:06:18,3,602
manual_capture_2026-01-07T08:36:15.013Z.jpg,2026-01-07 14:06:21,5,593
manual_capture_2026-01-07T08:36:17.278Z.jpg,2026-01-07 14:06:22,8,594
manual_capture_2026-01-07T08:36:18.477Z.jpg,2026-01-07 14:06:23,7,594
manual_capture_2026-01-07T08:36:18.838Z.jpg,2026-01-07 14:06:23,11,661
manual_capture_2026-01-07T08:36:20.095Z.jpg,2026-01-07 14:06:24,7,589
manual_capture_2026-01-07T08:36:21.098Z.jpg,2026-01-07 14:06:24,8,594
manual_capture_2026-01-07T08:36:22.181Z.jpg,2026-01-07 14:06:28,8,613
manual_capture_2026-01-07T08:36:23.029Z.jpg,2026-01-07 14:06:29,5,583
manual_capture_2026-01-07T08:36:24.401Z.jpg,2026-01-07 14:06:29,7,610
manual_capture_2026-01-07T08:36:25.148Z.jpg,2026-01-07 14:06:30,6,587
manual_capture_2026-01-07T08:36:26.188Z.jpg,2026-01-07 14:06:30,7,632
manual_capture_2026-01-07T08:36:27.013Z.jpg,2026-01-07 14:06:31,8,563
manual_capture_2026-01-07T08:36:27.746Z.jpg,2026-01-07 14:06:32,9,616
manual_capture_2026-01-07T08:36:28.062Z.jpg,2026-01-07 14:06:35,6,653
manual_capture_2026-01-07T08:36:29.638Z.jpg,2026-01-07 14:06:36,9,594
manual_capture_2026-01-07T08:36:29.901Z.jpg,2026-01-07 14:06:36,5,572
manual_capture_2026-01-07T08:36:31.332Z.jpg,2026-01-07 14:06:37,5,601
manual_capture_2026-01-07T08:36:31.490Z.jpg,2026-01-07 14:06:38,6,608
manual_capture_2026-01-07T08:36:34.207Z.jpg,2026-01-07 14:06:38,7,587
manual_capture_2026-01-07T08:36:35.100Z.jpg,2026-01-07 14:06:39,7,594
manual_capture_2026-01-07T08:36:35.681Z.jpg,2026-01-07 14:06:43,4,651
manual_capture_2026-01-07T08:36:36.737Z.jpg,2026-01-07 14:06:43,5,590
manual_capture_2026-01-07T08:36:37.225Z.jpg,2026-01-07 14:06:44,7,586
manual_capture_2026-01-07T08:36:39.169Z.jpg,2026-01-07 14:06:44,5,617
manual_capture_2026-01-07T08:36:39.332Z.jpg,2026-01-07 14:06:45,6,587
manual_capture_2026-01-07T08:36:41.150Z.jpg,2026-01-07 14:06:46,3,592
manual_capture_2026-01-07T08:36:41.251Z.jpg,2026-01-07 14:06:46,6,600
manual_capture_2026-01-07T08:36:42.339Z.jpg,2026-01-07 14:06:47,5,616
manual_capture_2026-01-07T08:36:43.258Z.jpg,2026-01-07 14:06:50,4,674
manual_capture_2026-01-07T08:36:44.099Z.jpg,2026-01-07 14:06:51,3,593
manual_capture_2026-01-07T08:36:44.560Z.jpg,2026-01-07 14:06:52,9,598
manual_capture_2026-01-07T08:36:45.177Z.jpg,2026-01-07 14:06:52,8,583
manual_capture_2026-01-07T08:36:45.734Z.jpg,2026-01-07 14:06:53,7,623
manual_capture_2026-01-07T08:36:46.952Z.jpg,2026-01-07 14:06:53,9,596
manual_capture_2026-01-07T08:36:48.558Z.jpg,2026-01-07 14:06:54,9,637
manual_capture_2026-01-07T08:36:49.567Z.jpg,2026-01-07 14:06:55,8,967
manual_capture_2026-01-07T08:36:50.243Z.jpg,2026-01-07 14:06:59,8,704
manual_capture_2026-01-07T08:36:50.783Z.jpg,2026-01-07 14:06:59,5,615
manual_capture_2026-01-07T08:36:51.526Z.jpg,2026-01-07 14:07:00,4,635
manual_capture_2026-01-07T08:36:52.071Z.jpg,2026-01-07 14:07:01,5,680
manual_capture_2026-01-07T08:36:54.381Z.jpg,2026-01-07 14:07:01,7,610
manual_capture_2026-01-07T08:36:54.873Z.jpg,2026-01-07 14:07:02,5,682
manual_capture_2026-01-07T08:36:55.303Z.jpg,2026-01-07 14:07:03,8,605
manual_capture_2026-01-07T08:36:56.641Z.jpg,2026-01-07 14:07:04,5,979
manual_capture_2026-01-07T08:36:56.999Z.jpg,2026-01-07 14:07:04,6,647
manual_capture_2026-01-07T08:36:57.643Z.jpg,2026-01-07 14:07:05,6,651
manual_capture_2026-01-07T08:36:58.670Z.jpg,2026-01-07 14:07:09,9,686
manual_capture_2026-01-07T08:36:59.341Z.jpg,2026-01-07 14:07:09,6,667
manual_capture_2026-01-07T08:36:59.870Z.jpg,2026-01-07 14:07:10,10,613
manual_capture_2026-01-07T08:37:00.605Z.jpg,2026-01-07 14:07:11,4,620
manual_capture_2026-01-07T08:37:00.695Z.jpg,2026-01-07 14:07:11,11,617
manual_capture_2026-01-07T08:37:02.805Z.jpg,2026-01-07 14:07:12,6,649
manual_capture_2026-01-07T08:37:04.081Z.jpg,2026-01-07 14:07:12,9,651
manual_capture_2026-01-07T08:37:07.037Z.jpg,2026-01-07 14:07:13,5,629
manual_capture_2026-01-07T08:37:07.830Z.jpg,2026-01-07 14:07:14,6,602
manual_capture_2026-01-07T08:37:07.853Z.jpg,2026-01-07 14:07:14,12,632
manual_capture_2026-01-07T08:37:08.921Z.jpg,2026-01-07 14:07:18,12,675
manual_capture_2026-01-07T08:37:09.447Z.jpg,2026-01-07 14:07:19,12,657
manual_capture_2026-01-07T08:37:10.132Z.jpg,2026-01-07 14:07:19,8,641
manual_capture_2026-01-07T08:37:10.690Z.jpg,2026-01-07 14:07:20,12,631
manual_capture_2026-01-07T08:37:12.470Z.jpg,2026-01-07 14:07:21,11,647
manual_capture_2026-01-07T08:37:14.842Z.jpg,2026-01-07 14:07:21,9,654
manual_capture_2026-01-07T08:37:17.117Z.jpg,2026-01-07 14:07:22,9,622
manual_capture_2026-01-07T08:37:20.000Z.jpg,2026-01-07 14:07:26,9,692
manual_capture_2026-01-07T08:37:21.399Z.jpg,2026-01-07 14:07:26,7,632
manual_capture_2026-01-07T08:37:24.884Z.jpg,2026-01-07 14:07:27,13,607
manual_capture_2026-01-07T08:37:26.351Z.jpg,2026-01-07 14:07:30,12,686
manual_capture_2026-01-07T08:37:26.801Z.jpg,2026-01-07 14:07:31,8,630
manual_capture_2026-01-07T08:37:30.479Z.jpg,2026-01-07 14:07:35,11,737
manual_capture_2026-01-07T08:37:32.633Z.jpg,2026-01-07 14:07:35,8,604
manual_capture_2026-01-07T08:37:36.557Z.jpg,2026-01-07 14:07:39,9,701
